N,P,K,temperature,humidity,ph,rainfall,label
103.3,46.9,41.1,25.28,84.61,6.46,271.58,rice
105.1,45.5,40.9,22.96,84.22,6.54,201.73,rice
88.5,45.2,38.3,23.87,83.49,6.26,269.31,rice
98.5,47.8,37.6,22.86,85.18,6.31,247.51,rice
96.0,46.3,39.0,25.66,84.98,6.32,256.45,rice
91.9,48.4,36.7,21.95,85.33,6.62,243.43,rice
99.2,46.2,37.5,22.66,84.23,6.68,246.87,rice
88.2,48.9,39.4,22.71,86.02,6.67,258.63,rice
94.4,46.2,40.6,24.64,84.2,6.47,217.87,rice
92.0,50.9,42.3,23.42,86.67,6.56,227.1,rice
102.4,53.9,39.9,25.33,80.63,6.64,241.74,rice
98.0,47.9,36.7,23.24,85.6,6.75,229.63,rice
94.6,45.4,41.5,23.88,84.12,6.59,241.94,rice
106.5,44.6,39.5,23.04,82.56,6.55,245.22,rice
100.0,46.5,37.6,23.01,84.43,6.37,236.77,rice
102.7,55.4,40.3,23.8,84.88,6.18,239.47,rice
100.4,57.8,39.7,23.85,84.94,6.31,262.86,rice
105.0,50.8,38.5,25.14,82.66,6.6,283.81,rice
93.4,45.1,40.2,22.91,82.42,6.51,218.75,rice
103.2,43.7,42.6,22.59,84.46,6.64,215.38,rice
101.5,52.9,37.3,23.72,85.43,6.63,215.26,rice
91.2,49.7,40.5,23.79,85.58,6.39,244.65,rice
102.0,44.5,43.1,24.05,83.01,6.61,220.51,rice
105.2,52.3,38.6,24.62,85.69,6.64,277.94,rice
98.4,44.4,38.5,22.55,84.87,6.56,245.53,rice
105.5,47.6,42.4,23.19,89.53,6.6,222.86,rice
92.9,49.5,39.6,24.33,85.79,6.49,223.06,rice
89.9,45.6,41.4,23.75,82.92,6.53,247.71,rice
94.1,48.1,40.1,22.17,85.6,6.59,261.66,rice
107.0,41.8,38.4,24.1,85.86,6.59,300.0,rice
103.8,52.2,41.6,24.26,84.47,6.63,224.54,rice
98.4,45.5,40.1,26.2,81.89,6.61,207.75,rice
96.9,52.0,40.1,22.24,83.81,6.61,225.39,rice
101.4,47.7,38.9,26.0,86.06,6.16,243.73,rice
95.6,51.1,38.7,23.37,85.84,6.64,215.99,rice
97.8,45.5,38.9,25.56,85.67,6.29,258.36,rice
114.1,51.8,37.5,22.94,87.11,6.38,248.88,rice
105.2,43.6,39.9,19.72,83.29,6.46,215.04,rice
110.9,41.5,39.3,23.65,87.4,6.26,263.26,rice
100.1,43.4,40.8,23.73,84.0,6.51,232.29,rice
100.8,50.3,42.6,22.06,88.56,6.17,236.96,rice
103.9,48.7,39.0,23.26,84.18,6.4,256.99,rice
102.4,44.6,41.5,23.86,86.35,6.6,223.42,rice
96.3,50.6,41.0,23.48,85.2,6.71,228.17,rice
103.6,46.7,39.6,24.78,86.38,6.64,266.11,rice
100.1,50.3,39.5,23.88,84.78,6.52,251.9,rice
94.5,56.2,38.3,22.08,86.93,6.63,252.48,rice
104.2,47.4,38.5,23.59,83.87,6.66,237.06,rice
94.5,46.2,40.7,22.84,83.63,6.54,244.9,rice
96.6,45.5,40.4,21.81,82.65,6.38,235.73,rice
102.1,53.6,41.4,23.31,84.97,6.33,239.63,rice
98.1,48.8,38.6,24.11,87.55,6.48,248.03,rice
104.6,45.8,40.4,23.51,85.16,6.37,240.49,rice
103.3,53.5,41.6,26.01,83.72,6.65,243.67,rice
114.6,44.1,38.6,22.8,81.46,6.41,224.82,rice
101.0,48.9,43.1,24.61,84.04,6.35,249.84,rice
91.2,55.1,42.0,22.95,82.14,6.73,237.71,rice
108.3,40.9,39.0,23.51,85.08,6.42,252.46,rice
92.9,46.9,40.2,24.1,86.19,6.31,209.32,rice
108.5,48.9,38.8,25.31,85.19,6.7,241.35,rice
113.7,54.8,39.6,24.63,86.08,6.73,220.7,rice
104.6,51.9,37.1,22.12,81.6,6.46,254.35,rice
110.0,47.8,42.7,21.89,82.16,6.49,247.68,rice
99.8,38.9,39.9,21.98,86.12,6.56,221.2,rice
96.6,43.1,39.9,24.61,83.36,6.58,229.39,rice
94.7,47.1,38.3,22.85,83.0,6.83,240.71,rice
95.3,48.4,39.8,23.24,86.02,6.63,229.39,rice
96.2,46.4,36.2,21.73,87.28,6.77,235.02,rice
103.8,48.8,45.1,24.81,84.79,6.34,207.87,rice
101.4,44.3,37.6,22.75,83.2,6.78,257.63,rice
99.9,53.7,40.1,22.5,87.54,6.59,219.26,rice
98.7,43.9,37.7,24.58,88.18,6.27,251.26,rice
95.7,45.5,39.0,22.49,85.08,6.36,245.41,rice
99.7,46.5,38.5,22.83,86.26,6.58,220.45,rice
100.7,50.6,37.2,24.13,83.9,6.6,224.73,rice
88.0,40.7,40.1,23.8,83.49,6.61,206.77,rice
99.6,42.5,38.9,23.56,83.57,6.44,260.13,rice
96.2,51.0,38.1,24.12,87.4,6.09,224.06,rice
103.8,46.7,40.6,22.8,85.14,6.47,263.36,rice
101.7,48.9,39.3,22.93,84.28,6.57,231.58,rice
101.9,56.1,41.5,23.12,87.0,6.43,199.24,rice
93.3,39.7,39.4,23.52,87.79,6.55,235.62,rice
105.5,38.3,40.4,24.4,82.54,6.69,246.77,rice
97.2,50.1,43.8,23.71,85.41,6.42,223.0,rice
105.5,43.9,40.1,22.94,85.8,6.56,260.75,rice
96.6,46.4,38.4,22.98,85.63,6.63,221.56,rice
105.8,53.1,40.7,25.69,83.71,6.29,204.43,rice
110.0,50.2,39.9,23.83,83.12,6.91,242.58,rice
100.7,50.5,40.8,23.76,83.68,6.58,277.64,rice
109.0,54.1,39.1,22.35,84.79,6.51,261.88,rice
88.7,53.9,39.7,23.0,83.31,6.22,256.46,rice
100.5,42.1,37.8,23.11,87.78,6.46,209.94,rice
98.4,46.4,35.5,23.44,84.62,6.62,276.98,rice
107.5,46.4,38.2,26.5,85.1,6.5,239.52,rice
101.3,46.9,39.0,22.86,84.95,6.41,225.74,rice
100.7,46.4,42.5,20.41,86.82,6.71,198.53,rice
97.7,46.0,37.7,22.59,83.15,6.79,258.71,rice
108.5,50.5,38.1,22.89,85.82,6.3,254.26,rice
98.4,45.9,41.2,24.02,84.4,6.69,218.38,rice
104.1,50.0,39.5,23.88,82.91,6.65,236.3,rice
76.5,51.9,20.7,20.39,59.81,6.4,74.33,maize
91.7,38.8,26.7,22.82,64.68,6.11,88.33,maize
79.7,52.1,22.8,22.73,63.79,6.24,87.57,maize
68.6,41.9,24.4,22.76,64.39,6.25,87.9,maize
76.4,44.3,23.0,21.03,66.36,5.82,93.58,maize
83.2,48.6,25.0,25.0,68.38,5.79,74.34,maize
75.8,47.6,23.8,21.41,65.62,6.06,79.9,maize
70.6,43.7,19.1,21.04,68.51,6.01,106.94,maize
83.3,48.3,20.4,23.55,63.08,6.28,106.33,maize
79.4,52.3,20.7,22.45,70.9,6.09,100.1,maize
84.7,45.2,24.1,23.96,67.07,5.86,78.94,maize
78.3,47.2,24.1,22.77,60.55,6.35,90.09,maize
83.7,52.0,24.6,23.19,64.77,5.83,88.58,maize
81.4,48.6,19.3,20.88,68.51,6.24,90.68,maize
80.2,47.6,24.8,21.73,65.32,6.13,81.38,maize
77.9,48.4,21.3,24.38,62.02,6.2,81.34,maize
89.6,48.3,25.1,20.27,65.89,6.47,85.69,maize
87.1,45.3,26.0,25.95,63.79,6.14,97.11,maize
90.5,45.3,21.4,22.08,60.52,6.02,76.63,maize
74.9,47.4,23.1,24.83,61.67,6.5,83.22,maize
79.7,50.3,19.7,23.07,65.55,6.37,87.41,maize
96.4,44.8,21.2,21.57,63.15,6.09,94.91,maize
89.5,45.1,20.4,23.21,63.16,6.41,86.69,maize
69.9,53.9,27.0,21.58,63.71,6.32,87.79,maize
84.4,55.9,22.1,21.3,60.4,6.07,84.72,maize
92.0,45.3,23.1,22.48,68.96,6.88,80.58,maize
76.7,51.9,24.2,25.27,66.95,6.16,89.92,maize
87.4,50.9,23.8,24.1,68.9,6.6,90.41,maize
78.9,48.1,25.5,21.27,66.23,6.15,85.24,maize
88.5,48.3,22.6,20.46,67.49,6.41,103.03,maize
77.9,48.4,23.1,24.87,64.68,6.32,90.07,maize
81.2,45.6,23.0,24.11,61.58,6.28,79.17,maize
88.0,41.2,21.1,23.07,70.22,6.23,80.37,maize
92.5,41.5,17.0,23.16,63.33,5.99,90.9,maize
81.6,45.1,19.3,23.81,67.17,6.23,100.39,maize
72.9,41.1,20.8,22.43,65.81,6.19,87.93,maize
71.7,53.5,22.3,24.18,66.14,6.36,89.75,maize
83.0,50.2,25.8,22.79,67.36,6.23,97.0,maize
75.5,55.0,22.4,20.35,65.43,6.08,92.01,maize
75.6,45.6,17.8,21.82,56.92,5.85,91.34,maize
85.2,49.3,20.1,22.43,64.99,5.96,97.53,maize
85.8,46.6,22.6,22.81,58.19,6.19,79.32,maize
73.3,46.3,27.0,23.46,63.1,6.39,96.66,maize
86.2,47.7,20.9,23.55,66.31,6.47,90.29,maize
87.0,45.3,25.8,22.8,71.92,6.08,99.47,maize
81.3,44.8,21.3,22.02,66.41,6.38,80.22,maize
79.8,56.4,26.8,23.15,65.13,6.28,90.11,maize
73.2,46.4,18.3,23.1,67.16,6.13,98.12,maize
71.8,41.4,23.1,24.07,70.61,6.14,93.99,maize
79.7,46.8,24.7,23.48,59.75,6.62,96.5,maize
75.8,49.1,23.7,22.89,63.17,6.08,84.79,maize
87.8,49.8,21.6,23.66,55.5,6.54,70.5,maize
77.6,42.8,19.3,24.24,63.44,6.34,84.61,maize
83.2,47.8,19.3,23.99,63.35,5.86,81.43,maize
90.0,51.0,21.6,21.98,63.93,6.77,88.18,maize
82.9,51.8,23.1,22.11,64.35,6.23,84.69,maize
84.9,47.7,24.3,22.38,65.26,5.75,92.64,maize
82.3,51.7,15.3,25.63,64.53,6.53,76.33,maize
84.1,43.1,20.9,25.37,64.36,6.3,92.25,maize
83.3,48.1,23.4,26.11,64.81,6.3,93.76,maize
87.4,52.4,24.1,20.79,70.44,5.96,87.52,maize
75.0,47.2,23.3,22.98,66.41,6.65,88.78,maize
78.4,51.5,25.5,20.66,66.99,6.43,82.52,maize
89.2,46.9,22.8,22.24,65.05,5.98,73.0,maize
90.6,44.0,20.0,19.27,62.87,5.92,98.68,maize
86.7,44.6,28.1,23.97,63.92,5.63,104.09,maize
70.7,40.6,25.1,26.16,69.61,6.39,89.96,maize
85.7,50.7,23.2,22.66,64.79,6.06,82.66,maize
68.7,47.1,20.0,20.84,65.6,6.6,92.65,maize
69.5,43.4,24.9,21.03,64.25,6.39,76.93,maize
80.7,41.9,21.0,22.98,59.69,6.36,84.84,maize
83.7,48.4,25.9,22.69,63.57,6.28,89.53,maize
80.3,47.7,20.7,21.51,60.32,6.69,74.63,maize
75.4,44.5,24.7,22.06,69.16,6.08,87.32,maize
74.4,56.4,19.5,22.96,67.11,6.35,83.46,maize
79.1,47.7,22.1,23.95,72.37,6.11,73.58,maize
79.4,58.2,20.5,24.96,70.59,6.11,89.74,maize
90.9,45.9,22.0,21.63,61.62,6.09,74.8,maize
80.2,44.3,23.1,20.17,66.1,6.46,68.39,maize
82.5,52.6,19.5,25.01,66.4,6.07,84.54,maize
83.7,47.8,23.8,21.12,65.56,5.9,84.07,maize
74.0,44.4,25.6,24.14,67.03,5.98,82.36,maize
88.1,48.1,28.3,23.09,65.64,6.17,86.11,maize
79.0,50.5,24.9,21.32,60.56,5.79,89.23,maize
72.6,38.5,23.5,26.24,64.98,6.46,85.68,maize
79.3,51.3,21.8,22.9,66.07,6.08,93.27,maize
78.8,44.4,23.8,21.15,65.09,6.25,94.05,maize
83.2,47.4,24.5,24.59,66.86,6.25,74.07,maize
72.9,46.2,21.0,22.22,65.19,6.38,84.41,maize
83.2,47.8,17.6,21.09,64.52,5.95,90.0,maize
90.2,52.6,22.0,24.74,65.5,6.17,79.89,maize
78.0,45.9,22.9,22.74,65.01,6.36,94.92,maize
86.3,41.3,16.1,23.9,60.44,6.19,75.25,maize
68.0,49.8,24.4,21.64,56.36,6.11,88.27,maize
70.1,48.3,22.5,23.37,65.4,6.01,94.97,maize
78.9,47.4,20.2,21.84,62.05,6.21,99.26,maize
70.9,40.8,26.2,22.19,62.77,6.51,79.95,maize
92.2,50.3,21.3,25.74,62.98,6.44,87.49,maize
88.7,54.0,22.6,21.37,66.53,6.08,101.78,maize
80.9,46.0,23.0,20.48,61.76,6.55,79.53,maize
41.5,66.8,79.0,21.34,18.0,6.56,71.58,chickpea
50.0,63.9,74.2,22.05,17.56,6.86,86.52,chickpea
42.9,68.1,75.2,20.81,18.53,6.88,79.74,chickpea
48.6,63.8,72.2,19.28,15.03,7.26,72.9,chickpea
44.3,64.1,76.0,21.45,17.86,6.6,76.8,chickpea
45.9,64.2,80.4,21.07,17.73,6.92,82.39,chickpea
45.6,60.7,76.3,19.74,16.47,6.9,82.66,chickpea
45.1,66.0,80.7,20.78,19.6,6.89,70.16,chickpea
47.5,66.3,79.3,21.29,16.86,6.44,76.63,chickpea
42.2,63.1,77.0,22.45,17.39,6.45,79.35,chickpea
49.0,63.0,74.6,20.52,16.22,6.91,77.0,chickpea
46.4,62.0,73.5,21.34,16.63,7.18,75.83,chickpea
45.7,68.1,70.3,18.45,15.47,7.07,75.2,chickpea
53.5,63.1,75.6,22.3,19.01,7.27,82.53,chickpea
48.4,67.0,77.6,19.86,16.18,6.75,76.79,chickpea
43.5,67.3,78.2,20.6,18.48,6.46,76.69,chickpea
42.6,58.8,74.7,20.36,18.51,6.91,73.23,chickpea
51.2,69.1,76.9,20.24,16.04,6.66,82.04,chickpea
51.3,70.1,73.4,19.19,17.14,6.31,78.85,chickpea
44.5,63.4,69.7,21.1,16.47,6.46,65.53,chickpea
44.9,70.9,80.5,19.97,16.4,6.87,73.34,chickpea
46.0,67.6,79.1,20.38,16.8,6.53,74.05,chickpea
44.2,66.2,78.0,19.56,18.49,6.68,77.41,chickpea
42.5,56.9,77.9,21.36,16.72,6.77,79.65,chickpea
39.8,63.2,77.6,19.04,17.29,6.41,79.44,chickpea
44.9,59.6,78.9,19.64,16.19,6.8,82.29,chickpea
41.6,65.2,76.4,21.31,17.18,6.66,74.05,chickpea
45.3,61.4,65.3,21.01,17.9,6.16,73.29,chickpea
47.1,71.9,75.1,19.65,16.82,7.09,74.81,chickpea
42.3,63.4,71.8,20.64,18.62,6.83,76.45,chickpea
44.0,59.8,77.9,20.41,16.82,7.55,78.74,chickpea
42.5,63.6,78.8,20.63,15.56,6.98,74.72,chickpea
51.2,68.6,73.5,21.99,17.07,6.96,79.52,chickpea
42.2,62.9,78.4,20.11,16.6,6.51,79.26,chickpea
51.9,61.4,75.1,22.15,16.92,6.86,73.07,chickpea
46.4,64.4,78.3,21.89,19.59,6.89,78.86,chickpea
45.6,63.8,76.1,20.16,17.17,7.08,73.31,chickpea
48.8,69.4,74.6,18.02,16.39,7.07,77.4,chickpea
41.7,63.3,77.8,21.14,16.76,6.66,75.87,chickpea
41.9,70.4,73.9,21.92,18.52,7.0,75.7,chickpea
46.3,64.9,72.0,20.88,15.82,7.05,75.56,chickpea
45.7,65.9,74.1,21.18,16.53,6.97,71.89,chickpea
45.4,71.5,71.7,19.71,17.51,6.79,78.96,chickpea
46.6,67.1,78.7,20.98,16.76,6.92,85.42,chickpea
44.6,61.8,78.7,20.36,14.83,6.96,75.27,chickpea
44.7,66.1,75.6,21.33,16.56,6.88,76.42,chickpea
47.5,67.1,71.9,21.77,16.46,6.95,79.03,chickpea
51.1,64.3,73.8,20.48,16.7,6.95,70.77,chickpea
41.5,61.4,78.2,22.5,16.9,6.71,77.79,chickpea
48.9,61.9,75.8,21.64,17.5,6.8,81.67,chickpea
36.0,67.3,72.8,18.36,17.51,7.09,76.93,chickpea
48.2,70.4,79.4,22.41,17.74,6.77,70.83,chickpea
44.2,62.2,82.2,20.29,17.12,6.89,77.68,chickpea
50.7,62.9,75.6,19.63,15.68,6.6,77.35,chickpea
43.6,62.7,70.3,20.4,15.5,6.94,77.84,chickpea
40.1,64.0,72.5,20.87,18.34,6.28,77.98,chickpea
44.5,67.2,75.7,19.62,16.68,6.55,81.98,chickpea
45.1,71.3,74.8,19.67,15.49,6.3,70.9,chickpea
45.9,66.7,69.7,21.54,16.52,6.79,84.22,chickpea
48.0,64.1,72.0,17.99,16.28,6.7,73.39,chickpea
44.6,65.3,74.3,19.74,17.17,6.86,72.96,chickpea
49.7,64.7,75.1,21.33,17.23,6.99,78.7,chickpea
43.0,66.2,71.2,20.63,16.97,6.7,76.96,chickpea
38.7,63.2,75.3,20.69,15.97,7.07,73.89,chickpea
48.2,66.4,72.8,22.57,15.81,6.98,81.67,chickpea
42.8,69.6,74.2,20.84,17.26,6.72,80.88,chickpea
47.6,59.2,79.3,18.56,18.03,7.03,72.95,chickpea
43.6,61.3,74.3,20.14,17.78,7.08,83.32,chickpea
43.1,64.3,69.4,19.56,17.96,7.15,72.36,chickpea
43.0,64.9,75.9,19.56,17.42,6.63,77.44,chickpea
46.8,65.0,73.5,20.37,16.91,6.66,76.42,chickpea
50.3,66.9,74.0,21.31,16.67,7.04,79.04,chickpea
44.6,66.5,69.8,19.19,15.81,6.79,84.72,chickpea
52.4,67.1,76.7,18.4,16.46,6.55,74.91,chickpea
44.4,63.4,68.4,21.37,15.93,6.81,86.14,chickpea
41.9,56.6,74.0,21.78,18.96,6.44,79.57,chickpea
43.4,64.6,83.8,18.75,17.25,6.87,82.02,chickpea
45.3,66.0,73.7,20.81,16.66,6.91,75.96,chickpea
46.3,64.9,78.8,20.44,15.23,7.07,73.73,chickpea
42.8,63.0,79.6,18.01,20.14,7.01,78.43,chickpea
44.8,66.0,76.7,21.25,17.56,6.77,76.68,chickpea
44.5,64.4,78.8,21.19,14.06,6.91,78.31,chickpea
44.9,63.7,78.7,21.61,16.23,6.85,73.45,chickpea
40.4,62.9,77.9,21.61,17.51,6.93,79.65,chickpea
42.9,66.4,77.7,21.38,18.19,6.93,78.96,chickpea
48.6,64.9,72.1,20.31,16.26,6.58,76.9,chickpea
42.4,64.0,68.7,20.75,17.0,6.55,80.25,chickpea
48.1,59.6,72.5,19.6,16.06,6.96,76.69,chickpea
44.1,58.3,77.1,19.05,17.06,6.82,83.17,chickpea
40.6,54.9,75.6,22.6,18.24,6.8,75.45,chickpea
47.7,61.8,76.6,21.09,18.06,7.44,79.14,chickpea
43.3,64.9,69.1,19.69,16.59,6.62,78.13,chickpea
42.3,68.7,75.0,20.49,16.67,6.79,80.94,chickpea
42.1,62.8,74.0,18.93,16.18,6.63,81.14,chickpea
45.9,65.6,77.8,20.34,17.39,6.72,78.61,chickpea
43.1,56.9,74.6,22.16,17.93,6.99,82.65,chickpea
45.3,65.7,72.9,20.13,17.62,7.05,76.92,chickpea
43.5,65.0,77.0,18.82,14.7,6.61,72.41,chickpea
43.3,64.5,73.5,22.19,17.33,6.83,80.09,chickpea
41.2,68.5,74.7,21.28,15.93,6.36,80.91,chickpea
26.3,62.0,20.3,21.19,20.11,6.27,91.49,kidneybeans
27.1,63.9,24.0,18.68,21.31,6.01,89.97,kidneybeans
27.5,63.3,21.9,18.01,18.51,5.97,141.19,kidneybeans
27.6,64.9,21.8,19.53,22.14,5.8,121.71,kidneybeans
27.4,67.4,23.6,19.53,22.29,6.1,99.69,kidneybeans
23.1,65.3,26.4,17.64,19.79,6.03,105.76,kidneybeans
25.6,65.8,21.9,21.73,19.63,5.86,103.45,kidneybeans
19.5,64.4,26.7,19.53,21.77,5.79,95.75,kidneybeans
23.7,63.9,25.7,20.34,20.2,6.04,112.47,kidneybeans
28.8,70.3,20.0,18.28,20.03,5.96,112.0,kidneybeans
28.3,64.7,21.7,19.73,20.53,6.35,80.89,kidneybeans
25.6,71.7,22.5,19.21,21.08,5.97,125.59,kidneybeans
17.6,70.1,18.9,19.1,21.0,6.1,81.03,kidneybeans
26.5,71.7,19.1,19.78,20.73,6.07,105.29,kidneybeans
22.9,66.6,27.0,19.21,22.34,5.78,90.65,kidneybeans
26.6,69.9,23.4,19.03,21.5,5.79,114.07,kidneybeans
27.9,63.5,21.3,19.9,20.99,5.99,136.5,kidneybeans
24.2,63.8,20.9,20.62,21.29,5.89,124.82,kidneybeans
29.7,63.0,17.8,21.01,20.7,6.13,75.45,kidneybeans
28.0,61.0,24.3,19.52,20.39,5.93,115.29,kidneybeans
25.4,66.9,27.4,17.15,23.39,6.02,91.52,kidneybeans
20.6,64.4,24.8,19.31,23.26,5.76,104.82,kidneybeans
20.8,66.2,24.7,18.87,18.46,6.03,111.55,kidneybeans
26.3,69.1,19.8,20.52,22.89,5.7,109.79,kidneybeans
23.3,64.7,23.4,18.77,20.71,6.01,88.69,kidneybeans
21.4,67.3,19.6,20.5,22.04,5.71,94.84,kidneybeans
29.0,61.7,21.3,20.19,22.41,5.96,96.04,kidneybeans
29.7,70.8,24.9,19.63,20.56,5.86,112.84,kidneybeans
26.4,69.7,24.1,17.25,22.73,5.83,99.24,kidneybeans
25.8,71.7,30.3,20.41,21.29,6.09,118.31,kidneybeans
23.9,71.0,23.1,20.25,22.28,6.07,117.58,kidneybeans
22.9,63.1,19.7,20.16,22.41,6.08,130.12,kidneybeans
25.0,67.2,19.8,18.92,22.31,6.14,100.59,kidneybeans
24.8,59.9,21.6,20.84,22.17,6.08,105.75,kidneybeans
25.0,62.8,24.2,20.13,22.07,5.91,72.7,kidneybeans
28.7,63.4,20.3,20.54,21.04,6.18,114.26,kidneybeans
27.3,60.4,25.5,19.89,21.07,6.02,78.36,kidneybeans
26.4,61.6,19.1,17.22,22.8,5.9,128.01,kidneybeans
23.2,59.3,19.7,21.35,21.32,5.91,107.4,kidneybeans
26.7,68.7,26.1,18.96,19.95,5.93,108.9,kidneybeans
21.8,61.8,23.4,19.43,21.54,5.87,101.54,kidneybeans
21.9,68.0,25.1,16.73,20.42,5.75,95.25,kidneybeans
24.7,60.2,20.2,17.99,21.74,6.01,94.17,kidneybeans
25.6,63.2,21.8,22.01,23.06,5.78,117.45,kidneybeans
27.7,61.2,24.5,21.81,20.19,5.85,120.26,kidneybeans
25.9,66.8,23.4,20.09,19.95,6.17,122.54,kidneybeans
24.2,64.9,18.7,20.27,22.17,5.99,121.87,kidneybeans
23.9,66.9,20.0,19.46,21.3,6.04,99.46,kidneybeans
24.6,67.8,21.4,17.09,23.54,6.23,85.62,kidneybeans
27.3,63.3,23.2,19.94,21.23,5.87,94.64,kidneybeans
21.9,62.2,22.3,18.43,22.3,6.25,96.3,kidneybeans
25.8,66.7,23.7,19.61,22.37,6.08,86.44,kidneybeans
27.9,68.0,20.6,19.56,22.3,5.97,121.09,kidneybeans
32.9,62.4,19.0,19.96,22.34,5.96,126.8,kidneybeans
20.5,67.3,21.0,22.08,23.82,5.87,96.76,kidneybeans
27.9,63.7,22.4,19.54,19.26,6.0,94.65,kidneybeans
23.4,69.8,19.4,20.72,21.17,5.95,116.86,kidneybeans
26.1,66.9,24.9,19.0,20.79,5.82,92.62,kidneybeans
34.8,69.1,19.1,17.52,22.06,6.09,113.23,kidneybeans
24.2,64.6,23.3,19.63,18.91,5.96,92.23,kidneybeans
25.6,75.0,23.4,19.03,22.58,6.08,111.3,kidneybeans
27.0,71.9,19.7,20.21,20.42,6.09,91.22,kidneybeans
23.6,64.0,24.9,20.88,20.05,6.01,94.36,kidneybeans
20.8,64.3,21.7,23.14,22.01,5.77,96.53,kidneybeans
28.4,72.0,18.5,16.68,23.68,6.06,91.98,kidneybeans
26.8,56.2,22.5,19.99,22.58,5.83,106.29,kidneybeans
21.9,65.9,20.3,18.89,20.34,6.11,117.88,kidneybeans
24.2,65.1,18.9,19.05,21.44,6.44,88.32,kidneybeans
29.9,68.3,23.2,22.14,21.93,6.06,104.2,kidneybeans
29.1,68.7,20.9,17.52,21.26,5.87,104.05,kidneybeans
29.1,63.5,22.4,19.59,22.49,5.63,95.9,kidneybeans
25.7,69.0,21.3,16.69,22.22,5.89,87.16,kidneybeans
22.9,64.4,21.0,16.19,22.55,6.21,114.77,kidneybeans
21.2,64.3,22.5,20.4,22.28,5.88,106.23,kidneybeans
26.5,69.9,24.3,20.68,21.6,6.24,111.15,kidneybeans
22.1,69.7,24.2,18.84,20.94,6.05,111.95,kidneybeans
25.7,66.0,26.7,21.11,21.72,6.16,89.51,kidneybeans
26.3,71.0,22.0,18.23,20.74,5.82,93.23,kidneybeans
23.8,60.3,22.5,20.85,20.44,6.25,112.66,kidneybeans
28.4,62.8,24.6,17.86,22.54,6.03,113.3,kidneybeans
21.1,62.0,24.0,18.08,22.04,5.77,117.72,kidneybeans
20.9,66.8,24.1,18.45,22.18,6.04,96.92,kidneybeans
21.6,58.5,23.4,17.15,21.61,5.96,115.19,kidneybeans
24.0,63.9,24.3,20.0,21.87,6.08,81.97,kidneybeans
27.5,67.0,20.0,19.13,21.45,5.98,110.01,kidneybeans
29.8,68.6,19.2,20.43,23.05,6.06,121.36,kidneybeans
31.7,68.4,23.1,21.07,21.67,6.0,99.73,kidneybeans
30.2,62.3,26.3,20.25,19.87,6.06,73.5,kidneybeans
27.1,68.0,21.0,19.69,23.78,5.92,89.12,kidneybeans
29.9,71.5,22.5,21.02,23.07,5.88,97.72,kidneybeans
29.1,70.6,23.9,18.18,23.82,5.91,99.97,kidneybeans
26.1,70.2,24.6,20.12,22.04,6.01,113.37,kidneybeans
16.6,64.0,23.1,17.77,21.95,5.97,131.33,kidneybeans
30.2,63.4,22.1,19.39,20.97,6.03,93.63,kidneybeans
21.2,67.1,24.1,18.29,22.54,5.89,108.8,kidneybeans
27.7,64.9,23.6,18.73,21.27,5.97,93.8,kidneybeans
24.4,59.8,21.3,19.07,21.2,5.96,104.07,kidneybeans
26.6,67.9,20.9,17.7,20.28,5.92,99.72,kidneybeans
22.4,60.7,21.4,19.77,22.19,5.91,98.81,kidneybeans
21.9,64.9,20.4,20.36,19.42,5.94,109.52,kidneybeans
25.6,74.0,23.4,28.66,52.1,5.81,148.39,pigeonpeas
22.2,68.1,21.1,30.73,49.85,6.68,143.58,pigeonpeas
31.1,67.7,23.7,31.86,54.14,5.77,144.42,pigeonpeas
27.8,64.8,19.0,30.88,59.6,6.56,148.76,pigeonpeas
28.2,63.8,18.2,28.84,59.01,6.18,145.13,pigeonpeas
24.0,71.3,26.6,36.18,51.84,6.32,119.67,pigeonpeas
29.9,61.1,23.0,28.44,50.05,6.04,137.84,pigeonpeas
23.2,63.2,24.6,28.42,53.42,6.55,139.74,pigeonpeas
22.6,64.2,25.4,31.45,50.29,6.37,127.95,pigeonpeas
27.3,66.4,21.7,29.04,48.81,6.38,174.58,pigeonpeas
22.9,66.5,17.3,29.64,52.37,6.02,131.27,pigeonpeas
22.8,66.0,22.0,25.78,43.66,6.1,159.15,pigeonpeas
15.8,63.3,21.2,34.24,50.9,6.35,152.83,pigeonpeas
17.9,67.6,23.0,32.19,68.86,5.73,184.49,pigeonpeas
24.0,66.0,22.4,30.01,50.13,6.33,119.66,pigeonpeas
27.5,63.6,19.7,29.95,57.74,6.12,157.17,pigeonpeas
22.6,67.5,24.2,35.31,51.77,6.42,151.96,pigeonpeas
29.3,62.6,24.4,30.55,52.23,6.27,155.04,pigeonpeas
24.6,65.7,26.4,33.3,56.12,6.14,132.22,pigeonpeas
28.2,67.9,26.2,29.59,51.54,5.84,142.15,pigeonpeas
28.3,63.4,24.1,30.56,53.85,5.96,151.7,pigeonpeas
15.0,64.4,18.4,33.81,55.74,6.37,180.42,pigeonpeas
21.8,70.8,24.8,30.45,57.23,5.97,133.51,pigeonpeas
23.0,63.2,19.9,33.85,51.42,6.34,138.59,pigeonpeas
18.9,65.9,17.7,30.84,46.8,6.75,168.23,pigeonpeas
25.4,69.2,20.4,32.27,53.33,6.32,175.45,pigeonpeas
27.4,66.0,18.4,28.76,51.99,6.27,127.4,pigeonpeas
33.0,70.1,24.0,31.17,51.62,6.01,151.55,pigeonpeas
25.9,60.9,23.3,30.64,44.55,6.03,141.73,pigeonpeas
31.3,66.9,19.2,32.13,46.05,6.52,140.58,pigeonpeas
24.7,69.4,19.3,27.74,50.07,6.51,119.61,pigeonpeas
15.6,63.5,23.9,33.8,50.57,6.15,173.08,pigeonpeas
18.8,63.7,23.0,32.05,50.38,6.26,100.23,pigeonpeas
22.8,66.5,20.0,31.14,54.36,6.16,153.41,pigeonpeas
21.8,64.3,24.0,31.37,50.06,6.31,164.29,pigeonpeas
18.2,68.9,21.7,31.99,57.49,5.91,135.81,pigeonpeas
24.0,62.4,26.8,29.0,50.19,6.3,125.96,pigeonpeas
23.7,66.1,21.7,30.78,50.29,5.87,156.43,pigeonpeas
30.8,65.1,23.1,32.62,47.21,6.68,154.05,pigeonpeas
30.4,62.6,27.0,32.81,54.8,6.31,145.03,pigeonpeas
29.0,65.5,17.6,28.39,51.73,6.33,148.87,pigeonpeas
29.1,58.5,22.9,26.76,55.67,6.23,158.39,pigeonpeas
22.1,69.3,25.1,32.36,51.96,6.39,135.86,pigeonpeas
27.9,70.5,25.2,29.3,54.01,5.93,161.45,pigeonpeas
26.5,58.8,19.6,30.34,51.25,5.95,157.78,pigeonpeas
25.8,64.4,20.6,33.45,59.4,6.13,137.76,pigeonpeas
26.6,63.8,22.2,32.73,44.54,6.58,151.45,pigeonpeas
23.6,64.7,22.4,26.96,58.73,6.26,158.86,pigeonpeas
28.2,61.6,23.7,30.38,56.03,5.72,148.02,pigeonpeas
23.0,66.4,23.7,29.35,49.53,6.22,132.07,pigeonpeas
27.8,63.8,15.2,30.13,48.17,5.84,125.25,pigeonpeas
25.4,69.4,23.3,29.58,54.4,6.14,136.11,pigeonpeas
21.2,59.2,21.5,31.37,52.1,6.15,131.09,pigeonpeas
27.0,60.6,24.4,28.66,49.36,5.88,139.97,pigeonpeas
28.3,66.7,24.9,32.22,47.9,6.17,134.4,pigeonpeas
29.4,61.0,24.7,33.08,60.12,6.15,164.25,pigeonpeas
32.6,62.9,18.7,26.61,55.47,5.78,142.55,pigeonpeas
26.5,65.6,23.6,31.52,57.83,6.01,136.46,pigeonpeas
22.4,67.8,24.8,32.05,57.43,5.96,183.34,pigeonpeas
30.1,67.5,27.0,27.13,50.31,6.07,164.43,pigeonpeas
21.5,67.5,25.9,32.62,53.68,6.0,133.06,pigeonpeas
29.2,67.6,22.4,30.02,44.06,5.98,188.23,pigeonpeas
20.7,65.6,25.0,28.07,53.27,6.48,150.25,pigeonpeas
34.6,59.4,25.1,30.6,55.72,6.36,135.34,pigeonpeas
25.8,58.8,24.0,31.7,55.16,6.51,157.35,pigeonpeas
25.5,62.1,20.7,33.77,58.48,6.19,150.92,pigeonpeas
22.0,68.9,24.2,35.53,48.84,6.16,154.63,pigeonpeas
27.2,64.3,20.3,33.06,55.5,6.02,177.11,pigeonpeas
28.9,65.4,22.7,32.29,48.91,6.26,106.95,pigeonpeas
27.9,59.8,26.3,30.23,51.62,6.09,144.24,pigeonpeas
29.7,56.7,25.7,31.79,47.47,5.98,183.53,pigeonpeas
21.8,61.2,25.3,31.79,48.59,6.3,129.48,pigeonpeas
28.7,68.5,23.8,31.84,59.84,6.25,126.36,pigeonpeas
26.5,72.0,20.0,30.16,54.24,6.24,130.35,pigeonpeas
28.7,72.7,23.0,28.89,46.05,6.31,172.08,pigeonpeas
26.6,65.0,21.0,28.45,55.98,6.48,119.09,pigeonpeas
30.3,66.9,26.0,27.87,46.81,6.21,160.06,pigeonpeas
31.0,67.4,21.9,28.61,57.63,6.01,182.57,pigeonpeas
24.1,70.3,24.2,30.68,50.34,6.16,158.57,pigeonpeas
25.3,63.0,22.1,31.18,43.63,6.36,130.41,pigeonpeas
21.2,59.4,18.0,27.84,49.55,6.74,139.48,pigeonpeas
25.6,66.3,22.8,30.82,47.52,6.61,186.14,pigeonpeas
19.4,61.6,21.8,28.75,54.61,6.07,193.3,pigeonpeas
29.0,65.7,25.1,33.58,50.15,6.05,151.56,pigeonpeas
27.9,65.5,18.6,29.13,52.19,6.23,189.45,pigeonpeas
20.4,66.7,26.2,36.3,50.82,6.37,161.4,pigeonpeas
25.7,64.7,23.6,25.09,55.34,6.28,145.55,pigeonpeas
31.8,62.8,21.5,35.65,49.03,6.11,147.06,pigeonpeas
27.8,65.7,19.3,29.76,49.97,6.23,158.52,pigeonpeas
26.4,59.1,25.2,31.59,58.27,6.36,172.03,pigeonpeas
26.6,69.5,23.8,30.77,61.97,6.47,161.47,pigeonpeas
20.7,60.7,23.2,31.34,49.94,6.29,181.77,pigeonpeas
27.3,61.2,22.2,29.12,50.88,6.15,140.45,pigeonpeas
20.8,64.6,21.1,24.16,61.05,6.52,142.47,pigeonpeas
25.1,61.1,26.7,35.43,53.15,6.51,153.51,pigeonpeas
20.5,63.6,22.8,29.94,51.59,6.23,148.38,pigeonpeas
25.2,61.5,20.7,28.0,56.57,5.72,173.07,pigeonpeas
29.6,64.0,16.0,30.16,52.23,6.0,139.7,pigeonpeas
30.1,67.2,20.2,27.27,51.14,6.2,159.92,pigeonpeas
23.2,66.7,27.3,32.9,52.3,6.2,142.87,pigeonpeas
28.9,44.9,22.6,28.07,50.41,5.26,54.92,mothbeans
24.8,49.6,21.2,29.63,48.85,8.6,39.39,mothbeans
26.4,49.5,20.5,28.57,57.83,4.35,56.27,mothbeans
16.7,43.5,26.6,27.22,47.61,6.54,68.01,mothbeans
18.9,43.1,26.2,30.48,52.07,5.41,68.22,mothbeans
30.3,50.3,20.5,27.93,51.83,7.11,63.38,mothbeans
27.9,43.0,25.9,28.42,55.36,8.34,44.16,mothbeans
24.9,45.3,18.6,28.46,62.96,4.76,52.26,mothbeans
27.1,48.0,22.2,26.27,53.47,5.93,36.08,mothbeans
29.0,51.5,22.6,28.31,56.98,6.99,59.28,mothbeans
24.0,53.0,23.3,28.26,47.21,7.06,46.26,mothbeans
22.9,44.1,19.8,30.83,58.05,8.83,43.33,mothbeans
25.2,42.1,20.8,26.78,57.66,6.32,60.51,mothbeans
27.0,57.1,18.8,29.68,57.28,5.7,60.05,mothbeans
26.1,46.6,20.4,27.04,61.04,6.75,58.37,mothbeans
22.4,44.3,25.2,26.2,50.77,6.79,53.34,mothbeans
24.4,49.1,24.2,28.98,48.39,6.44,61.46,mothbeans
28.0,41.8,23.4,25.36,52.7,8.81,45.39,mothbeans
22.2,50.7,18.6,27.16,54.99,6.06,50.73,mothbeans
27.5,49.3,23.2,27.55,54.04,6.62,55.93,mothbeans
23.3,46.7,20.0,27.95,49.12,5.54,54.44,mothbeans
25.7,50.8,21.4,28.54,54.79,7.23,46.31,mothbeans
25.5,49.0,22.5,25.22,53.17,9.15,49.8,mothbeans
22.6,49.1,23.3,29.59,47.26,7.54,56.93,mothbeans
24.5,48.9,25.1,29.16,47.74,7.64,52.01,mothbeans
25.2,47.8,22.1,29.59,52.15,5.54,49.55,mothbeans
25.6,52.6,24.0,26.87,62.85,7.04,62.07,mothbeans
24.5,49.7,24.6,29.62,56.91,7.69,50.14,mothbeans
23.1,48.9,24.8,27.7,56.94,8.32,45.63,mothbeans
22.2,46.9,23.3,27.3,58.13,7.21,52.8,mothbeans
20.2,42.0,23.2,25.16,56.72,6.58,76.82,mothbeans
32.7,46.7,22.2,29.33,59.6,4.98,39.1,mothbeans
22.9,49.9,23.7,29.43,47.5,4.24,58.94,mothbeans
22.2,39.1,22.9,29.06,51.99,6.25,51.3,mothbeans
23.8,41.9,20.7,28.7,53.84,6.93,45.04,mothbeans
24.4,38.4,22.9,29.91,46.36,6.12,54.97,mothbeans
29.2,45.6,20.8,25.37,52.93,8.96,54.58,mothbeans
24.9,48.8,22.5,26.92,55.93,6.99,52.63,mothbeans
21.7,52.9,24.2,27.26,56.67,6.21,46.63,mothbeans
22.5,40.1,23.7,25.56,47.38,4.5,51.85,mothbeans
24.5,46.1,19.9,26.44,54.43,6.15,54.87,mothbeans
22.0,48.3,25.8,28.78,50.78,7.03,50.7,mothbeans
25.0,46.1,22.1,28.28,48.36,5.65,42.09,mothbeans
19.7,42.4,22.9,26.81,54.64,6.79,37.74,mothbeans
27.2,50.9,20.0,28.56,48.93,6.86,43.02,mothbeans
19.0,45.9,22.2,27.47,47.57,6.32,54.52,mothbeans
24.9,48.3,20.8,29.56,47.6,7.28,61.36,mothbeans
26.6,46.7,21.2,29.38,46.57,5.7,49.52,mothbeans
29.1,49.1,20.1,27.59,49.94,5.98,59.84,mothbeans
20.4,54.2,24.6,29.45,50.57,6.59,41.75,mothbeans
23.3,49.6,25.7,26.52,50.98,6.59,42.03,mothbeans
27.0,44.5,22.0,27.4,49.21,6.74,50.88,mothbeans
23.8,44.5,23.3,30.2,53.08,7.83,42.07,mothbeans
25.5,42.9,18.8,27.01,57.47,7.78,54.32,mothbeans
19.9,46.7,23.3,28.23,44.82,5.79,52.02,mothbeans
26.8,38.3,22.1,28.19,56.04,7.5,56.87,mothbeans
22.3,39.5,21.5,29.34,58.31,7.52,55.72,mothbeans
26.3,45.2,22.2,30.23,48.57,8.5,50.08,mothbeans
29.4,41.6,24.0,27.02,46.6,6.99,60.07,mothbeans
22.2,41.3,22.3,27.88,54.78,7.78,52.05,mothbeans
31.2,48.4,21.6,25.85,51.41,6.39,59.7,mothbeans
26.5,42.6,22.9,28.9,58.87,7.71,58.21,mothbeans
25.2,49.1,25.6,26.22,51.04,5.91,55.34,mothbeans
29.1,45.0,16.5,27.45,56.31,7.33,55.71,mothbeans
24.1,42.2,23.8,26.89,61.6,7.37,48.15,mothbeans
23.0,47.1,21.9,29.49,53.28,5.96,66.68,mothbeans
25.2,50.7,21.0,28.48,53.8,4.7,67.61,mothbeans
29.3,45.8,19.7,28.46,52.86,7.14,53.94,mothbeans
26.7,53.5,23.9,26.6,58.18,8.53,76.14,mothbeans
21.3,48.5,17.3,28.74,50.22,8.83,46.69,mothbeans
19.4,45.5,17.6,29.0,43.9,6.78,36.92,mothbeans
23.9,54.3,23.4,26.85,52.37,6.77,56.04,mothbeans
20.4,50.0,15.7,27.16,50.47,7.44,52.67,mothbeans
20.3,43.4,23.0,27.89,50.09,6.23,57.72,mothbeans
23.3,47.1,27.9,26.1,44.78,7.6,47.41,mothbeans
23.9,44.2,21.9,30.13,55.84,7.68,41.88,mothbeans
21.2,35.7,20.5,29.28,54.65,6.51,52.33,mothbeans
22.7,48.4,24.4,25.85,53.75,7.76,49.39,mothbeans
27.3,59.2,22.2,28.52,49.42,6.95,55.95,mothbeans
25.6,43.3,23.0,29.95,54.37,7.79,50.72,mothbeans
27.5,48.7,20.1,28.42,48.37,6.06,53.92,mothbeans
26.0,42.5,25.1,28.76,49.56,5.08,51.41,mothbeans
23.5,48.0,21.6,25.32,50.88,6.42,57.25,mothbeans
22.7,54.5,17.7,29.75,51.57,7.68,53.1,mothbeans
28.8,45.9,19.8,29.89,52.03,6.99,61.76,mothbeans
21.6,50.0,21.0,27.82,52.8,5.12,46.66,mothbeans
29.5,51.2,22.3,28.32,51.27,8.22,51.0,mothbeans
25.8,52.3,20.6,30.08,46.12,8.52,49.7,mothbeans
24.2,39.6,21.4,26.61,49.97,6.6,59.68,mothbeans
25.7,48.8,19.8,26.83,59.99,5.95,64.92,mothbeans
24.2,47.5,25.2,29.7,52.04,6.33,52.08,mothbeans
26.1,51.2,22.5,28.83,59.33,7.16,54.84,mothbeans
19.9,36.5,23.5,27.87,50.36,7.01,52.05,mothbeans
28.8,47.9,20.6,29.32,51.6,7.32,48.92,mothbeans
22.8,47.9,22.5,28.64,51.38,4.76,49.25,mothbeans
27.6,46.3,21.9,29.32,49.53,5.08,51.3,mothbeans
23.4,43.5,22.1,28.66,52.46,7.08,66.1,mothbeans
23.9,48.7,21.2,26.87,50.06,6.23,55.2,mothbeans
32.8,44.5,21.5,27.92,54.15,7.04,62.13,mothbeans
16.9,37.6,21.3,29.46,45.98,3.5,56.78,mothbeans
25.8,43.0,20.0,28.02,85.18,6.6,49.56,mungbean
15.5,43.9,19.7,28.37,84.1,6.83,39.75,mungbean
25.2,49.8,27.1,28.26,85.54,6.4,37.53,mungbean
27.8,47.5,25.4,27.81,85.87,7.01,49.25,mungbean
25.9,47.5,18.6,29.18,83.98,6.78,40.99,mungbean
21.1,53.5,21.6,29.23,84.87,6.39,51.22,mungbean
23.0,50.4,22.6,27.73,85.27,7.07,49.55,mungbean
24.8,52.0,23.0,28.6,83.18,6.74,51.81,mungbean
22.2,53.4,22.3,28.06,86.66,6.65,50.66,mungbean
24.0,47.3,23.7,28.65,81.67,6.51,51.37,mungbean
24.6,45.3,19.1,27.96,81.63,6.68,45.01,mungbean
21.8,47.2,23.4,29.55,82.48,6.89,51.55,mungbean
22.4,48.3,21.4,28.59,87.52,6.8,49.62,mungbean
23.6,41.3,22.0,29.1,82.45,6.52,48.03,mungbean
21.7,44.2,21.4,27.82,83.38,6.82,42.05,mungbean
19.7,44.9,24.3,28.4,84.23,6.71,40.23,mungbean
26.6,49.1,21.5,29.0,83.12,6.89,48.14,mungbean
23.9,47.4,22.2,29.11,83.21,6.57,51.82,mungbean
23.0,51.3,26.7,28.3,86.14,6.51,50.64,mungbean
25.7,49.5,20.9,27.67,85.84,6.36,46.18,mungbean
28.1,48.3,27.4,29.01,83.91,6.7,47.3,mungbean
19.7,43.6,21.1,27.48,85.08,6.66,40.53,mungbean
26.3,50.5,23.1,28.34,85.99,6.81,48.78,mungbean
22.3,48.7,25.5,28.2,88.5,6.61,47.64,mungbean
22.8,48.4,18.1,28.23,83.18,6.72,51.64,mungbean
27.2,37.6,27.6,28.65,83.71,6.73,48.23,mungbean
22.8,48.3,21.0,28.3,83.86,6.46,48.11,mungbean
27.0,49.6,24.5,28.66,84.11,6.84,41.84,mungbean
22.0,43.5,25.2,28.97,85.81,6.88,43.84,mungbean
26.2,47.0,24.6,28.44,84.36,6.79,51.15,mungbean
22.8,47.2,19.9,27.25,85.33,6.8,48.59,mungbean
18.5,46.0,17.0,29.18,83.19,6.91,51.44,mungbean
22.0,42.8,23.4,28.08,85.17,6.62,40.08,mungbean
17.6,48.4,21.1,28.22,86.16,6.9,46.36,mungbean
23.9,49.6,19.1,28.61,85.92,6.81,39.43,mungbean
22.5,43.8,22.7,28.74,87.49,6.62,45.43,mungbean
28.8,48.7,25.7,28.64,83.07,6.48,41.04,mungbean
27.2,52.5,27.1,28.92,86.94,6.6,42.68,mungbean
27.8,49.2,22.8,28.69,85.54,6.91,52.9,mungbean
26.8,51.0,23.8,28.27,86.26,6.47,51.89,mungbean
21.0,48.7,20.4,28.78,84.94,6.43,49.25,mungbean
23.1,51.2,22.5,28.7,83.4,6.6,45.59,mungbean
27.9,54.5,20.5,29.04,81.38,6.5,43.51,mungbean
20.5,40.9,23.5,28.39,85.63,6.82,48.61,mungbean
27.2,47.2,19.5,29.03,84.02,6.54,46.76,mungbean
22.0,45.8,23.4,28.67,83.5,6.62,51.98,mungbean
26.7,56.1,25.5,29.07,82.69,6.83,47.28,mungbean
23.2,48.2,24.9,28.75,83.54,6.82,44.84,mungbean
25.7,46.2,22.0,28.88,83.27,7.02,39.91,mungbean
23.0,49.0,24.0,28.45,84.9,6.77,46.54,mungbean
29.6,51.0,24.7,28.02,84.87,6.65,43.31,mungbean
26.2,45.3,24.1,27.96,87.87,6.55,48.41,mungbean
27.6,45.1,24.6,27.89,87.42,6.7,45.01,mungbean
24.0,50.9,21.0,28.13,84.63,6.5,55.09,mungbean
23.1,51.0,23.0,28.01,84.99,6.83,46.72,mungbean
29.0,51.8,24.8,28.27,83.2,6.6,48.32,mungbean
26.8,38.5,22.5,28.58,84.54,6.92,49.26,mungbean
29.4,46.6,24.8,29.32,87.19,6.52,46.44,mungbean
23.8,49.5,24.2,28.08,85.11,6.36,53.51,mungbean
23.3,47.7,21.7,29.07,80.27,6.7,47.06,mungbean
23.5,54.7,20.3,28.89,85.59,6.91,44.72,mungbean
22.6,52.1,23.6,27.73,84.1,6.76,50.99,mungbean
22.7,35.4,23.8,27.89,81.64,6.23,50.89,mungbean
25.4,46.6,26.0,28.82,87.69,6.47,47.36,mungbean
19.6,46.5,21.9,28.81,85.08,6.8,50.43,mungbean
32.2,46.2,20.1,28.62,83.66,6.95,46.32,mungbean
23.1,45.5,24.3,28.42,83.93,6.98,43.93,mungbean
25.1,50.2,18.4,28.74,83.24,6.84,43.49,mungbean
27.3,52.1,24.7,28.63,84.61,6.6,53.63,mungbean
22.7,43.2,24.2,28.1,83.42,6.46,45.49,mungbean
24.7,48.5,24.9,28.76,84.68,6.67,49.63,mungbean
29.2,48.0,21.3,28.0,82.59,6.81,49.91,mungbean
26.9,47.0,26.0,28.26,86.59,6.69,44.97,mungbean
27.0,49.2,23.4,28.54,84.94,7.1,52.43,mungbean
27.4,48.0,25.0,28.76,85.04,6.65,47.16,mungbean
14.4,48.4,21.3,29.3,85.03,6.5,47.29,mungbean
21.5,49.5,23.2,28.98,83.68,6.71,41.81,mungbean
27.3,49.7,23.7,28.5,85.69,6.97,46.31,mungbean
25.5,43.0,20.3,28.55,86.84,6.66,46.52,mungbean
23.6,45.3,23.2,27.75,87.13,6.59,50.51,mungbean
20.8,50.3,24.2,28.69,83.34,6.74,42.57,mungbean
24.2,51.8,24.5,28.51,83.38,6.81,47.58,mungbean
17.3,50.8,22.4,29.1,83.17,6.17,48.66,mungbean
26.0,40.5,20.1,29.88,84.49,6.82,44.79,mungbean
18.0,46.8,21.8,28.3,84.81,6.74,46.87,mungbean
20.8,49.5,17.6,27.47,86.23,6.78,47.26,mungbean
20.3,44.6,21.8,27.7,83.77,6.81,53.45,mungbean
23.6,50.7,17.7,28.83,83.66,6.75,46.47,mungbean
29.4,43.9,24.1,28.36,84.74,6.67,43.98,mungbean
25.0,47.2,23.1,28.54,86.33,6.85,43.12,mungbean
27.9,42.6,24.0,28.81,81.81,6.72,45.55,mungbean
22.5,53.1,20.9,28.1,85.13,6.81,46.91,mungbean
28.9,49.7,17.1,28.24,84.06,6.78,36.56,mungbean
33.5,49.7,22.9,29.09,88.91,6.85,51.45,mungbean
25.4,46.9,21.3,28.09,83.85,6.47,47.18,mungbean
19.4,48.3,22.4,28.57,84.13,7.21,53.17,mungbean
20.9,48.5,21.0,27.99,82.77,6.77,44.66,mungbean
28.2,51.6,25.9,28.07,85.79,6.81,45.52,mungbean
22.4,54.2,23.1,28.82,83.63,6.5,45.13,mungbean
24.6,43.1,22.5,27.66,83.13,6.81,50.02,mungbean
43.7,61.6,19.9,29.38,69.11,7.15,66.26,blackgram
41.2,65.9,20.4,29.14,70.81,7.14,67.89,blackgram
40.8,65.7,25.2,29.37,70.88,7.22,71.66,blackgram
46.0,67.0,26.0,30.75,66.25,6.93,68.1,blackgram
40.7,64.5,25.2,26.35,71.34,7.19,66.35,blackgram
46.8,65.0,25.6,31.64,64.0,7.1,66.99,blackgram
45.3,62.6,26.9,31.73,65.65,6.78,66.54,blackgram
46.4,65.8,25.6,31.32,69.92,7.05,64.03,blackgram
44.3,68.5,22.4,30.84,66.7,6.83,67.19,blackgram
46.0,62.8,21.9,28.43,70.3,6.95,71.13,blackgram
50.1,64.7,20.0,26.52,63.82,6.77,70.95,blackgram
45.4,66.3,16.9,28.0,69.72,7.05,67.13,blackgram
46.9,70.5,21.9,30.12,67.98,7.4,62.25,blackgram
47.3,64.6,23.9,28.9,67.38,7.12,75.28,blackgram
47.7,62.2,21.4,29.24,63.01,6.94,69.33,blackgram
40.8,68.5,23.7,28.78,67.15,7.27,69.33,blackgram
45.0,64.2,22.7,29.15,62.24,7.34,67.89,blackgram
46.3,64.8,20.7,29.69,63.5,7.38,64.41,blackgram
41.6,63.5,25.7,30.02,64.41,7.21,69.33,blackgram
46.8,67.4,28.5,33.64,65.78,7.27,68.46,blackgram
46.7,59.4,22.1,28.65,69.57,7.18,62.31,blackgram
44.9,68.7,22.0,31.22,68.38,7.06,66.82,blackgram
40.9,61.3,24.3,30.03,67.15,6.93,66.74,blackgram
48.5,63.9,19.1,31.24,66.99,7.01,71.52,blackgram
44.9,66.0,19.6,29.63,69.02,6.74,68.0,blackgram
45.3,65.1,25.1,30.56,71.2,6.83,67.84,blackgram
45.3,61.4,24.9,33.87,67.46,7.08,67.71,blackgram
42.6,58.9,20.7,27.68,71.76,6.98,66.64,blackgram
48.0,61.3,20.6,30.11,70.07,7.08,68.12,blackgram
45.3,66.3,23.0,28.28,67.62,6.82,67.7,blackgram
43.4,73.5,22.4,27.66,67.16,7.09,71.68,blackgram
43.0,59.7,24.5,27.7,66.41,6.96,67.33,blackgram
47.3,62.7,21.8,29.98,67.87,7.02,68.59,blackgram
47.8,66.3,23.6,27.36,67.63,7.08,69.32,blackgram
42.7,62.8,21.1,30.89,70.08,6.93,69.77,blackgram
45.4,64.6,22.0,31.24,68.31,7.38,65.37,blackgram
46.7,63.2,20.3,29.98,67.84,7.49,67.04,blackgram
41.2,65.9,17.3,29.85,67.54,7.13,69.93,blackgram
43.3,64.5,20.6,28.12,68.27,6.79,66.46,blackgram
41.7,66.8,27.0,27.83,62.87,6.98,67.54,blackgram
45.7,63.5,22.0,30.61,70.1,6.67,66.58,blackgram
45.7,61.9,26.8,28.94,67.4,7.09,66.02,blackgram
38.8,63.6,25.1,29.44,65.38,7.15,66.67,blackgram
43.3,65.5,24.4,33.97,69.57,7.19,66.24,blackgram
41.6,65.2,22.8,28.2,67.06,7.07,68.4,blackgram
46.7,66.0,21.2,29.14,64.5,7.3,67.53,blackgram
44.3,61.9,29.8,28.21,66.43,7.07,69.0,blackgram
48.2,71.0,23.8,28.24,66.86,7.05,72.67,blackgram
40.3,69.0,22.9,31.4,67.25,6.86,69.38,blackgram
47.2,68.2,22.5,29.0,63.6,7.14,68.56,blackgram
41.8,63.2,21.3,27.53,65.46,6.81,66.47,blackgram
42.5,59.6,27.6,32.09,65.55,7.05,68.54,blackgram
49.0,62.3,25.2,29.09,64.16,7.12,70.73,blackgram
53.6,61.0,24.2,29.32,69.46,6.75,64.34,blackgram
42.4,65.3,20.9,31.1,70.07,7.1,71.55,blackgram
46.4,60.9,25.9,28.99,69.78,7.26,68.64,blackgram
40.0,61.9,25.8,29.72,67.7,7.13,69.24,blackgram
45.9,64.3,21.7,31.43,68.88,6.96,70.21,blackgram
44.6,62.2,20.6,28.37,66.82,7.21,65.49,blackgram
45.6,62.8,21.8,27.48,66.95,6.97,68.85,blackgram
45.7,61.0,25.2,30.35,68.0,7.0,66.21,blackgram
45.7,66.6,18.1,29.1,66.86,7.04,70.48,blackgram
42.4,63.3,21.2,28.66,66.63,7.13,64.87,blackgram
46.4,59.3,21.1,29.45,71.69,6.95,62.0,blackgram
38.3,65.1,24.0,30.63,67.92,7.19,66.15,blackgram
48.0,59.6,20.2,26.99,66.81,6.99,67.79,blackgram
45.2,61.9,22.0,27.5,70.91,6.95,66.28,blackgram
50.3,60.9,19.7,28.17,67.33,7.07,69.35,blackgram
53.6,57.5,24.0,29.07,66.03,6.9,65.23,blackgram
50.6,67.8,22.6,32.25,63.72,6.78,62.06,blackgram
42.7,65.5,22.8,30.25,63.97,7.13,68.1,blackgram
47.4,58.7,23.3,28.02,66.51,7.09,67.73,blackgram
42.2,65.0,18.7,31.92,66.99,7.19,66.18,blackgram
43.3,62.5,24.7,28.82,69.11,6.94,62.56,blackgram
43.1,61.1,22.6,28.02,69.81,6.98,67.06,blackgram
47.2,68.2,22.4,28.71,63.07,6.89,65.96,blackgram
45.4,63.8,24.2,28.98,67.36,7.2,68.35,blackgram
44.8,63.0,20.9,28.58,66.15,7.13,66.95,blackgram
40.5,70.9,23.3,27.66,66.4,7.02,71.76,blackgram
41.3,68.3,26.0,28.95,66.81,6.83,66.99,blackgram
44.9,67.2,25.2,28.75,62.58,7.0,68.23,blackgram
45.8,63.9,22.8,32.53,68.45,6.94,66.25,blackgram
44.4,70.5,22.0,29.97,66.29,7.18,72.4,blackgram
46.5,65.3,22.6,26.03,69.36,7.02,68.57,blackgram
42.6,63.7,21.5,31.7,66.55,7.35,68.58,blackgram
40.7,64.6,20.9,26.34,71.5,7.12,68.83,blackgram
45.6,60.4,21.3,31.4,64.87,6.58,66.93,blackgram
44.5,65.5,24.3,31.06,68.15,7.2,63.7,blackgram
46.7,67.1,19.4,27.5,65.64,6.89,69.38,blackgram
43.0,62.1,21.0,31.86,67.53,6.97,67.22,blackgram
49.3,62.5,25.8,30.35,67.1,7.42,64.86,blackgram
43.8,60.9,24.9,32.82,71.67,7.2,67.01,blackgram
43.8,59.4,27.6,30.78,66.27,7.22,65.07,blackgram
46.4,64.4,24.1,29.89,63.87,7.01,70.12,blackgram
44.9,67.6,19.9,29.96,65.94,7.12,67.58,blackgram
47.3,68.6,24.2,30.46,65.0,7.0,66.17,blackgram
43.9,63.8,20.1,26.74,65.83,7.03,64.13,blackgram
45.1,71.3,25.1,32.74,68.48,7.19,65.69,blackgram
42.9,55.9,25.5,32.57,66.12,6.96,65.62,blackgram
46.3,68.7,18.1,30.68,66.81,7.02,68.65,blackgram
24.4,64.7,22.0,25.94,65.7,6.44,40.76,lentil
23.7,68.0,22.6,25.32,67.94,6.57,45.31,lentil
23.3,56.5,22.1,23.35,65.65,6.37,43.93,lentil
19.1,61.9,23.7,27.43,64.84,6.45,48.17,lentil
22.3,66.2,20.6,25.73,65.25,6.45,42.39,lentil
27.4,71.9,20.0,23.32,65.39,6.53,43.13,lentil
15.6,69.5,24.4,20.51,63.99,6.66,49.83,lentil
28.1,64.4,22.7,23.74,66.88,6.25,42.31,lentil
28.4,64.9,25.9,22.66,64.91,6.25,45.02,lentil
20.1,63.4,18.9,25.39,66.19,6.11,49.45,lentil
33.3,65.2,20.9,29.65,62.8,6.4,45.6,lentil
29.5,66.2,21.3,22.1,64.43,6.23,45.16,lentil
23.1,60.0,25.6,23.0,62.89,6.37,45.23,lentil
19.2,66.1,19.9,27.42,65.87,6.33,42.52,lentil
24.7,67.0,22.4,23.57,65.1,6.3,43.86,lentil
18.0,68.2,23.2,22.45,68.16,6.41,41.55,lentil
27.9,66.3,23.5,23.15,65.75,6.36,46.85,lentil
18.7,63.6,26.8,22.47,63.99,6.33,40.95,lentil
17.6,64.2,22.8,23.89,64.76,6.41,48.41,lentil
24.4,63.1,21.8,25.16,67.35,6.3,45.33,lentil
26.1,61.7,22.6,21.07,62.05,6.46,43.72,lentil
25.7,64.9,20.1,23.91,62.94,6.63,40.48,lentil
24.3,61.5,23.9,23.34,64.14,6.54,45.1,lentil
26.7,61.7,19.0,24.21,64.47,6.5,44.73,lentil
25.7,59.6,27.2,23.67,66.16,6.26,46.03,lentil
20.7,66.5,21.6,24.06,66.16,6.19,42.72,lentil
26.5,72.0,22.2,25.18,64.82,6.72,39.18,lentil
25.3,59.6,16.2,24.59,65.23,6.35,44.65,lentil
35.3,64.1,23.8,22.7,65.49,6.36,43.63,lentil
31.1,68.9,22.8,19.39,64.4,6.85,44.23,lentil
28.7,69.8,23.0,22.32,60.94,6.51,42.28,lentil
25.6,60.8,21.8,24.07,65.45,6.21,48.99,lentil
23.0,59.4,22.2,24.07,65.27,6.63,44.21,lentil
24.6,61.3,24.6,24.37,64.3,6.08,49.81,lentil
20.9,63.0,23.4,21.61,62.51,6.05,47.4,lentil
23.2,74.8,20.0,22.16,64.06,6.44,43.43,lentil
27.0,61.7,19.0,20.4,61.29,6.31,44.0,lentil
22.9,69.1,25.6,23.33,62.01,6.31,43.0,lentil
22.8,62.7,20.9,23.23,63.94,6.43,46.2,lentil
22.0,69.2,20.0,20.76,65.63,6.26,46.07,lentil
17.0,69.6,24.2,21.0,62.54,6.68,42.54,lentil
22.2,57.4,21.6,23.54,66.19,6.17,39.93,lentil
26.5,68.4,18.6,26.16,65.06,6.58,44.77,lentil
16.6,64.5,25.2,22.21,64.35,6.37,35.33,lentil
30.6,62.0,23.8,23.83,67.1,6.47,44.22,lentil
22.0,67.7,17.8,25.29,63.17,6.61,45.54,lentil
27.1,65.3,18.1,22.28,66.12,6.43,48.94,lentil
26.3,61.8,20.5,24.21,61.14,6.68,46.47,lentil
29.1,59.7,25.6,28.46,62.8,6.53,45.0,lentil
19.9,66.6,24.6,22.8,66.94,6.12,40.02,lentil
25.5,65.1,20.7,25.62,65.88,6.54,44.59,lentil
27.0,63.5,27.6,22.37,68.51,6.41,40.41,lentil
29.6,65.4,24.6,26.45,65.56,6.3,48.25,lentil
25.0,67.3,17.1,24.89,63.94,6.68,47.08,lentil
25.8,66.6,20.0,27.25,68.32,6.47,50.3,lentil
23.1,62.3,22.6,24.87,64.34,6.49,46.02,lentil
21.7,66.7,24.7,24.34,66.92,6.2,46.56,lentil
21.1,61.3,20.9,22.12,64.09,6.36,47.79,lentil
23.9,59.7,25.4,22.33,64.9,6.47,45.67,lentil
28.6,66.6,20.3,28.36,65.32,6.38,48.21,lentil
25.8,66.3,28.7,23.45,64.47,6.42,48.57,lentil
20.0,58.4,21.0,20.73,64.29,6.48,42.03,lentil
20.2,65.2,24.7,20.61,66.37,6.54,48.18,lentil
29.1,72.3,21.6,24.22,64.31,6.4,50.11,lentil
20.5,62.1,25.9,26.04,64.39,6.54,46.14,lentil
30.0,65.2,25.1,29.28,66.0,6.41,47.41,lentil
23.8,73.0,23.0,23.45,63.61,6.58,47.89,lentil
23.3,66.9,18.7,24.37,65.75,6.68,42.43,lentil
20.7,62.0,19.2,26.67,67.58,6.45,49.07,lentil
25.4,64.7,21.7,23.38,62.42,6.44,44.87,lentil
27.5,65.3,22.1,22.26,65.12,6.52,41.19,lentil
25.3,65.8,20.7,22.82,65.38,6.21,46.17,lentil
22.0,68.5,28.3,22.28,65.89,6.28,48.47,lentil
20.8,66.6,20.3,23.59,63.28,6.54,42.21,lentil
26.8,63.9,22.2,24.3,63.73,6.44,50.1,lentil
22.4,68.9,26.2,22.37,62.57,6.45,43.18,lentil
31.2,65.1,20.5,21.71,66.82,6.3,45.15,lentil
28.2,63.4,22.4,23.97,66.14,6.5,44.27,lentil
25.2,63.8,18.8,24.52,68.15,6.25,42.42,lentil
22.1,67.4,23.6,23.68,63.47,6.42,39.78,lentil
25.5,67.9,19.4,20.93,67.63,6.3,48.79,lentil
24.5,64.5,23.6,22.23,65.22,6.34,40.6,lentil
26.1,64.1,22.1,21.58,67.65,6.55,48.21,lentil
24.0,59.2,27.4,23.88,63.75,6.47,48.89,lentil
24.9,69.3,25.2,21.85,63.88,6.56,35.96,lentil
24.5,60.2,21.3,23.4,64.4,6.31,41.34,lentil
32.6,71.2,19.6,27.16,64.33,6.42,44.79,lentil
22.8,68.3,22.8,23.05,62.83,6.25,39.53,lentil
25.0,61.0,21.8,26.74,67.0,6.39,44.71,lentil
31.3,66.7,21.7,21.15,65.66,6.54,42.89,lentil
26.0,63.8,22.0,19.02,64.63,6.56,42.9,lentil
25.2,62.5,23.4,23.57,63.43,6.62,48.1,lentil
23.0,66.7,23.8,25.28,62.18,6.57,43.1,lentil
23.8,73.8,23.3,23.23,61.32,6.63,40.52,lentil
21.7,63.9,26.0,25.55,64.74,6.45,43.0,lentil
25.5,65.2,24.9,25.93,65.82,6.34,47.47,lentil
24.7,61.4,21.5,24.17,66.52,6.37,40.97,lentil
25.2,65.4,23.0,25.84,66.7,6.3,42.95,lentil
21.5,67.3,26.1,23.37,64.6,6.64,46.69,lentil
26.5,61.0,24.2,22.14,63.11,6.34,43.05,lentil
24.3,18.9,41.6,22.82,86.75,6.63,45.95,pomegranate
27.9,22.3,40.0,21.28,92.02,6.0,53.04,pomegranate
28.7,24.3,43.9,20.88,91.6,6.32,56.17,pomegranate
25.0,21.5,42.2,20.93,87.65,6.2,53.1,pomegranate
29.6,22.8,42.2,19.92,89.26,6.27,49.43,pomegranate
25.3,24.2,39.3,21.66,89.92,6.09,49.43,pomegranate
24.5,22.1,40.1,21.59,89.28,6.71,44.15,pomegranate
22.6,29.4,38.3,19.92,91.22,5.76,48.82,pomegranate
32.2,18.6,36.7,19.75,91.5,6.67,47.44,pomegranate
27.3,26.0,43.0,21.21,86.16,6.12,47.87,pomegranate
24.1,22.0,41.9,22.99,89.71,6.66,51.79,pomegranate
25.2,24.8,40.1,23.9,87.6,6.2,49.37,pomegranate
26.5,25.7,40.0,19.84,91.4,6.56,40.29,pomegranate
25.0,18.5,38.9,20.45,91.35,6.38,43.57,pomegranate
27.9,18.9,40.6,20.55,89.39,6.49,52.61,pomegranate
29.5,22.3,40.5,20.99,90.3,6.47,49.51,pomegranate
19.0,23.3,40.6,20.71,87.86,6.77,52.46,pomegranate
24.2,19.7,38.6,23.02,90.23,6.19,52.55,pomegranate
22.3,26.3,42.3,20.96,88.95,5.61,42.59,pomegranate
20.5,22.8,39.5,19.93,89.53,6.49,52.64,pomegranate
18.7,22.2,37.7,22.55,91.31,6.1,46.17,pomegranate
23.5,16.9,40.6,21.18,91.62,6.04,46.9,pomegranate
20.0,20.0,38.0,22.66,88.84,6.39,48.1,pomegranate
20.8,22.1,41.0,20.09,91.35,6.11,47.59,pomegranate
26.8,20.8,40.1,21.13,90.22,5.68,40.85,pomegranate
27.1,25.1,38.5,21.22,90.49,6.55,39.86,pomegranate
22.0,21.7,41.2,24.41,89.62,5.95,52.01,pomegranate
29.4,22.8,38.5,22.62,91.11,6.06,51.91,pomegranate
28.3,25.5,39.9,21.08,92.05,6.01,52.19,pomegranate
20.4,25.2,39.6,22.98,90.82,6.0,57.12,pomegranate
30.2,24.7,38.7,21.14,90.24,6.15,58.46,pomegranate
25.5,15.7,40.6,21.09,89.88,6.25,54.04,pomegranate
28.7,23.2,39.4,21.45,90.03,6.12,52.89,pomegranate
26.5,26.4,42.1,20.7,91.37,6.08,53.48,pomegranate
23.3,19.9,40.5,18.38,87.08,6.3,50.41,pomegranate
23.8,18.6,38.6,21.96,90.97,6.35,55.78,pomegranate
26.3,20.6,39.5,19.86,89.82,6.67,53.43,pomegranate
29.7,21.7,42.2,21.27,92.45,6.34,53.54,pomegranate
29.9,22.0,40.4,23.0,89.78,5.98,60.72,pomegranate
23.4,22.9,41.9,20.79,88.32,6.42,41.03,pomegranate
24.0,23.1,39.6,19.7,92.66,6.38,57.16,pomegranate
24.1,20.3,40.4,21.25,88.04,6.77,46.89,pomegranate
18.9,25.8,39.2,20.79,87.06,6.84,43.55,pomegranate
25.2,24.8,40.7,21.43,87.16,6.12,50.94,pomegranate
22.4,23.0,41.1,22.62,87.96,6.97,53.84,pomegranate
25.0,25.2,43.9,19.82,89.62,5.68,50.96,pomegranate
26.2,22.4,38.9,19.11,90.62,6.76,47.04,pomegranate
26.5,18.6,40.8,21.04,88.73,6.13,48.03,pomegranate
26.3,19.2,39.3,21.45,88.17,6.86,45.73,pomegranate
22.8,20.1,43.0,22.15,88.44,6.66,51.0,pomegranate
25.9,21.6,38.8,21.89,89.09,6.86,43.65,pomegranate
30.1,22.2,40.5,22.47,88.95,6.59,36.46,pomegranate
22.6,20.2,37.9,21.25,90.64,6.55,51.2,pomegranate
22.8,23.4,40.2,22.59,91.29,6.36,45.51,pomegranate
22.8,21.1,39.5,21.81,91.19,6.34,50.08,pomegranate
25.5,21.2,38.5,19.45,88.84,6.48,46.49,pomegranate
24.2,23.7,40.9,20.24,91.66,6.67,44.35,pomegranate
22.3,25.5,39.8,18.91,87.67,6.28,44.18,pomegranate
23.6,22.6,42.4,21.16,91.79,6.75,57.17,pomegranate
25.9,17.6,40.8,22.72,89.86,6.84,54.3,pomegranate
26.9,25.2,40.6,18.59,89.17,6.69,45.96,pomegranate
24.3,19.9,43.0,23.46,88.53,6.39,46.6,pomegranate
27.0,23.8,41.4,21.89,94.89,6.06,41.45,pomegranate
23.7,18.6,37.5,20.33,88.46,6.08,52.59,pomegranate
23.3,22.1,41.5,20.61,89.56,6.45,40.29,pomegranate
17.1,23.4,40.8,23.91,90.26,6.58,49.02,pomegranate
26.0,26.7,36.5,21.98,93.56,6.43,58.25,pomegranate
22.9,22.4,40.1,18.91,88.05,6.04,54.11,pomegranate
27.9,23.3,41.4,21.31,92.0,6.35,50.29,pomegranate
24.1,24.2,39.3,22.64,88.11,6.04,53.44,pomegranate
24.7,21.4,41.5,20.79,89.67,6.75,57.7,pomegranate
30.2,21.8,42.1,20.39,88.49,5.68,58.36,pomegranate
22.1,22.2,38.5,22.31,89.37,5.98,52.21,pomegranate
20.2,20.4,36.5,19.84,90.3,5.79,42.59,pomegranate
25.0,21.1,43.3,23.64,88.55,6.51,53.75,pomegranate
23.0,18.8,40.0,21.3,89.27,6.48,46.25,pomegranate
21.2,22.8,40.6,20.13,91.55,5.85,47.11,pomegranate
24.1,20.9,39.1,23.68,88.58,7.04,52.19,pomegranate
25.3,23.7,44.2,20.34,88.13,6.14,50.16,pomegranate
19.2,22.6,42.8,21.68,89.51,6.17,54.49,pomegranate
22.2,27.1,43.2,21.8,89.98,6.64,55.47,pomegranate
22.3,21.2,37.8,21.98,91.11,5.97,47.72,pomegranate
20.5,20.3,40.9,20.64,89.5,5.89,50.93,pomegranate
24.9,20.7,39.7,21.71,88.64,5.93,59.03,pomegranate
22.9,22.3,41.7,25.62,87.93,6.48,46.46,pomegranate
23.2,20.7,38.1,21.45,87.54,6.62,50.28,pomegranate
26.4,21.3,39.4,21.84,88.06,6.25,45.7,pomegranate
22.0,17.2,42.2,20.7,91.94,6.65,43.57,pomegranate
21.4,28.9,42.9,21.46,90.43,6.17,52.16,pomegranate
22.6,17.4,37.8,21.52,88.11,6.33,44.63,pomegranate
22.4,24.6,40.4,21.49,91.46,6.49,57.23,pomegranate
23.5,21.4,37.8,21.0,91.61,6.72,54.8,pomegranate
19.0,25.2,36.9,22.55,89.39,6.55,43.34,pomegranate
28.9,18.8,38.9,20.34,87.08,6.38,59.03,pomegranate
33.9,22.7,41.9,21.77,90.83,6.25,50.98,pomegranate
26.8,21.1,39.9,21.43,91.38,6.05,49.74,pomegranate
31.4,25.4,42.2,21.53,90.53,6.63,57.8,pomegranate
18.5,19.2,42.2,21.18,88.88,5.99,47.22,pomegranate
20.3,27.7,40.0,21.43,90.98,6.62,54.73,pomegranate
28.6,20.9,39.5,22.4,89.12,6.35,51.99,pomegranate
108.9,75.1,51.2,27.31,81.18,6.13,113.04,banana
111.8,88.1,52.4,27.74,80.05,6.15,108.66,banana
103.5,84.2,49.9,26.79,82.15,6.01,115.24,banana
96.9,80.2,50.1,28.45,80.67,6.05,99.36,banana
99.2,83.8,47.7,27.06,80.83,5.84,113.03,banana
111.1,76.0,48.4,25.6,78.7,6.13,102.93,banana
107.3,76.2,51.3,27.04,80.02,5.98,98.64,banana
99.2,86.5,50.7,28.38,80.54,6.02,96.37,banana
103.6,82.4,53.3,28.07,82.56,6.1,101.44,banana
105.6,83.5,48.4,27.18,79.66,6.27,94.6,banana
111.0,78.6,47.7,28.48,81.22,6.21,109.0,banana
115.3,84.8,49.7,27.79,82.07,5.87,101.74,banana
103.5,73.7,50.2,25.93,80.09,6.14,102.62,banana
113.4,76.4,52.0,28.06,77.14,6.45,104.68,banana
100.6,76.6,49.6,27.39,80.17,5.95,108.17,banana
103.1,74.4,49.8,25.53,80.59,5.84,105.82,banana
111.6,78.5,51.8,27.14,82.92,5.94,100.8,banana
108.4,80.7,48.6,27.1,79.93,6.22,95.33,banana
105.1,85.1,50.3,28.59,79.88,5.97,107.96,banana
105.5,80.9,50.9,26.96,78.98,5.91,111.77,banana
88.9,84.1,50.1,26.1,80.52,6.08,107.95,banana
91.7,88.2,48.8,28.07,81.24,5.85,108.3,banana
103.1,73.9,51.9,26.85,78.58,5.93,106.36,banana
104.7,84.8,47.8,26.88,79.81,6.32,104.43,banana
110.4,82.7,49.2,27.29,79.72,6.1,111.87,banana
106.8,87.4,48.4,27.15,78.79,6.05,103.21,banana
108.6,78.6,50.1,28.07,76.56,6.35,103.58,banana
94.9,83.2,50.1,27.43,81.65,6.12,106.49,banana
107.3,82.1,53.0,26.27,80.23,6.01,109.07,banana
100.8,75.2,50.3,27.73,82.48,5.79,110.77,banana
116.8,80.9,47.8,27.16,80.02,6.09,102.04,banana
112.8,77.9,47.1,28.42,76.21,5.97,120.59,banana
104.9,77.8,49.9,27.46,80.27,6.11,99.8,banana
113.4,83.5,51.2,26.98,82.14,5.96,106.39,banana
100.3,78.3,51.1,27.13,78.58,5.89,108.49,banana
101.9,82.0,50.0,25.9,77.55,6.06,101.31,banana
110.3,86.5,51.2,29.02,79.86,6.11,102.08,banana
117.3,90.8,50.0,27.82,82.27,5.98,101.72,banana
109.4,82.8,50.3,26.8,77.14,6.04,109.52,banana
103.9,88.5,48.8,26.62,79.89,5.99,108.85,banana
101.1,88.2,53.3,27.47,82.08,5.82,110.38,banana
110.2,86.1,50.0,25.04,78.93,5.9,100.11,banana
105.6,80.8,48.6,26.62,78.81,6.19,101.69,banana
102.4,80.6,50.6,27.88,74.93,6.17,112.18,banana
99.7,78.4,49.2,26.87,80.37,5.68,99.41,banana
112.7,78.6,52.1,27.8,76.98,6.11,104.41,banana
102.7,83.5,50.8,28.09,81.96,6.07,98.12,banana
102.6,94.8,51.2,29.47,82.33,6.04,106.51,banana
104.8,75.3,50.0,28.51,79.0,6.07,109.26,banana
100.5,80.6,48.3,26.81,77.85,5.85,112.1,banana
100.4,83.0,49.2,28.48,82.19,6.14,106.53,banana
103.8,77.5,53.2,26.87,81.11,6.18,102.22,banana
110.2,85.7,52.9,27.11,77.86,5.92,106.04,banana
105.3,80.9,46.8,27.89,83.29,6.08,108.05,banana
107.9,84.2,51.6,27.83,79.48,5.87,103.76,banana
106.6,81.2,50.5,27.87,81.39,6.21,105.39,banana
98.5,81.1,50.1,25.97,82.31,6.02,106.91,banana
111.8,79.9,51.0,27.41,79.69,5.87,113.33,banana
103.1,85.4,46.9,28.48,81.75,6.02,103.87,banana
107.0,92.0,47.1,28.15,78.48,6.0,103.76,banana
102.9,82.5,48.1,28.36,77.01,6.09,103.37,banana
99.1,83.3,47.4,27.53,77.63,6.08,100.38,banana
102.7,83.7,48.7,27.45,77.48,6.11,113.82,banana
119.0,82.9,51.3,26.02,82.5,6.13,102.58,banana
111.2,81.4,49.2,27.9,78.23,6.17,99.72,banana
99.7,78.7,51.3,26.99,77.75,5.9,104.84,banana
99.1,77.7,53.5,26.78,79.46,5.94,102.89,banana
108.1,86.5,49.5,26.47,82.12,5.98,113.65,banana
93.8,83.3,53.2,27.21,79.62,6.05,102.21,banana
103.4,81.1,49.0,28.52,80.77,6.04,109.04,banana
103.7,79.3,49.0,27.5,78.23,5.92,102.42,banana
115.6,70.9,49.7,28.94,80.2,6.13,105.5,banana
101.7,73.2,50.3,26.85,78.67,5.92,113.72,banana
117.0,83.4,49.2,26.52,80.78,6.3,103.76,banana
93.1,85.3,51.6,26.18,80.29,6.08,104.63,banana
101.0,86.7,49.3,26.26,76.58,6.21,108.08,banana
105.4,80.7,49.1,26.6,79.28,5.65,101.32,banana
103.4,85.0,49.9,28.16,82.25,6.18,107.35,banana
105.1,78.4,51.2,28.9,80.57,6.32,97.37,banana
99.2,86.1,50.4,28.59,79.97,5.86,103.93,banana
97.3,77.8,51.6,28.23,80.61,5.71,103.21,banana
98.9,87.4,49.0,26.6,80.05,5.89,112.42,banana
101.3,76.7,46.4,27.47,79.06,5.76,110.95,banana
108.3,82.4,52.3,28.05,78.63,5.83,109.09,banana
107.0,83.2,48.6,28.01,78.74,5.98,112.23,banana
101.7,75.9,48.2,28.33,80.42,5.98,102.45,banana
107.4,79.0,50.5,26.89,78.5,5.89,103.12,banana
104.8,83.5,43.9,26.83,79.35,6.25,99.6,banana
105.8,88.7,47.8,27.83,78.66,5.92,100.98,banana
101.3,93.8,51.4,28.42,80.82,5.73,106.97,banana
110.4,78.9,51.6,28.09,83.09,5.93,99.51,banana
103.2,88.5,47.0,25.78,80.15,5.93,105.04,banana
109.7,80.2,46.9,29.2,78.34,5.82,110.52,banana
103.1,82.2,50.8,28.4,79.44,6.25,94.32,banana
108.8,79.0,52.3,27.62,78.88,6.11,109.47,banana
108.2,78.2,49.2,27.5,79.93,6.12,94.93,banana
106.7,81.3,48.6,26.88,79.64,5.4,101.49,banana
100.6,84.7,48.7,27.32,82.57,6.17,109.51,banana
102.5,84.8,49.6,27.34,80.68,5.9,112.47,banana
104.2,85.1,52.4,28.36,77.65,6.07,109.25,banana
28.0,19.7,28.9,32.33,48.73,5.63,96.44,mango
24.8,20.7,28.5,31.44,47.78,5.65,93.33,mango
29.3,24.2,28.8,32.57,49.5,5.24,92.07,mango
29.8,22.9,30.0,33.18,47.61,5.21,88.46,mango
26.2,22.9,32.6,31.32,49.33,5.75,92.79,mango
19.4,29.3,30.9,31.28,51.03,6.05,92.15,mango
22.9,24.0,30.6,29.92,52.37,5.87,94.32,mango
29.6,22.6,30.5,32.08,48.79,5.77,92.81,mango
21.8,28.3,27.7,29.27,52.19,6.05,89.94,mango
27.0,26.2,29.9,34.47,47.13,6.04,95.42,mango
28.0,22.0,29.5,31.59,51.36,6.0,95.1,mango
21.6,21.9,28.4,30.49,51.69,5.79,99.02,mango
25.6,22.6,30.2,30.15,49.9,6.22,92.78,mango
22.4,20.2,29.2,31.1,51.99,5.19,91.7,mango
25.5,17.9,28.6,30.09,48.67,5.83,92.1,mango
23.1,23.6,32.9,33.19,46.8,5.99,92.05,mango
25.5,21.5,30.2,31.2,49.04,5.38,91.38,mango
25.8,24.0,31.4,30.34,50.47,6.15,95.41,mango
24.8,21.9,30.3,29.47,49.68,6.06,94.1,mango
24.1,23.0,28.6,31.94,49.87,5.64,91.6,mango
24.8,21.4,31.1,30.47,52.65,6.36,90.27,mango
25.2,20.9,29.5,33.67,49.49,5.9,93.85,mango
21.7,20.4,28.0,29.82,45.25,5.98,97.64,mango
25.5,19.0,28.9,30.39,48.3,6.11,94.53,mango
21.1,24.3,32.5,33.54,54.78,5.37,99.56,mango
23.8,21.0,30.5,30.22,50.67,5.2,91.9,mango
29.3,22.4,30.2,31.63,51.95,5.06,93.96,mango
24.1,22.9,31.8,29.41,48.31,4.94,91.13,mango
29.4,22.2,27.8,30.35,47.52,5.28,93.47,mango
21.1,25.3,29.9,31.11,49.54,6.07,94.46,mango
26.1,23.9,29.6,31.72,49.44,5.75,91.81,mango
23.5,20.8,30.8,32.75,51.95,5.23,95.72,mango
23.9,24.0,28.5,31.19,50.52,5.13,94.02,mango
29.5,22.1,32.3,30.75,51.42,4.83,98.55,mango
30.0,21.8,26.7,31.38,47.59,5.94,93.53,mango
21.9,25.3,31.3,32.3,50.01,5.16,94.94,mango
24.1,19.0,32.3,33.8,49.93,6.65,92.73,mango
23.7,20.9,32.7,29.96,51.23,5.52,91.35,mango
28.4,21.5,29.3,32.51,52.66,6.02,90.86,mango
23.3,22.7,30.5,29.68,51.21,5.79,88.21,mango
21.9,21.2,29.9,33.52,50.4,5.4,93.05,mango
23.8,23.3,31.0,32.61,49.96,6.43,94.77,mango
22.6,28.0,30.5,29.89,52.75,6.62,92.42,mango
23.3,22.1,31.2,32.7,50.95,5.79,96.25,mango
24.0,25.1,29.5,31.57,49.81,5.73,91.56,mango
29.5,20.7,28.8,33.83,51.63,4.76,91.09,mango
19.0,20.1,24.8,30.82,48.1,5.77,88.44,mango
25.3,21.5,32.5,32.88,51.31,5.61,97.46,mango
19.8,19.0,29.9,34.01,49.66,5.67,88.9,mango
28.2,24.9,31.3,30.16,48.82,5.21,92.71,mango
21.4,19.6,29.3,30.35,49.1,5.94,92.7,mango
24.0,23.0,28.3,31.14,50.25,5.12,94.99,mango
22.1,22.7,31.9,32.23,50.06,5.6,94.87,mango
27.2,21.0,28.7,28.24,50.26,5.72,95.34,mango
26.2,25.8,28.8,32.52,49.12,6.07,88.85,mango
25.8,17.5,29.6,31.59,49.13,5.31,94.62,mango
24.7,21.3,30.1,34.52,51.92,6.23,93.59,mango
25.6,16.5,28.9,30.36,46.88,5.27,87.55,mango
24.9,24.5,31.8,31.55,48.39,4.94,88.11,mango
20.8,20.3,29.7,29.65,50.56,5.65,92.53,mango
28.8,19.5,30.7,30.98,49.44,6.12,94.7,mango
21.8,22.0,30.5,30.64,50.98,5.87,97.08,mango
19.9,22.2,28.5,31.81,47.3,5.89,90.92,mango
22.6,18.9,29.2,32.45,49.96,6.01,96.66,mango
25.9,21.1,30.8,30.27,49.16,5.12,94.82,mango
23.7,23.0,28.3,31.58,48.73,5.69,94.69,mango
27.6,22.4,27.1,34.99,52.91,6.05,90.62,mango
24.6,21.1,32.1,31.35,48.69,5.55,95.3,mango
30.3,26.3,31.3,30.66,44.6,5.87,92.5,mango
25.5,22.6,27.8,31.74,51.05,6.03,94.87,mango
27.0,21.5,29.9,31.12,50.18,6.17,94.11,mango
31.9,28.0,30.1,25.88,52.06,5.52,90.5,mango
23.7,21.4,31.0,28.92,48.2,5.89,94.06,mango
27.1,20.5,28.4,30.32,50.4,6.37,87.38,mango
24.3,19.2,27.2,32.29,50.91,5.94,94.8,mango
23.4,21.4,33.6,30.67,51.23,5.75,87.88,mango
18.2,21.1,31.8,32.05,51.52,5.34,96.54,mango
21.8,23.0,30.0,30.77,52.23,5.46,89.13,mango
25.1,21.5,35.6,31.9,49.32,5.31,87.8,mango
21.6,22.8,32.4,32.5,50.38,5.62,93.17,mango
23.3,26.8,29.7,30.88,46.31,5.67,94.59,mango
21.4,20.6,31.3,29.03,51.76,5.53,91.53,mango
21.3,23.4,34.1,32.04,48.56,6.22,91.71,mango
29.6,24.5,25.1,29.66,51.57,5.81,89.94,mango
22.9,17.7,29.9,33.95,51.34,6.66,94.71,mango
28.4,27.4,30.6,30.75,51.72,6.36,91.3,mango
22.6,22.8,31.4,32.06,47.63,6.55,90.9,mango
24.1,20.2,34.5,31.32,48.58,6.11,94.42,mango
24.4,24.6,28.6,30.34,46.65,5.2,97.02,mango
30.5,22.7,32.8,30.79,49.59,5.77,92.19,mango
24.3,25.4,30.3,31.95,51.72,5.91,90.07,mango
20.5,22.9,29.7,31.12,49.97,6.83,89.17,mango
18.4,23.3,29.4,31.42,50.97,6.29,88.73,mango
23.1,23.6,31.3,33.92,51.59,5.73,90.27,mango
23.1,21.0,31.1,31.34,47.79,5.57,94.69,mango
26.2,23.9,30.6,33.17,50.39,5.59,90.21,mango
25.8,16.4,29.7,30.73,47.73,5.36,94.52,mango
25.8,22.8,30.5,31.12,52.07,5.8,88.85,mango
30.4,23.4,29.0,29.33,50.66,5.7,96.44,mango
23.8,20.4,31.5,32.23,50.28,6.03,92.41,mango
25.8,137.4,201.0,24.04,87.25,5.61,73.42,grapes
19.3,129.9,199.9,24.17,86.68,5.82,70.43,grapes
23.1,133.7,199.9,25.53,84.08,5.91,70.48,grapes
28.1,130.0,198.6,28.48,84.95,6.14,68.49,grapes
19.1,130.3,198.7,24.55,83.94,6.12,69.52,grapes
25.5,133.2,200.3,24.86,85.85,5.87,72.33,grapes
24.2,127.0,200.3,20.18,86.11,6.37,68.69,grapes
26.1,125.2,200.8,19.98,83.96,5.82,71.22,grapes
28.4,132.6,198.6,34.01,83.75,5.64,70.76,grapes
21.3,136.6,199.4,28.42,87.34,5.8,69.06,grapes
24.7,138.9,198.9,21.63,85.8,5.9,70.25,grapes
19.8,141.7,197.8,23.18,84.95,6.32,67.79,grapes
31.6,135.7,200.7,19.42,85.95,5.88,72.11,grapes
21.8,132.0,199.1,19.4,86.24,6.09,72.02,grapes
19.1,136.9,204.2,22.44,88.16,5.96,67.71,grapes
24.0,136.9,198.6,21.6,85.99,6.0,70.97,grapes
25.8,134.5,199.3,26.31,83.45,6.21,68.94,grapes
28.8,131.5,200.3,22.2,83.31,5.71,68.24,grapes
23.9,133.4,201.7,22.47,83.53,5.76,70.8,grapes
29.6,137.8,201.2,28.62,87.83,6.06,71.08,grapes
23.9,126.8,198.9,24.95,85.1,6.32,70.14,grapes
28.9,130.7,199.5,17.47,83.76,6.09,70.01,grapes
28.1,133.3,199.4,37.17,84.84,6.19,69.33,grapes
27.4,136.4,200.3,11.66,85.03,6.21,70.88,grapes
26.5,125.3,198.8,27.33,85.68,6.2,69.76,grapes
26.4,132.6,198.4,12.22,85.72,6.03,68.97,grapes
19.6,135.1,199.6,28.16,88.11,5.64,68.83,grapes
24.3,138.6,197.3,35.97,85.23,5.98,69.67,grapes
23.5,136.9,198.2,26.96,84.36,5.87,74.31,grapes
26.4,135.1,201.9,16.95,87.92,5.58,68.72,grapes
23.5,134.9,200.4,24.05,84.98,5.84,67.5,grapes
27.4,135.4,202.6,20.52,86.15,5.95,71.98,grapes
28.4,133.4,199.4,30.45,86.08,5.89,67.79,grapes
24.0,138.8,201.9,18.7,83.05,6.21,68.11,grapes
26.7,129.9,202.7,20.63,86.91,6.03,70.42,grapes
18.4,123.3,199.6,26.4,83.12,5.82,70.94,grapes
26.9,131.9,201.3,18.35,84.41,6.27,70.11,grapes
25.4,142.1,197.7,29.51,87.77,5.95,71.43,grapes
21.7,129.6,200.6,29.53,86.87,6.26,69.89,grapes
29.0,131.1,201.5,26.18,85.74,6.07,67.33,grapes
21.3,132.9,197.2,29.71,86.45,6.05,68.13,grapes
29.6,141.0,200.2,27.89,85.34,6.09,69.8,grapes
24.9,136.3,203.9,17.07,84.83,5.8,72.65,grapes
23.0,126.5,201.1,34.88,86.11,6.03,70.68,grapes
29.7,128.9,199.8,22.43,83.05,5.95,71.85,grapes
26.9,135.2,200.2,27.97,83.67,5.95,70.32,grapes
25.9,133.8,199.8,22.86,90.26,6.15,70.69,grapes
24.2,130.6,199.8,26.66,81.87,5.74,68.94,grapes
25.7,131.5,202.5,16.6,83.75,6.25,70.22,grapes
27.9,141.0,198.8,24.44,84.55,5.67,69.48,grapes
27.9,134.8,201.0,22.87,83.91,6.21,69.17,grapes
26.0,133.2,202.4,30.5,82.84,5.8,70.96,grapes
24.8,130.6,201.7,26.06,85.09,6.13,69.37,grapes
30.2,129.2,201.1,33.13,82.7,5.94,71.9,grapes
28.9,131.8,198.8,30.42,86.97,5.81,67.99,grapes
25.8,135.1,199.5,28.85,83.82,5.65,69.29,grapes
25.2,131.4,198.1,14.71,84.14,6.15,72.09,grapes
29.0,129.1,198.1,27.81,86.06,6.07,66.64,grapes
22.1,132.4,200.8,29.35,85.24,6.06,70.14,grapes
27.3,133.8,200.1,23.48,85.14,6.08,70.45,grapes
26.3,138.1,200.4,21.32,86.47,5.77,68.2,grapes
26.1,134.7,197.9,22.83,83.99,5.92,71.57,grapes
27.4,132.4,199.1,17.35,87.37,6.1,68.82,grapes
27.4,132.2,199.5,27.47,83.76,5.94,70.2,grapes
23.3,135.3,203.1,20.73,82.22,5.67,69.75,grapes
22.8,133.4,200.2,15.92,81.98,6.05,70.23,grapes
23.6,125.6,200.8,32.21,85.46,5.86,70.07,grapes
20.4,136.9,200.1,14.98,84.5,6.08,69.44,grapes
24.1,127.4,200.9,21.33,81.41,5.94,71.64,grapes
23.7,139.7,200.7,26.92,84.79,5.99,69.56,grapes
24.0,134.7,198.4,18.9,83.13,6.34,70.88,grapes
26.0,128.1,201.0,24.34,85.36,5.84,70.27,grapes
23.6,129.3,201.2,16.29,85.94,6.11,68.53,grapes
22.3,131.6,200.5,24.13,85.72,6.29,69.15,grapes
19.3,135.9,202.8,27.23,83.19,5.98,68.14,grapes
27.1,126.9,199.5,19.31,85.21,5.94,70.29,grapes
25.1,128.4,201.0,24.72,83.35,6.37,70.79,grapes
24.5,138.4,203.1,24.18,85.58,5.84,69.75,grapes
24.3,133.3,200.6,28.17,85.4,5.8,68.44,grapes
23.2,131.3,201.8,18.41,84.4,6.16,69.5,grapes
26.5,131.9,200.4,23.71,86.11,5.74,69.39,grapes
26.0,134.7,202.5,22.78,87.47,5.89,72.21,grapes
27.7,128.7,200.5,24.71,86.04,5.96,69.49,grapes
29.6,132.1,201.4,23.72,87.78,5.89,68.98,grapes
30.1,130.6,202.7,30.05,84.74,5.7,69.97,grapes
25.3,137.4,202.6,21.12,86.34,6.13,71.79,grapes
26.7,124.4,199.7,18.45,84.66,6.16,70.51,grapes
28.8,133.9,197.8,10.72,85.25,5.96,68.37,grapes
19.3,129.4,199.7,28.77,85.31,6.27,68.27,grapes
27.9,132.7,201.2,22.53,86.79,6.05,68.87,grapes
25.0,131.5,200.8,18.31,84.95,6.07,70.06,grapes
29.5,135.7,200.0,26.23,85.49,6.07,66.96,grapes
24.0,126.3,202.1,24.66,84.68,6.15,70.7,grapes
21.2,132.2,199.4,15.11,83.85,5.97,69.81,grapes
20.1,137.3,199.8,25.21,85.67,5.87,70.76,grapes
23.8,128.8,201.0,33.45,86.21,6.15,69.13,grapes
19.7,138.7,203.4,33.74,84.44,5.81,68.22,grapes
19.4,132.1,202.7,24.2,85.5,6.23,69.33,grapes
31.8,140.8,199.8,21.73,86.16,5.94,68.07,grapes
29.3,137.6,200.3,17.84,82.95,6.02,69.17,grapes
97.7,21.8,51.2,26.19,83.35,6.44,52.53,watermelon
103.0,23.9,50.7,26.42,85.9,6.68,48.92,watermelon
100.1,21.3,52.7,25.86,84.86,6.73,42.69,watermelon
90.5,20.3,50.0,25.8,85.11,6.6,47.29,watermelon
103.8,21.6,52.0,26.51,85.41,6.55,44.92,watermelon
96.5,16.7,51.8,25.19,86.33,6.5,49.41,watermelon
101.7,15.9,49.3,24.65,84.59,6.42,48.28,watermelon
102.8,20.2,50.4,26.0,85.96,6.45,48.46,watermelon
102.1,19.9,52.3,26.1,84.1,6.48,52.24,watermelon
107.1,21.4,49.9,24.87,83.34,6.55,51.14,watermelon
92.7,17.7,51.1,24.92,86.84,6.44,54.19,watermelon
96.4,13.2,49.2,25.45,84.35,6.46,51.11,watermelon
98.9,17.2,47.2,25.7,84.85,6.77,46.87,watermelon
87.9,20.1,50.6,25.0,82.45,6.76,54.71,watermelon
83.4,15.6,52.8,25.26,84.18,6.45,46.26,watermelon
88.6,21.9,46.9,25.62,86.48,6.26,46.92,watermelon
108.1,19.7,49.0,26.1,87.01,6.54,47.0,watermelon
97.2,18.7,49.7,25.97,82.45,6.25,50.6,watermelon
96.7,14.9,47.1,25.51,84.91,6.61,50.23,watermelon
99.1,22.4,47.8,25.77,82.21,6.36,45.96,watermelon
105.2,17.2,50.0,24.95,84.5,6.37,51.28,watermelon
93.4,23.0,47.2,25.1,87.8,6.43,45.62,watermelon
101.5,15.5,48.6,24.95,89.61,6.46,43.58,watermelon
110.0,20.0,48.7,25.03,86.12,6.46,43.58,watermelon
111.9,15.7,52.5,26.14,83.33,6.67,47.83,watermelon
87.6,15.7,50.7,25.27,84.49,6.69,50.35,watermelon
94.4,20.4,50.3,24.24,85.71,6.57,50.07,watermelon
105.9,14.7,50.6,24.72,85.68,6.83,46.68,watermelon
94.9,14.5,50.2,24.97,85.7,6.64,51.78,watermelon
88.2,21.6,51.6,25.92,85.62,6.54,53.44,watermelon
112.8,13.5,51.8,25.46,84.78,6.24,49.05,watermelon
93.4,15.6,48.2,25.28,84.32,6.52,44.62,watermelon
90.4,19.0,48.7,26.04,85.38,6.6,54.7,watermelon
97.9,15.1,51.5,25.75,84.69,6.73,49.29,watermelon
100.2,17.6,48.4,25.54,87.33,6.57,50.1,watermelon
98.9,18.9,51.2,25.8,84.45,6.55,51.6,watermelon
93.3,18.2,46.4,25.74,86.1,6.62,48.68,watermelon
102.1,23.4,52.4,25.49,85.23,6.69,45.0,watermelon
97.8,23.1,51.6,25.68,82.49,6.49,48.03,watermelon
102.2,14.1,48.3,24.47,87.04,6.43,50.52,watermelon
100.0,13.1,47.9,25.0,83.79,6.56,47.35,watermelon
111.6,21.8,51.3,25.44,87.52,6.46,49.9,watermelon
101.1,20.4,51.1,25.26,84.11,6.61,52.38,watermelon
97.4,10.9,49.7,25.81,88.01,6.3,48.58,watermelon
97.4,23.1,49.9,25.05,85.93,6.43,45.92,watermelon
94.0,24.7,50.6,25.55,84.58,6.55,50.93,watermelon
101.9,18.0,51.4,25.51,83.37,6.4,43.4,watermelon
113.5,21.1,48.6,25.36,83.94,6.76,45.27,watermelon
100.8,17.0,51.4,25.45,82.07,6.46,46.76,watermelon
100.5,23.5,47.1,25.1,84.08,6.44,52.47,watermelon
98.8,19.2,49.0,25.61,86.3,6.38,52.6,watermelon
100.3,21.9,49.7,25.69,84.93,6.48,50.86,watermelon
103.6,12.3,52.4,24.57,83.86,6.48,51.37,watermelon
110.5,9.8,49.2,24.44,85.05,6.55,55.3,watermelon
100.8,21.9,51.0,25.28,82.65,6.55,45.03,watermelon
108.6,16.8,52.0,25.26,85.45,6.53,49.85,watermelon
97.1,19.1,48.5,24.9,87.07,6.62,50.22,watermelon
111.1,16.4,52.2,25.59,83.29,6.81,53.3,watermelon
99.2,20.5,49.3,25.91,81.01,6.33,53.26,watermelon
98.3,18.4,47.8,26.42,86.98,6.47,48.65,watermelon
106.9,25.8,51.6,26.59,83.46,6.36,46.04,watermelon
102.9,18.2,49.7,25.9,87.05,6.25,48.01,watermelon
105.5,15.6,48.7,26.01,82.85,6.45,51.1,watermelon
96.2,20.8,49.1,26.2,84.79,6.61,52.49,watermelon
95.8,8.9,50.6,25.54,85.93,6.46,48.57,watermelon
113.4,11.4,51.2,25.21,84.44,6.45,47.32,watermelon
103.8,23.3,50.8,25.55,83.36,6.59,57.19,watermelon
97.5,15.9,49.1,25.26,80.42,6.57,47.18,watermelon
89.3,20.6,48.2,25.33,87.44,6.27,44.89,watermelon
101.8,22.3,47.4,25.7,85.97,6.16,52.66,watermelon
105.8,16.2,52.1,26.07,85.17,6.42,46.76,watermelon
99.7,19.9,49.5,24.4,87.11,6.53,48.73,watermelon
105.7,23.9,45.3,25.72,82.62,6.58,50.43,watermelon
104.2,15.4,46.9,25.27,85.68,6.67,46.09,watermelon
106.8,14.8,50.6,25.25,85.3,6.65,45.91,watermelon
95.5,18.3,54.0,25.07,88.4,6.83,49.68,watermelon
98.0,14.6,49.9,24.8,84.87,6.75,47.96,watermelon
98.4,10.4,50.6,25.63,85.11,6.46,49.02,watermelon
103.3,17.4,50.5,25.61,86.87,6.61,50.64,watermelon
110.1,19.3,52.2,25.8,81.93,6.72,50.45,watermelon
99.7,18.7,49.4,25.61,84.01,6.71,49.62,watermelon
97.4,13.6,50.4,25.59,85.65,6.33,44.66,watermelon
104.2,23.7,48.3,26.29,85.47,6.5,48.67,watermelon
90.8,21.6,48.7,25.11,86.65,6.19,44.92,watermelon
99.9,18.7,50.8,25.35,89.22,6.46,49.23,watermelon
94.7,18.0,51.0,26.1,82.52,6.46,51.49,watermelon
103.9,17.5,50.9,25.1,87.6,6.67,45.52,watermelon
92.8,13.1,51.1,24.86,84.45,6.58,49.78,watermelon
101.7,13.1,51.0,25.19,84.46,6.54,50.34,watermelon
100.2,14.4,49.5,25.5,82.71,6.42,51.29,watermelon
91.5,22.3,52.1,24.88,87.26,6.48,51.4,watermelon
96.7,21.3,50.7,25.09,83.06,6.26,50.63,watermelon
103.8,20.2,49.8,24.92,83.86,6.69,48.38,watermelon
101.0,13.0,50.6,25.27,86.74,6.63,48.35,watermelon
99.2,15.2,47.6,25.07,85.33,6.55,50.5,watermelon
98.0,21.4,50.1,25.85,82.04,5.85,50.95,watermelon
90.5,16.6,49.5,26.29,85.67,6.53,52.79,watermelon
102.5,15.6,51.8,24.95,85.54,6.24,50.68,watermelon
101.3,24.5,47.4,25.2,86.37,6.56,50.6,watermelon
93.6,15.0,52.1,25.47,85.63,6.48,46.06,watermelon
106.2,19.6,53.8,27.99,93.19,6.2,25.26,muskmelon
106.5,8.9,49.7,28.22,91.92,6.39,26.87,muskmelon
99.1,18.4,50.2,28.5,91.59,6.48,25.49,muskmelon
102.6,14.1,49.2,28.41,91.22,6.15,24.0,muskmelon
103.5,14.8,48.3,28.09,92.12,6.31,28.61,muskmelon
107.0,21.8,51.9,28.0,91.48,6.22,27.22,muskmelon
96.4,12.3,49.3,28.38,92.72,6.38,23.62,muskmelon
104.6,14.8,49.7,28.84,91.97,6.28,25.99,muskmelon
94.3,15.9,50.9,29.53,93.0,6.41,25.88,muskmelon
92.8,18.0,50.0,28.66,92.6,6.39,24.48,muskmelon
100.4,12.4,49.5,29.2,92.77,6.35,28.16,muskmelon
90.9,12.9,52.9,28.52,92.3,6.21,25.75,muskmelon
103.6,12.9,49.8,28.33,92.71,6.22,27.09,muskmelon
106.1,16.0,49.6,28.43,91.85,6.3,24.55,muskmelon
110.8,21.4,51.6,28.68,91.57,6.35,26.62,muskmelon
91.6,20.2,53.9,29.03,93.68,6.38,26.61,muskmelon
95.2,20.8,51.1,28.64,93.6,6.29,24.69,muskmelon
100.6,13.2,50.4,27.64,93.37,6.36,24.13,muskmelon
94.4,16.5,51.1,28.77,91.91,6.25,26.09,muskmelon
95.2,17.7,50.2,28.66,93.22,6.2,21.81,muskmelon
96.2,25.0,53.4,29.42,92.34,6.14,21.09,muskmelon
95.9,16.7,52.2,28.93,92.69,6.25,23.4,muskmelon
101.7,20.4,50.7,27.98,93.04,6.4,23.22,muskmelon
94.8,20.4,49.6,29.29,92.92,6.29,24.98,muskmelon
100.4,14.5,48.5,28.85,93.2,6.42,27.53,muskmelon
96.4,24.5,48.5,27.99,91.03,6.3,24.16,muskmelon
103.5,18.5,48.0,28.3,92.19,6.14,23.37,muskmelon
94.9,23.5,50.3,28.83,91.25,6.49,27.17,muskmelon
86.7,14.6,50.8,28.82,91.93,6.31,24.0,muskmelon
100.7,22.5,48.7,29.0,91.85,6.25,26.36,muskmelon
106.1,21.0,47.8,28.27,93.19,6.35,23.21,muskmelon
103.1,14.5,53.0,29.27,93.0,6.51,25.11,muskmelon
105.1,23.7,50.4,28.37,91.08,6.34,26.37,muskmelon
106.3,19.6,49.1,27.51,92.09,6.31,24.48,muskmelon
104.1,25.8,50.2,28.39,92.28,6.36,23.62,muskmelon
100.8,19.4,50.3,28.73,92.86,6.14,26.06,muskmelon
95.5,12.9,48.2,28.72,92.31,6.15,25.8,muskmelon
90.4,18.1,50.4,28.94,93.98,6.19,24.91,muskmelon
98.2,19.3,50.4,28.32,92.13,6.22,26.65,muskmelon
103.1,21.3,49.5,28.17,91.6,6.39,23.27,muskmelon
112.3,12.1,50.5,29.28,93.0,6.37,23.39,muskmelon
90.8,20.7,52.5,28.28,91.55,6.06,23.37,muskmelon
99.2,24.2,51.1,28.65,92.17,6.28,27.34,muskmelon
101.3,8.7,48.9,28.07,92.04,6.42,24.82,muskmelon
99.5,23.0,48.8,29.43,91.94,6.36,24.53,muskmelon
100.8,19.4,50.7,28.12,91.56,6.64,24.19,muskmelon
104.7,10.8,49.5,28.44,92.89,6.03,25.28,muskmelon
92.3,18.9,48.3,28.07,92.27,6.23,24.21,muskmelon
92.0,9.9,51.7,27.85,92.35,6.44,23.98,muskmelon
94.5,18.4,51.9,27.92,92.37,6.15,24.34,muskmelon
100.2,13.9,49.2,27.8,92.56,6.47,23.17,muskmelon
95.8,19.6,52.0,27.75,92.36,6.38,24.83,muskmelon
83.5,19.6,52.5,28.56,91.64,6.29,27.95,muskmelon
106.1,20.2,50.6,28.17,92.33,6.34,25.92,muskmelon
110.1,22.2,47.6,28.61,93.11,6.42,23.95,muskmelon
119.4,12.2,48.2,28.62,94.26,6.25,24.56,muskmelon
107.2,17.4,49.4,28.78,92.73,6.47,27.15,muskmelon
102.0,18.7,50.4,28.74,92.55,6.35,26.99,muskmelon
110.1,11.2,50.0,28.16,92.24,6.4,26.12,muskmelon
99.3,9.5,48.4,28.95,90.22,6.49,25.87,muskmelon
108.8,16.7,46.6,28.72,93.56,6.46,23.9,muskmelon
100.6,15.3,48.6,28.98,91.5,6.25,23.16,muskmelon
90.1,18.1,51.9,28.41,91.25,6.45,27.81,muskmelon
95.7,15.5,50.9,29.31,92.07,6.19,26.05,muskmelon
105.3,17.5,49.1,29.0,92.94,6.26,25.08,muskmelon
91.0,20.4,49.6,28.28,92.47,6.35,26.49,muskmelon
103.9,16.8,51.3,28.7,92.14,6.34,24.75,muskmelon
103.4,16.0,49.3,29.48,93.28,6.26,25.95,muskmelon
100.8,19.1,50.2,29.09,92.79,6.34,26.74,muskmelon
101.6,18.0,50.5,28.45,92.51,6.28,23.75,muskmelon
93.3,11.7,48.5,28.41,92.59,6.32,21.07,muskmelon
110.5,22.0,50.7,29.45,91.69,6.57,23.39,muskmelon
101.6,12.2,50.0,28.69,92.37,6.43,25.17,muskmelon
96.5,15.1,51.4,28.17,93.26,6.49,22.22,muskmelon
107.6,26.1,50.4,28.8,93.36,6.32,25.3,muskmelon
91.2,18.1,50.8,28.76,93.39,6.26,24.11,muskmelon
112.6,16.9,50.3,28.47,91.82,6.54,24.12,muskmelon
92.5,15.6,46.7,28.17,91.69,6.42,23.88,muskmelon
105.9,23.3,51.3,28.39,92.62,6.17,24.78,muskmelon
94.3,20.4,54.3,28.75,90.84,6.31,25.2,muskmelon
100.6,14.5,50.4,27.88,91.71,6.43,23.31,muskmelon
103.6,11.8,52.9,28.11,92.31,6.39,24.06,muskmelon
101.0,19.9,51.6,28.9,92.36,6.33,28.92,muskmelon
106.3,13.7,50.2,28.33,92.39,6.21,24.31,muskmelon
112.1,19.9,45.8,29.11,93.41,6.31,26.2,muskmelon
94.3,15.5,52.5,28.36,90.94,6.34,24.87,muskmelon
108.0,17.6,49.3,29.02,92.6,6.26,26.92,muskmelon
101.3,17.5,50.3,27.96,92.06,6.35,24.68,muskmelon
108.5,18.4,51.4,28.5,93.38,6.4,25.02,muskmelon
99.9,13.5,50.8,28.48,92.08,6.48,22.92,muskmelon
97.2,21.8,50.5,28.48,92.71,6.37,22.47,muskmelon
97.7,24.2,48.9,28.34,92.05,6.34,24.03,muskmelon
103.2,18.3,51.3,27.97,92.22,6.32,25.76,muskmelon
94.7,21.3,52.0,28.01,92.09,6.29,29.39,muskmelon
97.1,24.5,47.9,28.01,91.93,6.25,24.55,muskmelon
95.3,14.1,51.9,29.11,93.29,6.41,25.15,muskmelon
96.7,13.5,50.6,27.91,91.67,6.48,28.17,muskmelon
102.6,22.1,49.6,27.83,93.01,6.42,25.12,muskmelon
98.4,21.5,48.4,28.11,91.66,6.36,23.19,muskmelon
95.4,14.6,49.6,27.76,92.57,6.5,25.23,muskmelon
30.1,138.1,201.3,22.54,92.52,6.13,110.87,apple
18.7,134.6,198.1,22.02,92.5,5.98,106.62,apple
25.6,136.5,198.1,23.14,91.2,6.35,110.79,apple
25.5,124.6,199.9,22.61,92.43,5.91,108.56,apple
28.8,132.6,202.6,22.24,92.14,6.14,105.74,apple
21.0,137.1,198.0,21.59,94.06,5.77,113.27,apple
25.2,120.8,199.6,22.72,92.8,6.15,110.89,apple
27.4,129.6,197.6,21.85,91.28,6.17,106.19,apple
25.9,131.4,199.8,23.18,92.13,6.1,112.66,apple
24.5,142.1,197.6,23.14,93.05,5.92,119.29,apple
18.8,130.3,198.0,22.71,91.57,6.07,111.72,apple
23.4,134.1,199.6,21.96,94.83,5.92,103.26,apple
22.2,127.2,201.4,22.66,92.83,5.94,111.34,apple
23.8,132.2,201.4,22.67,92.92,6.08,116.19,apple
26.0,134.0,202.0,22.17,91.79,5.8,113.26,apple
18.8,134.4,199.8,23.07,91.94,5.97,117.18,apple
29.6,129.7,200.3,22.65,92.81,5.96,117.84,apple
18.7,130.7,200.7,22.73,93.63,6.2,111.31,apple
29.3,129.5,201.6,23.41,93.51,6.02,111.12,apple
19.9,133.8,198.1,22.1,91.51,5.92,112.38,apple
25.9,130.0,201.8,22.4,91.84,6.04,120.68,apple
26.1,131.0,197.5,22.39,92.7,5.94,105.56,apple
22.2,138.6,202.4,22.06,93.06,5.8,118.35,apple
25.8,136.5,197.1,22.84,92.49,6.14,116.31,apple
25.2,130.0,201.3,22.47,91.77,5.85,106.35,apple
23.3,137.1,200.3,22.24,93.17,5.86,112.9,apple
24.4,135.7,197.4,22.07,91.13,5.96,117.55,apple
23.3,130.4,201.5,23.03,92.43,6.11,108.01,apple
29.6,141.5,200.9,21.46,92.03,6.1,110.74,apple
29.2,135.0,198.8,22.52,91.76,5.97,110.19,apple
28.9,141.3,197.6,21.54,92.3,5.75,112.69,apple
27.5,138.7,200.3,22.4,90.85,6.0,112.8,apple
27.1,129.5,199.3,21.76,90.59,5.82,105.96,apple
26.1,130.3,199.1,22.01,89.81,6.25,108.33,apple
23.6,126.4,201.6,22.57,91.81,5.93,119.49,apple
24.8,131.7,198.4,21.55,92.37,6.05,117.08,apple
17.5,127.8,199.0,22.5,92.38,5.98,114.2,apple
22.0,136.4,200.7,22.34,93.83,6.26,116.39,apple
14.9,139.1,201.3,23.5,93.53,6.26,116.16,apple
29.5,140.8,200.4,21.71,92.24,6.06,112.81,apple
20.8,125.7,198.8,22.9,93.82,6.15,116.91,apple
24.7,125.2,199.2,22.37,92.09,6.01,114.34,apple
27.8,131.3,196.8,22.26,92.54,6.2,110.13,apple
26.7,133.7,200.1,22.97,91.95,5.9,112.45,apple
22.9,134.6,198.8,22.61,92.42,6.04,110.58,apple
23.9,132.9,200.3,22.5,93.92,5.83,112.23,apple
19.8,134.1,198.1,22.36,92.19,6.05,110.2,apple
23.0,138.5,200.5,22.22,92.29,6.27,111.52,apple
22.7,129.6,199.1,22.2,91.43,5.81,109.04,apple
27.0,130.9,199.7,23.14,93.58,5.95,109.87,apple
22.1,135.4,199.7,22.31,91.82,5.87,113.83,apple
20.6,136.6,199.1,22.43,91.39,6.0,111.13,apple
24.8,138.6,200.3,22.1,91.91,6.1,117.91,apple
25.9,135.4,201.0,23.21,90.88,6.11,116.6,apple
20.5,128.8,198.6,22.14,92.1,6.04,116.11,apple
28.6,129.0,198.6,23.16,93.04,6.01,114.47,apple
24.9,134.7,199.4,22.63,91.24,5.89,109.68,apple
23.8,128.6,199.1,21.74,92.96,5.99,105.39,apple
22.2,133.9,199.1,22.15,92.44,6.06,106.52,apple
26.8,129.2,200.0,22.48,92.06,5.83,111.31,apple
30.4,126.8,202.8,22.37,92.53,5.82,109.29,apple
23.3,128.1,199.7,22.3,94.04,5.81,112.93,apple
25.8,128.0,201.1,22.3,90.42,6.11,107.85,apple
21.5,135.4,199.4,22.96,93.51,5.89,115.81,apple
22.5,141.8,198.8,23.01,93.2,6.05,109.71,apple
24.5,123.5,200.4,22.67,92.61,5.5,107.23,apple
22.5,133.7,200.5,22.41,93.03,5.83,115.04,apple
26.6,134.1,199.7,23.42,92.91,5.84,113.53,apple
27.5,130.0,201.8,22.69,90.55,6.05,110.81,apple
26.8,136.4,200.3,23.33,92.35,6.1,115.85,apple
24.7,135.7,199.0,22.29,91.41,6.04,113.86,apple
28.9,135.8,199.5,21.91,92.86,6.19,115.65,apple
28.6,131.6,199.2,22.13,92.45,5.99,113.36,apple
24.6,131.9,198.7,22.97,92.56,5.97,109.39,apple
20.6,137.9,200.9,21.69,93.14,6.15,113.02,apple
30.3,133.4,197.6,22.68,92.7,5.9,114.89,apple
19.4,136.6,198.5,22.01,92.41,6.07,113.18,apple
22.5,130.4,198.1,22.39,93.4,6.0,116.08,apple
29.9,130.0,199.7,23.59,93.7,5.72,114.11,apple
25.0,135.9,198.8,22.08,91.94,5.9,115.9,apple
21.1,129.9,197.0,23.0,93.56,5.95,111.26,apple
26.5,138.6,200.7,22.15,91.15,5.81,112.81,apple
22.8,133.3,199.1,21.97,91.52,6.26,116.2,apple
30.8,134.7,199.3,23.16,92.47,6.04,112.32,apple
15.2,139.2,200.8,22.66,92.45,6.03,110.01,apple
27.1,127.1,200.3,22.78,92.33,6.06,108.37,apple
21.8,133.5,201.1,21.56,92.94,5.91,111.7,apple
20.5,129.0,201.6,22.52,92.18,5.98,114.54,apple
26.5,132.2,201.8,22.99,92.84,6.01,115.24,apple
26.0,136.9,201.5,21.99,91.6,5.88,116.57,apple
19.7,134.1,200.6,23.08,92.65,5.78,108.5,apple
21.1,130.3,199.7,21.92,93.73,5.78,118.11,apple
29.0,136.2,198.8,22.67,91.44,6.15,112.19,apple
23.6,127.4,195.9,21.98,93.43,5.93,111.79,apple
27.2,140.0,202.2,22.01,90.88,6.39,121.95,apple
25.6,127.2,201.6,22.45,92.41,6.15,113.89,apple
21.0,131.1,201.1,22.76,92.72,6.16,110.99,apple
25.6,118.4,199.3,22.88,92.17,5.92,108.16,apple
28.3,134.8,201.4,21.64,92.37,5.95,111.33,apple
22.9,131.1,201.4,21.54,93.98,6.08,112.32,apple
28.0,11.5,8.9,22.0,93.64,6.98,111.5,orange
23.0,19.5,12.8,26.65,92.43,7.23,111.93,orange
26.7,22.1,11.8,21.97,93.03,6.87,106.92,orange
24.1,17.2,7.2,26.08,90.19,7.9,115.01,orange
24.1,17.5,10.5,20.05,92.66,6.95,109.69,orange
25.6,12.0,10.1,23.18,92.61,6.93,113.79,orange
23.8,18.4,12.2,22.17,92.68,6.97,114.12,orange
24.1,22.8,9.8,18.92,93.07,6.9,112.07,orange
15.9,17.5,9.2,18.07,92.04,6.81,109.84,orange
20.4,18.8,12.3,23.67,93.17,7.36,114.12,orange
31.2,15.4,8.8,25.76,93.09,7.26,116.3,orange
25.0,19.3,8.4,31.4,92.22,6.9,108.84,orange
22.9,14.5,9.1,16.81,91.85,7.65,112.45,orange
28.1,22.4,13.1,15.12,91.48,6.73,108.43,orange
24.0,15.6,10.4,22.65,91.9,6.27,106.69,orange
23.2,16.5,8.1,20.45,91.56,6.96,106.42,orange
22.2,12.0,9.7,18.89,93.26,7.14,109.77,orange
22.3,19.1,11.2,23.09,93.84,7.15,113.05,orange
25.4,20.3,8.7,20.59,92.79,7.11,111.69,orange
28.7,11.6,8.4,23.46,91.9,8.13,111.72,orange
24.7,15.4,9.2,22.63,92.59,6.85,109.09,orange
29.5,23.3,10.4,16.91,92.95,7.52,114.57,orange
27.4,23.4,10.1,25.12,91.93,7.1,114.43,orange
23.0,13.9,10.2,21.56,93.04,6.85,115.73,orange
20.7,22.7,8.7,15.02,92.7,6.92,106.3,orange
19.4,17.5,11.6,24.94,92.55,7.16,109.91,orange
20.2,11.6,9.7,21.83,93.21,7.25,112.02,orange
24.1,11.7,10.7,24.69,90.51,6.72,107.7,orange
25.4,14.2,9.9,21.62,92.37,6.76,107.87,orange
21.4,19.1,11.0,19.29,93.77,6.9,115.1,orange
22.9,9.1,10.7,23.54,92.53,6.79,109.88,orange
23.3,16.2,11.4,23.27,93.01,6.92,108.86,orange
21.2,16.0,5.0,20.04,92.43,7.19,109.1,orange
26.2,8.4,9.9,15.5,91.49,6.94,114.25,orange
26.2,17.6,10.0,19.53,92.05,7.14,105.38,orange
27.0,15.9,11.4,26.5,91.11,6.81,107.15,orange
19.0,13.2,14.1,25.04,94.1,7.28,107.53,orange
23.7,20.0,10.7,20.09,91.24,8.1,109.53,orange
23.9,18.0,9.6,23.01,93.57,6.96,106.12,orange
24.5,15.6,12.4,27.38,92.59,6.57,105.91,orange
25.1,18.9,9.4,20.5,92.01,6.99,102.06,orange
21.3,14.9,12.0,19.11,92.65,7.08,114.33,orange
29.2,17.3,9.2,19.73,92.3,6.86,111.85,orange
26.4,20.0,12.1,30.26,92.6,7.37,108.83,orange
29.0,21.9,11.7,22.89,91.94,6.54,109.87,orange
30.1,16.2,11.3,26.02,92.26,7.44,100.3,orange
20.9,13.7,8.6,23.9,92.74,7.13,111.99,orange
21.8,12.4,10.7,19.87,91.19,7.32,114.65,orange
30.2,18.3,11.0,28.21,91.97,7.37,110.92,orange
28.0,18.3,12.2,23.43,91.26,7.48,106.84,orange
29.2,17.1,12.0,27.23,92.86,7.17,111.41,orange
18.3,18.0,8.1,23.21,91.55,6.61,115.35,orange
28.6,17.5,10.3,21.47,92.97,6.77,113.31,orange
24.2,15.8,10.0,20.04,92.77,6.82,111.56,orange
29.1,14.5,9.8,24.42,92.14,7.15,111.85,orange
28.6,15.0,8.4,21.22,91.69,7.19,106.13,orange
32.8,22.9,10.0,26.11,91.14,7.84,108.03,orange
24.6,9.8,10.8,17.89,92.58,6.82,106.41,orange
22.3,18.4,7.9,19.38,93.05,7.87,111.59,orange
21.9,16.0,10.1,21.04,93.25,7.07,113.03,orange
24.0,23.0,9.7,18.45,94.31,6.39,107.54,orange
22.9,28.0,13.0,28.72,92.22,7.81,111.23,orange
28.3,18.2,9.9,21.45,92.33,7.2,111.22,orange
24.9,23.8,5.1,24.62,93.1,7.38,109.78,orange
25.7,21.6,12.5,21.25,92.72,7.56,102.92,orange
22.7,23.6,11.8,24.68,92.13,6.71,108.03,orange
30.2,14.9,10.2,19.36,93.2,6.82,109.67,orange
19.4,10.8,10.0,16.98,94.25,6.31,107.33,orange
25.1,16.0,8.2,18.51,91.67,6.9,116.51,orange
25.3,22.4,10.8,27.14,90.17,6.9,114.36,orange
23.1,24.8,12.5,20.55,92.08,6.66,107.9,orange
20.9,19.3,7.6,25.02,93.02,6.45,115.17,orange
26.7,20.6,8.7,25.09,93.44,6.97,116.67,orange
25.1,22.3,10.5,24.94,91.11,7.12,107.55,orange
22.2,24.8,9.6,18.32,92.2,6.57,114.78,orange
22.7,19.7,12.3,20.42,92.94,6.66,118.15,orange
28.1,16.7,8.7,22.03,92.22,7.65,105.91,orange
25.4,17.4,9.8,22.05,92.4,7.29,112.03,orange
26.4,5.0,10.5,15.6,93.04,7.49,106.91,orange
24.1,15.0,12.1,22.9,93.94,7.14,110.81,orange
25.2,20.9,7.1,22.86,92.44,7.24,109.37,orange
21.5,17.5,8.2,14.48,93.11,7.19,111.56,orange
29.3,14.7,7.6,22.21,92.21,6.72,109.73,orange
23.0,9.8,9.3,17.77,92.69,6.78,113.71,orange
30.3,20.3,7.4,28.77,93.81,7.01,114.41,orange
23.2,9.7,8.7,29.71,91.26,7.0,110.11,orange
23.3,15.7,10.1,20.16,91.31,7.07,113.58,orange
27.9,14.1,7.9,21.32,93.81,7.22,112.35,orange
28.0,19.3,10.2,25.26,92.04,6.53,112.41,orange
29.1,12.8,11.4,29.5,92.5,6.73,110.41,orange
23.2,14.9,10.7,15.82,91.3,7.01,109.93,orange
26.1,25.3,10.2,24.99,91.69,7.26,108.25,orange
25.2,17.0,11.7,17.04,90.6,6.93,111.56,orange
25.5,22.6,10.7,20.15,90.56,6.92,113.43,orange
23.7,17.6,10.7,18.27,93.02,7.55,109.42,orange
21.2,17.2,6.3,23.9,92.88,7.56,109.35,orange
26.4,13.9,9.4,16.15,92.34,6.9,111.0,orange
22.9,17.8,9.4,21.12,92.57,7.01,112.54,orange
24.6,16.0,9.7,19.52,92.2,7.68,106.96,orange
24.1,15.9,9.6,21.12,92.73,6.43,113.46,orange
59.2,52.3,46.2,30.08,92.3,6.97,164.01,papaya
42.9,54.6,49.9,34.39,91.4,6.74,119.88,papaya
47.6,58.6,51.3,36.44,92.98,6.71,170.01,papaya
57.1,58.1,49.0,31.76,92.56,6.95,155.54,papaya
50.9,54.0,49.2,41.12,92.17,6.83,131.84,papaya
56.7,60.8,49.0,31.26,93.88,6.83,172.67,papaya
60.2,59.4,53.4,33.65,92.98,6.63,116.13,papaya
47.0,62.8,45.7,32.09,90.01,6.68,127.82,papaya
64.2,59.2,48.6,37.23,92.51,6.75,102.91,papaya
48.4,54.1,50.1,33.77,93.79,6.78,50.24,papaya
56.8,51.5,48.4,30.66,91.95,6.64,152.12,papaya
45.6,59.0,53.7,28.85,92.26,6.54,134.47,papaya
59.3,60.5,50.1,36.61,94.62,6.89,126.71,papaya
45.3,55.8,48.4,35.08,91.52,6.74,174.33,papaya
54.3,53.6,52.0,26.92,92.23,6.75,145.56,papaya
56.2,60.0,49.9,32.21,92.16,6.7,172.56,papaya
50.7,61.0,50.0,31.68,93.02,6.69,167.34,papaya
56.4,55.0,50.9,35.41,93.46,6.83,162.19,papaya
47.5,67.7,47.7,36.82,92.86,6.65,140.65,papaya
54.5,62.9,48.8,32.58,90.55,6.89,107.53,papaya
57.2,57.1,49.8,36.33,93.89,6.77,167.93,papaya
57.2,61.7,49.2,37.26,93.43,6.84,121.89,papaya
53.9,58.5,47.7,39.08,92.49,6.77,124.8,papaya
46.2,55.0,50.4,35.86,92.63,6.78,133.2,papaya
58.3,63.7,51.2,36.33,92.75,6.62,108.44,papaya
58.0,57.5,50.7,39.37,93.11,6.85,148.31,papaya
49.6,57.3,48.7,38.95,93.16,6.79,188.26,papaya
41.5,60.0,47.8,33.47,92.24,6.81,152.99,papaya
64.0,55.0,51.2,34.07,91.14,6.67,139.75,papaya
62.4,59.4,48.1,33.01,94.18,6.76,133.54,papaya
58.3,60.7,49.2,35.26,92.23,6.81,150.94,papaya
58.2,54.3,48.6,36.81,92.43,6.77,134.28,papaya
61.0,55.0,49.8,36.25,93.48,6.71,213.59,papaya
57.1,53.2,50.6,32.16,92.86,6.75,147.6,papaya
48.9,61.6,48.1,29.62,92.81,6.88,132.66,papaya
59.7,62.0,51.4,32.41,91.59,6.57,135.8,papaya
62.9,52.8,51.2,30.17,92.59,6.81,121.92,papaya
56.1,55.8,51.2,34.32,92.55,6.88,168.18,papaya
50.4,57.1,49.9,33.78,94.6,6.78,73.74,papaya
51.4,49.4,49.5,26.54,91.77,6.62,158.45,papaya
55.0,58.8,49.8,28.62,92.93,6.91,159.32,papaya
52.2,51.5,48.5,35.09,93.39,6.77,173.0,papaya
59.7,59.6,48.9,34.11,91.79,6.75,156.58,papaya
66.2,52.0,50.8,38.68,93.13,6.82,165.57,papaya
63.7,53.0,47.7,33.48,90.7,6.85,187.73,papaya
52.1,56.0,49.9,33.68,92.61,6.8,138.96,papaya
61.3,59.4,49.0,38.17,91.37,6.74,178.84,papaya
50.2,58.8,50.9,30.49,92.44,6.74,125.69,papaya
70.3,54.3,51.7,32.13,91.59,6.76,167.72,papaya
61.1,64.0,54.9,34.38,91.95,6.79,135.68,papaya
61.2,52.1,53.9,36.5,91.1,6.69,173.56,papaya
62.8,52.2,51.2,26.68,92.43,6.84,125.7,papaya
45.0,58.1,49.0,35.7,91.76,6.69,74.26,papaya
56.1,56.8,48.0,34.18,93.36,6.73,154.39,papaya
56.8,52.5,53.4,31.85,93.05,6.81,140.11,papaya
59.0,58.5,47.6,32.34,91.99,6.71,99.36,papaya
62.5,64.2,51.6,37.95,92.21,6.7,117.75,papaya
59.3,58.4,49.9,38.03,92.84,6.68,121.17,papaya
59.5,61.8,50.9,40.14,93.86,6.79,115.65,papaya
46.3,55.9,51.3,39.89,92.85,6.85,136.41,papaya
59.2,60.9,46.7,32.05,93.29,6.77,103.12,papaya
38.8,56.0,49.9,30.41,92.62,6.79,168.47,papaya
39.3,52.0,49.5,35.5,92.91,6.79,131.58,papaya
52.8,54.5,51.3,30.28,93.21,6.77,143.42,papaya
50.6,51.9,48.9,32.34,90.53,6.73,177.35,papaya
58.8,55.4,50.1,31.55,92.62,6.88,178.9,papaya
58.5,55.4,51.2,27.6,92.29,6.8,170.91,papaya
59.5,58.7,49.7,35.38,91.71,6.68,147.16,papaya
56.2,49.9,50.8,36.2,92.44,6.95,121.1,papaya
52.6,55.9,49.9,32.35,91.33,6.7,141.58,papaya
63.2,66.7,52.2,30.79,91.92,6.74,207.46,papaya
53.9,52.0,49.2,36.15,93.07,6.73,168.92,papaya
39.8,57.9,51.4,30.58,91.8,6.59,200.65,papaya
50.2,58.5,51.0,38.79,92.37,6.71,151.06,papaya
63.6,56.8,48.4,28.11,91.48,6.82,133.78,papaya
50.9,54.5,50.1,32.66,92.27,6.86,198.83,papaya
44.3,58.9,48.7,32.63,92.76,6.73,153.07,papaya
59.5,58.7,48.9,31.3,91.3,6.68,213.67,papaya
49.7,52.5,50.5,33.11,92.34,6.87,164.22,papaya
51.5,55.7,49.2,36.56,92.24,6.6,143.31,papaya
44.8,66.6,48.4,32.93,92.72,6.73,134.85,papaya
57.8,63.9,51.3,38.67,91.63,6.78,150.43,papaya
57.3,63.2,49.6,32.08,92.94,6.6,136.71,papaya
54.1,53.7,51.8,29.78,92.39,6.77,192.37,papaya
54.9,61.4,51.2,33.93,91.59,6.63,148.73,papaya
51.4,61.3,51.2,32.85,91.54,6.79,109.37,papaya
49.9,53.4,49.8,37.6,92.5,6.71,91.6,papaya
58.7,54.2,50.2,32.26,93.2,6.74,142.94,papaya
58.2,66.3,51.5,33.19,92.5,6.71,111.75,papaya
51.3,54.3,51.1,29.75,93.61,6.81,145.72,papaya
55.0,55.2,50.5,37.31,91.91,6.62,169.61,papaya
57.2,52.8,48.8,30.49,91.9,6.72,135.67,papaya
50.7,54.3,49.6,34.09,92.24,6.85,162.78,papaya
44.4,59.7,51.0,31.98,91.25,6.75,144.73,papaya
47.5,51.5,49.9,32.68,92.15,6.74,106.4,papaya
52.1,59.7,49.4,27.65,92.11,6.66,154.35,papaya
57.1,50.6,51.3,29.61,93.8,6.75,101.38,papaya
47.4,59.0,49.3,33.16,93.84,6.69,147.1,papaya
64.5,58.6,47.3,35.27,91.53,6.87,116.2,papaya
74.8,63.6,48.7,33.57,93.13,6.82,160.48,papaya
29.2,17.0,9.4,26.33,95.79,6.06,182.11,coconut
27.7,9.0,10.5,26.61,97.0,5.75,202.16,coconut
25.3,19.5,12.8,26.78,95.1,6.04,169.84,coconut
24.9,14.5,9.9,25.33,95.14,5.98,172.18,coconut
25.7,11.5,13.2,26.45,94.28,5.84,177.88,coconut
29.6,21.8,11.4,26.77,93.96,5.76,174.32,coconut
24.2,21.9,10.5,27.31,96.3,5.92,149.08,coconut
29.6,23.2,7.7,27.25,95.07,6.03,203.07,coconut
29.5,20.2,10.8,26.81,93.9,5.99,163.21,coconut
23.9,16.0,8.9,26.57,94.01,6.08,151.81,coconut
24.6,18.0,9.5,26.41,92.12,6.06,187.75,coconut
26.6,21.8,10.3,26.74,94.73,6.11,152.53,coconut
22.0,24.1,5.9,26.43,96.26,5.98,171.09,coconut
25.4,16.0,10.1,26.16,96.16,6.24,175.39,coconut
20.4,15.3,9.7,26.75,92.99,5.87,185.59,coconut
28.1,14.9,7.8,28.14,95.67,5.96,191.26,coconut
24.6,21.1,10.3,26.55,94.33,5.76,208.19,coconut
21.9,11.8,9.6,26.02,94.42,6.11,193.26,coconut
27.7,16.2,10.1,26.7,91.86,6.1,154.43,coconut
31.8,15.8,9.7,26.12,93.56,6.38,192.39,coconut
19.8,23.8,12.0,26.36,94.96,6.0,208.73,coconut
22.3,18.1,9.3,25.78,97.79,5.8,180.99,coconut
19.2,15.8,10.7,26.09,95.38,5.96,195.87,coconut
29.5,15.1,10.1,26.59,95.43,6.0,180.51,coconut
24.2,18.0,12.2,26.82,95.55,6.12,175.06,coconut
26.1,13.0,12.1,25.11,94.37,6.19,155.91,coconut
26.3,14.7,9.4,26.97,94.8,5.66,162.04,coconut
28.3,19.4,12.9,27.34,93.99,6.42,177.89,coconut
21.8,14.9,6.2,27.3,96.89,5.83,173.89,coconut
25.3,13.5,7.1,26.39,94.02,5.94,181.03,coconut
29.8,16.2,10.3,26.86,95.33,5.9,179.03,coconut
26.8,12.8,12.1,27.22,93.42,6.03,187.67,coconut
23.2,19.5,10.3,25.77,95.19,5.82,192.37,coconut
22.8,16.8,12.3,26.75,92.88,5.83,168.01,coconut
26.3,19.0,8.6,25.92,94.92,5.97,211.66,coconut
25.1,25.1,8.0,25.71,92.82,6.2,205.3,coconut
22.4,15.6,8.1,25.59,95.58,6.04,177.67,coconut
20.3,24.3,9.2,26.77,92.32,5.97,182.11,coconut
26.1,18.1,10.8,25.93,94.8,6.02,181.17,coconut
25.2,12.2,7.8,25.39,95.73,6.14,190.86,coconut
26.0,8.6,8.3,26.59,94.7,5.96,183.34,coconut
25.0,18.0,8.9,26.99,93.85,5.78,165.29,coconut
23.8,21.6,9.9,26.41,92.63,6.13,167.18,coconut
24.7,23.7,10.8,25.69,91.85,5.99,158.3,coconut
27.2,17.7,10.3,26.15,97.11,6.47,173.09,coconut
26.2,17.9,9.6,26.08,92.87,5.81,183.92,coconut
23.3,6.8,10.7,26.48,96.52,6.06,154.09,coconut
17.6,14.5,9.0,26.97,94.49,6.19,156.52,coconut
28.2,20.5,6.6,27.16,94.64,6.07,163.81,coconut
29.3,12.6,11.4,26.91,93.04,6.33,181.17,coconut
27.2,11.1,13.5,25.89,96.04,5.83,167.7,coconut
27.6,21.8,7.9,27.05,96.07,5.84,202.81,coconut
20.1,14.9,10.8,26.07,94.9,6.04,174.54,coconut
27.8,16.5,10.4,27.07,95.69,6.13,159.3,coconut
26.7,13.8,7.9,26.46,93.14,6.13,190.4,coconut
18.7,14.0,7.6,26.27,95.18,5.96,168.16,coconut
29.3,7.9,12.1,26.23,94.38,5.91,201.93,coconut
20.9,17.5,10.9,25.69,93.12,5.98,163.46,coconut
22.3,16.0,11.1,26.33,96.12,5.83,157.68,coconut
31.4,14.8,7.8,25.63,96.11,5.94,173.48,coconut
24.5,21.7,9.7,27.67,94.7,6.18,190.25,coconut
24.9,15.1,10.6,26.76,93.64,6.03,197.07,coconut
31.9,21.1,13.1,26.19,95.55,6.22,163.31,coconut
23.4,24.7,8.4,25.83,96.79,6.2,184.34,coconut
24.8,15.7,10.5,27.29,94.86,6.36,163.28,coconut
24.9,15.9,8.2,26.42,95.13,6.09,211.87,coconut
26.5,22.3,10.1,27.34,98.1,6.09,161.78,coconut
23.2,18.7,10.8,26.85,95.19,6.0,167.43,coconut
26.3,25.2,11.7,26.77,96.04,5.94,169.45,coconut
22.5,17.0,9.3,27.1,93.79,5.87,208.26,coconut
23.5,18.1,10.8,25.93,96.35,6.11,202.17,coconut
22.7,17.9,10.1,26.63,92.32,6.02,154.91,coconut
26.2,8.6,6.9,26.91,93.68,5.84,197.62,coconut
26.1,21.1,9.7,27.84,93.59,6.29,176.53,coconut
19.5,19.5,10.5,25.97,93.12,6.0,183.04,coconut
16.8,21.9,9.2,25.83,95.91,6.0,196.76,coconut
26.5,17.5,9.7,26.74,93.88,5.86,187.16,coconut
24.5,17.6,11.8,26.44,94.52,5.9,184.32,coconut
26.2,21.3,9.0,26.27,95.69,6.04,163.15,coconut
29.4,10.4,11.3,25.87,97.33,5.74,195.74,coconut
24.7,16.0,10.3,26.82,93.14,5.86,187.79,coconut
19.3,15.1,15.1,26.02,96.22,5.9,185.56,coconut
27.2,22.2,9.7,27.49,93.62,6.04,181.38,coconut
21.3,16.3,10.3,26.28,98.16,5.86,196.17,coconut
27.9,17.4,8.6,26.12,93.72,5.7,161.61,coconut
20.1,23.1,11.0,26.89,95.38,6.03,200.63,coconut
23.0,17.9,11.2,25.84,99.14,6.0,179.75,coconut
29.2,21.3,10.1,26.57,92.24,5.91,185.69,coconut
26.5,22.6,9.8,25.81,96.09,6.24,191.72,coconut
24.5,21.9,15.7,26.56,92.53,5.9,187.4,coconut
19.7,18.2,10.6,27.27,96.47,6.14,143.26,coconut
28.1,20.4,10.4,25.63,93.33,5.81,145.6,coconut
25.0,14.2,14.4,26.42,96.44,5.74,169.11,coconut
25.3,13.7,9.3,26.39,94.15,6.31,183.49,coconut
26.6,19.7,11.0,26.46,94.02,6.03,195.82,coconut
28.8,16.5,11.3,26.4,94.55,5.92,174.62,coconut
29.5,17.9,10.2,25.78,94.04,5.96,164.37,coconut
25.1,15.7,10.1,26.56,93.07,5.93,178.73,coconut
28.9,18.6,8.9,26.7,97.06,6.15,186.17,coconut
27.4,23.5,11.8,26.78,96.1,5.82,153.71,coconut
125.8,47.8,19.1,24.55,76.9,6.7,72.58,cotton
116.8,53.7,17.7,23.61,81.51,7.14,69.46,cotton
128.4,48.7,23.9,24.27,79.76,6.59,71.28,cotton
120.9,53.2,20.0,24.38,82.52,6.04,81.39,cotton
125.3,49.3,18.6,23.5,80.81,7.77,80.02,cotton
131.3,46.7,19.0,23.48,79.19,6.15,71.38,cotton
122.2,46.8,20.2,24.24,79.98,6.69,65.18,cotton
122.1,43.4,20.8,24.61,81.56,7.18,74.33,cotton
122.4,44.4,17.5,24.66,79.71,6.44,70.87,cotton
120.7,47.7,21.8,23.77,76.25,6.83,74.22,cotton
123.9,44.9,20.4,24.04,79.96,7.05,72.85,cotton
122.6,53.3,20.9,24.55,82.04,7.09,79.64,cotton
117.1,48.4,19.7,25.12,81.55,6.67,76.86,cotton
125.8,49.4,18.3,24.24,79.62,7.0,71.38,cotton
122.1,52.4,18.2,23.35,79.91,6.62,70.57,cotton
125.5,41.2,18.3,25.37,80.77,6.63,77.09,cotton
127.8,51.6,19.8,24.65,76.6,6.51,75.82,cotton
126.6,43.7,20.4,23.58,79.54,7.28,79.54,cotton
120.0,43.1,19.3,23.98,78.9,7.28,76.74,cotton
127.0,42.2,21.9,22.12,81.39,7.24,72.84,cotton
131.4,47.2,20.1,24.23,85.31,7.39,78.51,cotton
120.4,48.1,18.6,24.55,80.23,6.49,75.41,cotton
120.8,48.1,18.6,24.02,81.25,6.88,73.05,cotton
126.0,50.4,18.2,24.17,82.2,7.11,75.29,cotton
128.2,49.4,21.3,22.65,77.41,7.27,67.47,cotton
127.0,46.0,18.3,24.23,80.34,7.67,71.88,cotton
132.2,49.0,18.9,24.53,80.94,6.91,76.33,cotton
122.0,44.1,21.3,23.85,79.87,7.0,76.33,cotton
117.9,52.9,20.2,23.86,80.72,6.99,78.84,cotton
127.7,50.5,22.3,24.59,79.73,6.49,83.34,cotton
123.8,45.5,17.1,24.23,80.25,6.34,77.27,cotton
122.5,58.7,19.1,23.71,78.54,7.37,73.14,cotton
121.4,50.4,17.7,24.42,82.97,7.11,78.19,cotton
129.4,54.6,22.0,24.29,81.51,6.58,78.88,cotton
120.0,46.0,14.9,24.27,78.93,7.31,76.95,cotton
130.6,43.0,21.7,25.4,81.27,7.19,75.85,cotton
122.4,50.7,17.5,23.72,77.05,6.64,78.21,cotton
127.5,47.7,20.3,22.74,79.38,6.65,71.7,cotton
128.0,43.9,19.0,22.61,79.51,6.5,75.4,cotton
120.2,47.9,19.8,25.11,80.83,6.23,68.68,cotton
125.3,43.6,15.1,24.9,81.2,7.09,71.96,cotton
127.1,44.6,20.3,23.39,82.53,6.32,81.16,cotton
125.2,45.5,20.3,24.49,82.28,7.01,70.55,cotton
125.3,55.1,22.2,24.61,81.33,7.16,80.79,cotton
122.7,41.9,20.1,23.45,78.24,6.64,87.43,cotton
125.7,49.0,18.0,22.77,78.63,7.43,76.67,cotton
128.0,50.6,19.0,24.93,78.95,7.42,77.21,cotton
116.1,44.4,17.0,24.78,79.96,6.08,76.88,cotton
122.3,41.3,22.8,24.07,79.51,6.75,67.43,cotton
118.5,52.9,19.2,24.01,76.59,6.42,78.05,cotton
126.9,54.8,22.2,23.85,80.79,6.78,85.27,cotton
130.7,48.2,20.3,24.96,80.97,7.47,64.03,cotton
127.3,45.4,22.9,25.03,80.05,7.46,83.92,cotton
125.4,57.8,19.9,23.86,81.44,6.77,75.43,cotton
132.0,47.6,17.2,24.24,78.84,7.22,78.48,cotton
132.4,51.3,21.8,23.55,81.34,7.62,71.56,cotton
134.0,45.2,18.6,24.2,81.19,7.23,70.19,cotton
127.2,44.6,17.5,23.38,78.75,7.09,80.76,cotton
117.6,49.0,18.0,24.42,78.96,6.51,79.0,cotton
122.1,46.2,16.3,24.63,81.37,6.9,67.36,cotton
131.0,44.7,19.2,25.54,78.83,7.17,77.81,cotton
127.0,48.7,20.6,24.18,79.91,7.45,68.44,cotton
130.1,50.9,21.2,24.74,79.85,6.21,74.64,cotton
120.0,44.5,17.9,23.68,79.01,6.03,78.5,cotton
136.1,50.0,19.7,23.96,79.3,6.93,74.81,cotton
120.8,54.5,17.5,24.48,79.83,7.6,76.7,cotton
123.2,46.5,20.1,23.24,78.72,6.25,70.39,cotton
125.5,48.8,16.7,23.91,80.94,6.84,71.83,cotton
122.9,45.2,18.9,24.12,83.85,6.63,73.41,cotton
124.7,44.6,21.8,22.42,79.11,7.2,73.53,cotton
120.9,49.3,21.5,24.14,78.66,7.07,72.99,cotton
128.7,53.7,15.7,24.07,77.11,7.8,72.66,cotton
128.7,47.4,18.7,23.39,82.64,7.25,84.72,cotton
125.3,48.7,19.6,23.81,78.26,6.93,71.05,cotton
127.2,48.2,20.5,25.12,79.94,7.18,85.26,cotton
131.5,52.3,19.5,24.15,77.8,7.08,76.37,cotton
125.1,51.8,18.0,25.09,81.5,6.87,74.26,cotton
127.4,53.8,20.2,24.1,80.03,7.55,73.16,cotton
124.9,53.6,20.2,24.76,78.48,6.82,82.42,cotton
121.6,46.9,20.4,23.34,79.31,6.94,75.23,cotton
131.4,53.9,18.6,24.07,81.12,7.46,78.59,cotton
126.5,50.3,21.1,23.38,80.32,7.44,73.96,cotton
125.6,46.5,16.1,24.01,80.5,6.71,69.23,cotton
120.6,50.7,23.3,24.92,77.76,7.21,71.68,cotton
122.1,45.6,21.2,24.64,79.84,6.87,77.32,cotton
127.8,52.4,17.9,24.01,78.22,6.88,73.87,cotton
124.8,44.2,17.5,22.6,79.78,6.74,71.62,cotton
131.6,43.9,22.4,25.08,76.75,6.93,73.0,cotton
110.4,41.5,21.3,25.35,81.5,7.02,74.89,cotton
133.4,56.5,19.0,22.67,76.5,7.38,74.76,cotton
125.9,40.0,18.7,23.8,80.35,6.75,69.81,cotton
121.1,52.5,20.4,24.41,78.5,5.82,72.38,cotton
120.7,49.0,25.5,24.46,84.56,7.11,71.85,cotton
126.7,54.9,23.0,23.62,80.42,6.38,79.12,cotton
132.8,47.7,18.9,24.24,80.7,6.93,75.89,cotton
124.1,51.6,21.2,23.34,78.32,6.81,78.68,cotton
125.7,44.8,20.4,23.78,81.47,7.02,73.42,cotton
126.2,53.0,19.1,24.27,79.88,7.06,71.73,cotton
125.6,52.1,18.4,23.11,77.85,6.47,77.98,cotton
118.0,46.3,21.0,24.28,79.36,6.97,75.54,cotton
73.9,42.0,43.7,24.9,84.13,6.58,174.29,jute
68.3,40.5,43.2,24.24,83.2,6.41,166.22,jute
73.3,42.3,41.5,24.73,79.31,6.67,172.34,jute
70.4,40.3,41.7,23.59,82.7,6.62,168.56,jute
78.7,46.2,41.9,24.75,81.81,6.3,170.65,jute
70.4,45.6,39.4,24.92,80.89,6.5,170.11,jute
81.5,40.6,40.2,24.11,79.48,6.69,168.48,jute
70.2,43.2,38.6,24.09,78.43,6.68,182.86,jute
82.5,40.7,43.6,24.0,81.81,6.53,167.74,jute
71.3,42.4,41.0,24.83,78.43,6.47,167.36,jute
74.4,42.0,38.4,24.63,83.77,6.58,171.39,jute
77.8,41.1,41.1,24.14,83.05,6.78,169.83,jute
72.1,41.2,42.3,23.87,78.89,6.57,174.87,jute
73.6,38.8,39.3,24.45,78.95,6.86,182.66,jute
74.6,43.1,36.4,24.29,81.67,6.6,168.86,jute
86.4,47.0,40.8,25.07,76.29,6.52,171.08,jute
73.8,41.3,35.7,24.69,80.91,7.07,168.43,jute
70.6,35.8,39.5,24.95,78.98,7.2,172.86,jute
75.7,39.1,40.5,23.51,81.16,6.87,186.33,jute
69.9,42.9,40.9,24.72,78.56,6.14,177.89,jute
74.2,41.1,41.3,24.48,77.8,6.25,165.59,jute
87.0,44.3,40.3,24.41,79.59,6.97,170.91,jute
77.9,41.6,43.2,24.87,82.08,6.56,183.82,jute
73.4,42.8,42.7,23.98,80.34,6.8,179.33,jute
72.7,47.7,37.8,25.23,82.03,7.14,161.76,jute
70.7,46.2,36.9,23.7,79.19,6.74,188.27,jute
74.1,41.0,40.5,24.73,80.74,6.66,158.71,jute
70.4,46.1,40.3,24.34,81.86,6.44,173.12,jute
75.7,41.4,40.2,24.41,77.67,6.74,163.93,jute
75.8,45.9,39.5,23.91,79.79,6.51,179.95,jute
74.3,46.8,41.9,24.42,81.19,6.61,175.28,jute
73.2,44.4,42.4,24.9,81.54,6.92,179.59,jute
69.3,46.8,43.0,24.38,79.38,6.84,179.59,jute
74.0,39.4,40.5,24.78,81.21,6.78,172.74,jute
80.0,42.7,39.2,24.41,77.09,6.66,180.74,jute
76.7,46.3,39.6,24.74,81.32,7.25,176.21,jute
69.8,44.6,43.1,24.34,81.4,6.99,183.48,jute
75.6,40.8,39.9,24.73,81.51,6.78,171.83,jute
77.8,44.7,40.6,24.08,79.7,6.92,163.47,jute
64.5,46.3,40.9,24.8,78.21,6.87,177.29,jute
67.1,46.1,40.3,24.3,79.37,6.23,179.94,jute
76.3,42.0,42.1,23.81,79.01,6.5,172.68,jute
75.3,43.6,39.4,24.06,82.81,7.26,176.19,jute
71.2,46.2,37.6,24.33,78.84,6.43,172.67,jute
70.7,42.5,40.0,24.19,79.38,6.65,181.75,jute
74.3,44.6,41.0,24.79,82.31,6.44,171.06,jute
83.8,41.9,35.3,24.4,80.22,6.09,186.12,jute
71.4,43.3,39.6,23.86,78.22,6.48,184.05,jute
74.3,41.2,38.4,25.1,82.44,6.98,179.1,jute
76.4,39.5,39.6,24.16,76.96,6.95,169.2,jute
81.0,44.7,40.9,24.81,78.97,7.13,175.36,jute
76.5,40.9,38.4,24.74,80.36,6.52,163.01,jute
68.7,45.5,39.0,24.33,82.42,6.44,168.94,jute
71.2,46.5,43.3,24.88,81.31,6.56,191.23,jute
76.3,44.6,39.8,24.37,82.77,6.83,187.09,jute
76.3,40.4,39.0,24.55,78.96,6.44,185.01,jute
72.3,42.8,40.5,24.21,82.42,6.44,177.18,jute
76.2,42.4,37.8,24.94,81.24,6.54,180.9,jute
76.9,39.3,38.6,25.07,80.52,6.57,167.85,jute
72.4,41.4,38.6,23.63,81.9,6.93,164.39,jute
75.7,40.2,39.6,24.33,79.29,7.17,171.33,jute
71.0,40.6,41.7,23.67,78.73,7.04,177.03,jute
76.0,47.8,40.4,24.15,79.53,6.44,185.47,jute
77.9,45.3,42.0,24.29,78.43,6.69,167.73,jute
75.8,45.3,39.7,24.57,79.84,6.89,169.44,jute
64.0,43.7,41.6,24.72,78.93,6.44,179.12,jute
75.7,42.2,43.0,24.03,82.96,6.71,159.7,jute
74.1,44.9,39.4,23.76,79.73,6.5,179.1,jute
78.9,39.9,38.8,24.88,78.57,6.45,165.18,jute
76.8,43.3,38.9,24.5,82.55,6.47,158.74,jute
77.3,42.2,38.8,24.83,81.4,6.18,169.56,jute
86.6,44.0,41.1,25.09,80.03,6.89,180.98,jute
77.7,41.7,40.3,24.21,80.02,6.43,168.41,jute
73.6,40.1,39.2,24.42,80.67,6.92,171.14,jute
81.7,44.8,40.8,24.58,80.53,6.98,185.2,jute
81.7,42.6,40.9,25.17,78.96,6.63,175.13,jute
79.5,44.8,39.6,23.75,80.41,6.49,162.58,jute
68.7,43.3,42.3,24.52,80.35,6.98,162.13,jute
77.6,42.5,40.9,24.26,78.64,6.73,188.74,jute
79.3,41.2,37.8,23.66,82.19,6.48,172.29,jute
81.6,38.5,42.5,24.37,78.09,6.64,168.98,jute
77.2,40.9,36.8,24.39,77.74,6.75,165.11,jute
72.6,43.0,39.6,24.63,81.13,6.43,174.46,jute
58.4,43.1,39.5,24.01,80.53,6.97,171.03,jute
70.3,42.9,37.8,24.17,82.04,6.71,159.34,jute
66.0,42.9,41.4,23.69,80.75,7.01,190.73,jute
76.7,43.8,36.4,25.55,79.04,6.48,172.87,jute
82.6,48.0,40.2,25.0,80.07,6.46,187.31,jute
71.9,46.3,42.2,24.81,83.05,7.22,173.54,jute
71.0,37.8,43.7,24.28,81.89,6.53,187.82,jute
71.5,39.5,39.7,24.23,80.99,6.69,180.23,jute
73.5,40.8,39.0,25.52,80.38,6.24,170.66,jute
75.5,47.1,41.7,24.04,84.03,6.69,185.39,jute
69.2,36.5,37.7,22.87,83.52,6.75,167.29,jute
77.3,43.0,41.0,25.1,79.52,6.49,181.9,jute
79.0,42.8,43.6,24.28,78.5,6.8,169.38,jute
77.5,40.4,39.3,25.45,79.32,6.51,184.76,jute
69.7,40.8,41.0,24.97,82.03,6.53,179.97,jute
72.7,41.0,42.0,24.23,80.46,6.74,166.08,jute
79.8,43.9,36.7,24.64,78.71,6.96,162.96,jute
95.4,26.2,30.1,26.14,54.94,6.78,159.06,coffee
105.4,27.9,30.0,24.43,58.12,6.76,169.82,coffee
93.9,15.6,29.6,25.26,59.17,6.59,163.45,coffee
103.3,26.5,27.0,25.22,67.68,6.56,157.1,coffee
99.6,26.4,26.0,25.3,59.87,6.71,153.1,coffee
87.9,26.4,28.7,24.49,57.22,6.59,168.23,coffee
100.3,27.1,30.8,25.58,62.32,6.1,153.89,coffee
91.4,28.9,29.8,25.53,54.98,6.67,160.34,coffee
100.7,22.3,28.7,25.69,57.69,6.57,125.49,coffee
94.7,31.0,30.7,25.64,66.62,6.11,142.31,coffee
95.2,27.9,31.5,24.78,63.33,6.43,167.65,coffee
91.5,24.6,29.2,26.38,58.26,6.49,158.84,coffee
100.7,28.0,30.4,25.15,58.83,6.5,155.62,coffee
96.6,25.1,27.5,26.06,60.6,6.67,152.5,coffee
87.4,23.8,29.7,26.12,53.1,6.51,158.92,coffee
93.6,25.2,29.0,24.89,58.64,6.38,161.05,coffee
93.2,22.0,32.9,26.3,53.79,6.37,155.53,coffee
99.4,20.0,31.9,26.19,61.61,6.73,158.15,coffee
100.1,30.2,31.8,24.8,62.11,6.39,158.8,coffee
100.3,20.4,29.8,25.72,58.55,6.55,162.57,coffee
97.3,25.7,32.3,25.89,60.67,6.34,160.89,coffee
99.4,29.3,30.1,23.99,54.33,6.62,145.37,coffee
100.0,25.4,29.7,25.42,57.12,6.5,145.19,coffee
95.3,23.9,29.6,26.27,59.57,6.67,171.72,coffee
102.5,26.8,30.5,26.22,60.3,6.66,160.18,coffee
95.4,28.0,30.2,25.41,58.41,6.53,164.96,coffee
102.7,26.2,31.0,26.56,59.5,6.31,168.76,coffee
94.4,22.7,27.0,25.98,54.6,6.37,159.85,coffee
101.7,22.8,29.8,24.77,58.17,6.54,146.23,coffee
96.1,20.1,31.9,25.93,62.64,6.72,142.18,coffee
95.4,18.7,35.2,25.38,63.46,6.29,164.95,coffee
108.3,24.8,28.3,25.38,52.58,6.49,162.76,coffee
97.3,24.1,30.9,26.0,54.47,6.51,182.95,coffee
89.7,24.7,33.2,26.42,58.29,6.53,152.47,coffee
93.1,24.8,29.5,25.59,57.51,6.29,151.98,coffee
107.5,25.3,29.4,26.13,59.47,6.81,152.45,coffee
101.6,22.5,30.8,25.73,59.81,6.42,144.52,coffee
99.1,27.1,29.8,25.74,59.87,6.52,149.99,coffee
97.6,34.0,30.5,26.04,61.46,6.46,168.67,coffee
95.8,28.5,29.4,24.7,61.22,6.32,159.2,coffee
90.5,23.9,27.6,27.85,54.49,6.5,166.79,coffee
103.5,27.8,29.5,26.63,63.04,6.54,155.51,coffee
95.7,22.0,32.1,26.59,57.05,6.47,150.71,coffee
97.3,25.2,31.6,24.88,57.18,6.71,146.72,coffee
90.1,23.4,29.4,26.8,63.08,6.69,162.75,coffee
103.0,22.7,29.7,24.68,59.3,6.61,154.18,coffee
105.2,21.2,30.8,24.46,60.31,6.62,149.82,coffee
100.7,21.8,27.2,25.96,65.81,6.33,167.78,coffee
97.8,20.5,28.1,25.51,58.65,6.28,131.32,coffee
92.6,25.6,30.0,25.08,60.67,6.67,157.43,coffee
96.8,28.1,28.4,25.31,59.33,6.29,147.25,coffee
85.4,31.4,28.4,26.82,60.13,6.59,146.39,coffee
98.7,27.2,31.1,26.15,58.77,6.42,132.57,coffee
100.6,28.6,32.7,25.75,57.45,6.22,165.52,coffee
87.0,23.9,29.6,25.44,60.12,6.52,122.31,coffee
97.6,17.6,31.2,25.04,52.81,6.36,145.37,coffee
104.4,25.7,30.6,26.48,59.68,6.63,161.05,coffee
90.0,29.9,27.6,26.26,54.94,6.6,175.77,coffee
96.3,24.1,31.0,25.23,66.06,6.53,148.5,coffee
94.3,21.9,29.0,25.21,58.37,6.39,178.74,coffee
91.5,25.5,31.0,26.03,59.8,6.46,158.14,coffee
99.1,24.1,27.4,25.11,56.18,6.39,152.92,coffee
99.6,30.9,29.1,26.15,61.02,6.72,159.7,coffee
91.6,19.3,30.5,25.06,56.73,6.29,154.51,coffee
106.3,23.6,31.0,25.41,55.7,6.62,138.82,coffee
97.6,23.9,31.5,24.62,61.3,6.36,146.11,coffee
76.3,32.0,30.9,24.86,56.25,6.42,161.46,coffee
86.5,24.5,33.0,24.56,60.27,6.87,160.4,coffee
98.2,26.7,29.3,26.58,58.67,6.17,147.61,coffee
91.9,24.1,29.6,26.5,62.32,6.54,152.46,coffee
91.3,17.7,30.2,26.16,59.64,6.41,158.31,coffee
97.0,30.6,32.1,26.3,62.53,6.28,160.79,coffee
99.7,27.0,30.8,25.88,69.0,6.49,164.2,coffee
94.8,27.6,31.6,25.8,65.56,6.35,146.41,coffee
98.7,27.9,30.3,26.57,57.79,6.31,156.35,coffee
97.0,26.8,30.0,25.22,59.75,6.5,148.69,coffee
96.3,23.7,31.4,25.66,67.52,6.53,145.61,coffee
113.1,26.4,31.7,25.99,62.08,6.59,138.72,coffee
99.6,20.6,29.7,24.9,61.19,6.56,158.51,coffee
99.2,23.0,29.6,26.27,63.56,6.31,133.36,coffee
93.3,28.5,32.0,24.73,61.02,6.81,157.69,coffee
105.8,28.3,28.5,25.34,60.12,6.52,163.95,coffee
99.9,15.2,27.8,23.68,60.58,6.54,156.04,coffee
91.9,27.2,31.2,24.45,55.11,6.5,174.9,coffee
107.4,26.9,28.8,26.24,58.49,6.37,125.7,coffee
98.1,22.9,30.2,23.58,60.57,6.09,166.1,coffee
100.5,24.1,30.9,24.68,60.24,6.63,113.82,coffee
94.9,24.9,29.7,26.71,56.25,6.4,128.55,coffee
106.3,24.2,29.3,25.46,62.12,6.56,185.6,coffee
100.1,23.4,29.1,25.17,54.99,6.51,162.29,coffee
93.9,22.3,32.5,24.31,53.11,6.31,133.24,coffee
99.8,23.8,29.6,26.46,57.7,6.63,171.39,coffee
94.8,27.5,29.6,26.27,54.76,6.23,147.61,coffee
92.3,23.3,29.6,26.1,58.64,6.36,148.11,coffee
93.0,21.9,27.3,25.56,58.1,6.66,134.41,coffee
94.3,31.0,28.4,25.3,55.95,6.28,171.84,coffee
98.5,25.4,27.2,25.8,63.86,6.69,160.85,coffee
90.9,26.0,31.1,24.0,56.26,6.65,163.45,coffee
88.5,27.7,30.2,26.15,57.88,6.61,163.05,coffee
95.5,25.1,28.9,26.88,59.6,6.35,143.55,coffee
