crop,state,season,area_hectares,production_tons,rainfall_mm,fertilizer_kg_ha
Tomato,Punjab,Whole Year,26.32,646.06,729.3,172.4
Wheat,Goa,Rabi,20.82,85.82,464.9,168.1
Grapes,Uttar Pradesh,Rabi,11.86,185.57,765.1,179.5
Maize,Haryana,Kharif,44.23,173.97,630.5,123.6
Tomato,Haryana,Kharif,38.67,567.58,463.0,166.0
Rice,Rajasthan,Zaid,31.97,108.91,848.1,105.9
Chickpea,Madhya Pradesh,Whole Year,17.37,34.73,238.2,27.3
Rice,Gujarat,Zaid,40.95,111.52,1010.1,114.4
Apple,Tamil Nadu,Rabi,48.82,471.68,916.6,86.4
Rice,Goa,Zaid,23.95,79.47,909.9,129.4
Grapes,Karnataka,Kharif,31.62,498.64,927.8,125.0
Tomato,Madhya Pradesh,Whole Year,7.96,140.29,873.4,133.6
Chickpea,Tamil Nadu,Rabi,18.23,24.16,200.0,55.2
Grapes,Rajasthan,Rabi,35.95,576.32,760.8,144.9
Wheat,Goa,Zaid,28.32,85.96,454.8,127.1
Maize,Tamil Nadu,Whole Year,30.72,142.16,630.9,92.0
Apple,Punjab,Kharif,42.16,499.07,635.5,108.6
Banana,Punjab,Whole Year,43.03,1569.46,1098.5,190.4
Grapes,Madhya Pradesh,Kharif,45.22,656.34,789.7,165.8
Maize,Karnataka,Zaid,15.71,75.6,749.7,102.3
Banana,Tamil Nadu,Whole Year,6.11,171.45,1172.2,188.0
Tomato,Maharashtra,Whole Year,36.46,946.67,871.9,130.1
Tomato,Tamil Nadu,Whole Year,14.96,360.65,900.5,158.2
Tomato,Uttar Pradesh,Whole Year,14.75,394.19,804.2,143.9
Rice,Madhya Pradesh,Kharif,13.48,31.88,1234.7,119.1
Potato,Tamil Nadu,Rabi,37.67,678.11,613.1,170.5
Cotton,Gujarat,Zaid,36.41,70.67,501.9,92.3
Grapes,Gujarat,Zaid,17.94,270.87,871.7,148.9
Wheat,Uttar Pradesh,Kharif,4.24,18.22,424.7,109.8
Chickpea,Maharashtra,Zaid,19.2,36.96,370.5,58.2
Cotton,Karnataka,Rabi,42.5,88.18,945.3,92.4
Chickpea,Karnataka,Rabi,3.33,4.47,391.2,41.8
Grapes,Rajasthan,Whole Year,10.81,166.58,689.2,147.4
Chickpea,Madhya Pradesh,Rabi,44.0,68.22,237.7,44.1
Potato,Uttar Pradesh,Kharif,38.51,639.47,479.7,141.4
Chickpea,Karnataka,Zaid,28.16,57.34,732.9,60.1
Banana,Goa,Kharif,15.53,392.24,1188.8,206.4
Wheat,Karnataka,Zaid,3.41,18.7,509.0,129.3
Chickpea,Gujarat,Kharif,21.96,39.48,495.2,45.2
Wheat,Maharashtra,Whole Year,30.29,133.98,671.4,100.8
Tomato,Uttar Pradesh,Whole Year,4.47,118.9,613.6,179.8
Tomato,Rajasthan,Rabi,34.24,967.94,838.0,125.0
Maize,Haryana,Zaid,46.83,184.86,615.1,85.2
Wheat,Gujarat,Whole Year,44.47,162.81,267.4,117.4
Grapes,Punjab,Whole Year,47.38,590.01,721.0,113.4
Wheat,Gujarat,Zaid,39.94,158.78,382.5,168.7
Rice,Madhya Pradesh,Whole Year,45.53,162.44,815.4,140.3
Chickpea,Tamil Nadu,Zaid,2.79,5.13,208.9,82.7
Chickpea,Punjab,Whole Year,27.98,43.45,567.3,56.5
Tomato,Tamil Nadu,Zaid,0.61,13.45,828.3,127.0
Wheat,Gujarat,Rabi,46.9,173.75,552.0,136.3
Wheat,Uttar Pradesh,Zaid,31.34,115.04,544.0,135.8
Banana,Maharashtra,Rabi,28.69,939.72,1271.1,246.6
Tomato,Madhya Pradesh,Kharif,32.57,793.21,603.8,176.4
Cotton,Goa,Rabi,34.46,88.36,676.9,119.0
Wheat,Karnataka,Zaid,8.83,47.4,623.3,140.3
Potato,Rajasthan,Whole Year,16.75,247.36,486.9,143.9
Cotton,Goa,Zaid,24.66,54.63,788.4,69.6
Grapes,Uttar Pradesh,Whole Year,14.31,226.02,774.1,146.9
Banana,Gujarat,Whole Year,7.38,379.37,1160.3,236.3
Chickpea,Goa,Zaid,23.56,35.28,321.4,65.6
Banana,Rajasthan,Zaid,18.86,740.14,1166.5,212.1
Potato,Punjab,Whole Year,49.86,801.73,589.1,161.8
Apple,Uttar Pradesh,Rabi,25.76,319.18,833.0,62.1
Potato,Gujarat,Zaid,12.22,215.72,413.1,155.4
Tomato,Goa,Rabi,19.62,432.71,617.4,169.6
Cotton,Karnataka,Zaid,10.35,22.89,628.6,91.5
Banana,Karnataka,Kharif,16.27,703.17,1362.5,214.0
Rice,Maharashtra,Rabi,8.65,29.25,859.3,85.6
Apple,Maharashtra,Rabi,40.92,798.77,977.3,112.8
Maize,Punjab,Kharif,4.38,22.49,870.3,124.3
Cotton,Gujarat,Rabi,41.48,103.33,752.7,106.3
Apple,Madhya Pradesh,Rabi,34.8,366.63,864.5,80.7
Rice,Rajasthan,Zaid,3.41,9.88,1347.2,122.0
Rice,Tamil Nadu,Zaid,12.4,38.67,758.1,137.2
Rice,Uttar Pradesh,Whole Year,24.36,76.36,1009.6,147.2
Potato,Goa,Rabi,41.59,662.69,701.9,132.1
Chickpea,Maharashtra,Rabi,14.21,23.41,456.8,55.4
Chickpea,Haryana,Rabi,21.18,31.72,545.1,103.6
Maize,Rajasthan,Whole Year,8.83,41.07,600.7,114.7
Maize,Madhya Pradesh,Rabi,8.18,35.42,682.8,90.2
Cotton,Karnataka,Rabi,48.34,99.86,620.0,111.6
Wheat,Haryana,Zaid,16.3,79.0,402.0,118.1
Wheat,Uttar Pradesh,Zaid,48.19,212.26,310.9,140.1
Tomato,Punjab,Rabi,33.0,671.38,904.9,213.1
Banana,Goa,Kharif,2.04,66.16,1390.0,187.9
Maize,Uttar Pradesh,Whole Year,33.62,129.63,816.2,121.1
Potato,Maharashtra,Rabi,9.36,121.87,200.0,148.5
Wheat,Goa,Whole Year,3.16,14.87,312.8,123.7
Maize,Haryana,Kharif,5.24,20.43,634.0,74.2
Apple,Goa,Whole Year,11.73,166.36,684.6,136.0
Maize,Goa,Whole Year,14.24,61.35,552.8,110.3
Apple,Punjab,Kharif,9.62,114.69,810.0,105.0
Banana,Rajasthan,Kharif,18.92,718.63,1217.0,190.4
Rice,Uttar Pradesh,Rabi,33.84,159.14,814.3,159.7
Cotton,Madhya Pradesh,Whole Year,30.64,66.32,777.2,41.2
Cotton,Uttar Pradesh,Rabi,26.91,56.52,706.6,97.0
Tomato,Gujarat,Rabi,34.67,820.95,661.6,147.7
Tomato,Madhya Pradesh,Rabi,24.16,596.14,646.1,168.9
Wheat,Haryana,Zaid,32.14,147.38,621.9,137.7
Grapes,Tamil Nadu,Zaid,18.41,288.71,566.0,119.3
Maize,Madhya Pradesh,Whole Year,15.06,66.24,696.9,125.3
Cotton,Madhya Pradesh,Rabi,25.99,64.0,711.3,121.9
Grapes,Goa,Kharif,22.13,380.02,617.3,134.9
Wheat,Uttar Pradesh,Kharif,9.87,50.28,622.0,150.6
Wheat,Tamil Nadu,Whole Year,31.14,122.71,602.3,130.5
Cotton,Punjab,Rabi,17.32,39.05,780.5,98.1
Potato,Gujarat,Rabi,12.67,298.04,477.3,164.9
Potato,Maharashtra,Whole Year,24.12,463.98,417.9,124.8
Rice,Madhya Pradesh,Zaid,33.6,136.64,1093.6,139.8
Wheat,Maharashtra,Zaid,33.14,128.63,365.4,129.7
Grapes,Gujarat,Zaid,48.71,721.91,796.3,123.1
Wheat,Maharashtra,Rabi,29.9,120.35,451.8,109.4
Tomato,Uttar Pradesh,Whole Year,39.94,853.52,626.7,145.9
Wheat,Haryana,Zaid,13.19,48.47,424.0,136.1
Cotton,Rajasthan,Zaid,39.25,63.49,582.8,95.8
Grapes,Karnataka,Kharif,34.48,517.74,618.0,122.0
Maize,Gujarat,Rabi,43.5,198.85,828.6,146.9
Cotton,Gujarat,Kharif,17.52,36.66,649.6,89.5
Maize,Punjab,Whole Year,34.98,128.7,748.4,102.8
Wheat,Gujarat,Whole Year,19.33,83.4,729.9,143.0
Maize,Gujarat,Rabi,7.1,29.55,803.5,120.0
Rice,Gujarat,Kharif,0.52,1.87,1001.9,125.6
Cotton,Maharashtra,Zaid,29.34,66.95,803.7,70.7
Grapes,Punjab,Zaid,49.77,1074.1,793.9,176.3
Rice,Tamil Nadu,Kharif,44.77,161.14,1130.8,100.8
Tomato,Gujarat,Zaid,3.34,69.59,628.8,214.7
Grapes,Haryana,Rabi,0.98,11.69,331.4,125.0
Banana,Haryana,Kharif,48.46,1730.1,1222.6,181.0
Apple,Haryana,Rabi,34.54,435.22,1042.6,146.9
Potato,Gujarat,Zaid,1.73,24.26,673.8,127.5
Banana,Karnataka,Whole Year,37.81,1421.67,1376.9,245.8
Chickpea,Rajasthan,Whole Year,43.72,77.42,653.1,20.0
Tomato,Uttar Pradesh,Zaid,19.88,393.68,510.8,190.9
Banana,Rajasthan,Whole Year,29.63,969.42,1207.0,200.1
Potato,Tamil Nadu,Rabi,11.29,195.46,439.9,165.6
Maize,Madhya Pradesh,Whole Year,2.73,13.02,777.2,113.0
Wheat,Maharashtra,Zaid,22.57,96.28,269.9,101.9
Chickpea,Uttar Pradesh,Zaid,16.32,35.71,337.7,58.3
Apple,Madhya Pradesh,Zaid,28.65,367.52,1076.9,102.9
Maize,Uttar Pradesh,Zaid,40.57,195.04,963.3,161.5
Chickpea,Uttar Pradesh,Rabi,34.32,79.25,546.8,74.3
Tomato,Karnataka,Kharif,36.92,927.12,852.9,135.9
Tomato,Karnataka,Zaid,8.93,108.62,572.5,116.0
Potato,Tamil Nadu,Whole Year,23.66,529.89,707.6,143.3
Grapes,Punjab,Kharif,2.42,31.58,894.3,141.9
Rice,Karnataka,Zaid,33.77,114.64,991.7,77.4
Rice,Tamil Nadu,Rabi,35.15,109.74,689.9,119.2
Apple,Gujarat,Rabi,2.81,34.39,1000.5,67.4
Potato,Gujarat,Kharif,49.61,688.48,522.9,126.5
Wheat,Karnataka,Zaid,26.91,96.01,643.3,128.4
Rice,Tamil Nadu,Zaid,10.8,33.36,920.5,132.6
Apple,Tamil Nadu,Rabi,47.49,492.92,744.7,97.3
Rice,Gujarat,Zaid,36.05,130.45,1294.7,90.1
Chickpea,Rajasthan,Rabi,24.78,42.72,482.1,32.5
Maize,Madhya Pradesh,Whole Year,22.64,107.47,792.1,104.5
Banana,Karnataka,Whole Year,1.85,58.68,1113.6,186.7
Banana,Punjab,Kharif,5.84,208.86,972.7,142.5
Wheat,Punjab,Whole Year,19.22,88.99,462.6,171.1
Rice,Maharashtra,Kharif,46.62,215.72,1461.8,127.8
Grapes,Tamil Nadu,Zaid,18.76,199.69,506.7,136.8
Maize,Uttar Pradesh,Zaid,38.64,123.8,586.5,115.1
Banana,Madhya Pradesh,Whole Year,31.41,1288.45,1037.8,183.8
Grapes,Haryana,Rabi,9.37,177.88,648.8,162.0
Potato,Haryana,Zaid,27.24,585.2,470.8,151.9
Banana,Gujarat,Rabi,1.58,52.63,1044.4,213.5
Apple,Uttar Pradesh,Kharif,10.59,131.26,692.6,78.1
Maize,Punjab,Zaid,29.89,140.21,490.2,157.7
Rice,Punjab,Rabi,15.62,46.83,926.9,103.7
Maize,Gujarat,Whole Year,47.76,167.36,707.3,88.4
Apple,Gujarat,Kharif,8.07,94.47,892.5,106.8
Potato,Punjab,Zaid,10.8,202.56,513.5,127.3
Cotton,Uttar Pradesh,Kharif,36.12,79.14,653.4,102.5
Potato,Tamil Nadu,Whole Year,34.9,655.83,349.6,168.8
Maize,Punjab,Rabi,44.23,163.1,785.6,93.4
Chickpea,Maharashtra,Zaid,35.47,55.8,205.9,20.0
Tomato,Uttar Pradesh,Rabi,49.7,1167.87,614.4,166.5
Chickpea,Maharashtra,Rabi,35.02,47.62,440.1,20.0
Grapes,Karnataka,Zaid,22.48,283.41,657.1,123.7
Rice,Goa,Whole Year,17.04,56.03,1150.9,110.4
Grapes,Rajasthan,Kharif,9.14,146.75,480.5,160.9
Wheat,Rajasthan,Zaid,35.02,120.81,200.0,166.0
Cotton,Punjab,Kharif,40.29,95.31,769.5,104.4
Maize,Haryana,Zaid,32.01,127.77,713.0,94.9
Banana,Karnataka,Rabi,39.96,1567.13,1238.2,229.2
Tomato,Haryana,Whole Year,6.3,123.71,676.9,149.7
Grapes,Madhya Pradesh,Rabi,32.48,508.8,586.9,149.9
Potato,Madhya Pradesh,Rabi,35.41,697.36,730.7,201.9
Chickpea,Punjab,Rabi,46.98,62.23,388.8,80.0
Wheat,Haryana,Zaid,20.36,66.19,219.4,104.8
Grapes,Uttar Pradesh,Whole Year,24.38,411.59,901.5,140.5
Chickpea,Madhya Pradesh,Rabi,1.39,1.74,574.4,44.5
Wheat,Tamil Nadu,Rabi,47.04,155.17,615.6,135.9
Grapes,Madhya Pradesh,Kharif,13.94,211.22,700.8,168.6
Rice,Maharashtra,Kharif,6.08,24.71,1340.6,135.8
Chickpea,Madhya Pradesh,Whole Year,16.83,26.18,381.1,56.2
Rice,Goa,Zaid,11.34,40.24,871.6,140.8
Rice,Gujarat,Whole Year,35.54,130.33,1071.8,108.1
Maize,Rajasthan,Rabi,27.45,113.95,623.5,135.9
Banana,Rajasthan,Zaid,24.61,850.68,1133.4,175.5
Banana,Maharashtra,Kharif,6.52,257.12,1061.7,218.9
Wheat,Tamil Nadu,Zaid,23.04,126.07,562.0,163.9
Cotton,Tamil Nadu,Kharif,33.7,47.34,613.3,70.7
Chickpea,Punjab,Rabi,32.4,63.91,548.2,87.4
Cotton,Tamil Nadu,Whole Year,24.57,71.9,631.2,97.0
Maize,Uttar Pradesh,Rabi,2.46,11.57,716.4,113.2
Grapes,Uttar Pradesh,Whole Year,23.26,319.42,683.6,152.0
Wheat,Karnataka,Rabi,19.69,103.18,782.3,141.8
Grapes,Madhya Pradesh,Zaid,16.88,229.94,573.3,179.8
Banana,Haryana,Rabi,38.75,1573.86,1208.4,196.9
Maize,Gujarat,Zaid,31.41,126.71,929.4,67.7
Maize,Rajasthan,Whole Year,32.21,92.65,548.2,99.3
Cotton,Punjab,Kharif,7.41,13.87,811.0,110.6
Wheat,Goa,Rabi,35.59,166.62,449.6,97.6
Tomato,Punjab,Zaid,11.1,215.5,524.5,153.5
Rice,Goa,Kharif,16.45,49.34,595.5,113.2
Potato,Uttar Pradesh,Rabi,38.02,887.66,704.4,144.2
Cotton,Tamil Nadu,Zaid,48.99,94.66,759.7,118.2
Banana,Punjab,Zaid,18.56,736.23,1208.9,264.3
Banana,Gujarat,Whole Year,19.26,664.7,1229.7,199.4
Wheat,Gujarat,Rabi,11.04,41.59,418.0,115.7
Potato,Karnataka,Zaid,48.47,834.68,493.1,136.4
Maize,Gujarat,Whole Year,32.39,89.41,925.6,103.6
Tomato,Karnataka,Whole Year,16.21,285.18,936.9,187.3
Potato,Haryana,Kharif,15.49,210.5,544.3,141.4
Potato,Tamil Nadu,Kharif,43.28,914.64,433.4,130.6
Chickpea,Uttar Pradesh,Whole Year,43.44,94.79,640.7,73.4
Maize,Gujarat,Kharif,23.63,98.59,621.3,81.8
Rice,Uttar Pradesh,Whole Year,16.71,54.67,1106.9,89.4
Cotton,Karnataka,Kharif,24.02,57.06,906.6,80.6
Wheat,Uttar Pradesh,Kharif,2.3,8.02,673.9,121.0
Potato,Karnataka,Whole Year,4.31,78.44,689.0,165.4
Wheat,Maharashtra,Zaid,19.07,83.81,312.3,138.2
Tomato,Uttar Pradesh,Whole Year,16.56,409.73,671.6,155.4
Banana,Punjab,Zaid,31.75,742.22,988.7,182.4
Rice,Maharashtra,Zaid,43.05,186.23,807.9,135.2
Apple,Punjab,Kharif,31.66,381.44,1154.5,48.0
Maize,Madhya Pradesh,Whole Year,30.45,131.8,618.3,107.6
Chickpea,Gujarat,Kharif,12.88,24.69,615.5,49.1
Maize,Haryana,Zaid,43.06,177.72,645.5,113.8
Tomato,Maharashtra,Whole Year,28.36,459.34,493.5,167.7
Tomato,Uttar Pradesh,Kharif,40.72,911.32,775.6,178.6
Rice,Punjab,Rabi,23.85,78.1,1052.1,120.5
Chickpea,Rajasthan,Whole Year,20.52,30.4,479.4,30.5
Wheat,Tamil Nadu,Whole Year,38.39,168.63,244.6,140.2
Maize,Goa,Zaid,2.15,10.68,738.4,121.8
Cotton,Goa,Kharif,7.03,13.19,952.2,131.6
Wheat,Gujarat,Kharif,5.63,20.53,406.3,98.0
Wheat,Madhya Pradesh,Zaid,13.54,55.31,391.1,142.9
Wheat,Karnataka,Whole Year,32.3,93.5,408.3,111.1
Apple,Gujarat,Whole Year,19.94,178.64,697.2,76.9
Grapes,Madhya Pradesh,Kharif,28.79,606.64,507.6,166.3
Wheat,Gujarat,Rabi,14.02,50.71,527.7,142.3
Grapes,Maharashtra,Rabi,23.76,366.17,563.7,157.5
Chickpea,Uttar Pradesh,Kharif,11.29,26.34,435.6,114.0
Potato,Maharashtra,Whole Year,48.74,1078.1,594.8,132.4
Wheat,Maharashtra,Zaid,49.64,229.6,771.9,114.3
Banana,Haryana,Whole Year,30.61,1227.93,1294.9,185.9
Grapes,Madhya Pradesh,Whole Year,20.57,262.66,414.5,155.5
Grapes,Haryana,Whole Year,36.18,584.67,638.8,133.8
Wheat,Karnataka,Rabi,2.46,9.9,299.7,134.4
Potato,Punjab,Rabi,8.21,179.98,684.0,165.3
Chickpea,Gujarat,Zaid,13.59,25.73,518.9,70.8
Grapes,Rajasthan,Zaid,26.67,387.04,714.4,98.5
Cotton,Goa,Kharif,45.18,78.92,608.5,96.8
Rice,Gujarat,Whole Year,33.96,137.05,994.1,146.3
Grapes,Rajasthan,Rabi,24.01,411.83,654.5,140.7
Grapes,Tamil Nadu,Zaid,43.16,588.6,664.4,127.1
Apple,Rajasthan,Rabi,34.25,410.01,853.6,89.1
Wheat,Karnataka,Kharif,15.94,57.28,688.4,118.0
Chickpea,Goa,Zaid,27.86,59.57,384.0,45.3
Maize,Gujarat,Zaid,15.08,52.78,854.8,114.9
Potato,Karnataka,Kharif,31.11,596.81,733.4,156.7
Wheat,Goa,Rabi,9.1,45.18,422.4,156.6
Grapes,Goa,Rabi,5.68,87.91,595.6,197.5
Maize,Punjab,Kharif,2.42,10.83,936.9,146.3
Banana,Maharashtra,Whole Year,1.52,40.68,1157.7,189.5
Potato,Rajasthan,Kharif,49.79,711.29,449.4,127.0
Apple,Goa,Rabi,18.21,271.25,935.1,99.1
Apple,Tamil Nadu,Kharif,6.87,79.32,1047.6,75.0
Maize,Tamil Nadu,Kharif,38.34,138.41,801.2,108.8
Tomato,Maharashtra,Whole Year,9.31,225.42,775.0,169.6
Grapes,Goa,Zaid,13.3,205.33,1018.3,147.2
Cotton,Tamil Nadu,Zaid,35.93,68.14,706.5,76.7
Tomato,Karnataka,Whole Year,43.87,1191.75,928.4,144.1
Grapes,Goa,Kharif,31.68,477.41,525.1,125.7
Banana,Haryana,Whole Year,34.49,1244.94,1294.9,186.2
Tomato,Gujarat,Zaid,46.28,1286.15,982.1,122.1
Tomato,Madhya Pradesh,Whole Year,37.35,817.44,691.8,144.7
Tomato,Uttar Pradesh,Whole Year,31.28,927.62,848.8,168.4
Apple,Punjab,Rabi,21.49,193.0,780.3,95.6
Chickpea,Haryana,Rabi,20.85,46.2,445.0,31.7
Banana,Punjab,Kharif,35.65,1225.06,1233.6,187.1
Banana,Punjab,Kharif,33.52,1282.86,1579.0,229.7
Wheat,Haryana,Zaid,42.21,189.92,656.6,117.8
Wheat,Gujarat,Zaid,32.56,138.68,587.6,176.2
Grapes,Goa,Rabi,14.91,268.95,816.3,154.8
Potato,Uttar Pradesh,Rabi,10.01,225.01,760.0,162.7
Wheat,Tamil Nadu,Kharif,10.01,42.98,597.3,164.6
Wheat,Uttar Pradesh,Rabi,38.03,142.86,681.0,133.7
Cotton,Madhya Pradesh,Zaid,46.09,101.91,741.0,99.2
Cotton,Uttar Pradesh,Whole Year,47.86,113.67,828.7,122.0
Apple,Haryana,Zaid,23.14,295.01,1011.9,66.0
Banana,Gujarat,Whole Year,8.92,351.92,1153.8,254.1
Tomato,Uttar Pradesh,Kharif,2.62,61.62,986.6,166.2
Tomato,Madhya Pradesh,Zaid,16.91,397.82,841.2,167.0
Grapes,Uttar Pradesh,Zaid,16.93,291.38,679.1,128.8
Apple,Maharashtra,Zaid,4.17,42.51,919.9,74.3
Wheat,Rajasthan,Zaid,31.09,112.85,271.5,159.9
Cotton,Tamil Nadu,Rabi,32.88,78.08,1034.8,99.4
Grapes,Maharashtra,Whole Year,27.68,348.63,932.2,126.1
Rice,Karnataka,Whole Year,11.21,32.74,1066.0,65.0
Tomato,Karnataka,Kharif,5.37,120.2,856.3,134.5
Potato,Haryana,Kharif,42.42,797.97,408.0,135.9
Grapes,Goa,Whole Year,36.34,711.42,635.1,156.3
Banana,Gujarat,Rabi,45.23,1225.24,971.2,173.2
Maize,Goa,Whole Year,29.89,122.09,736.5,108.9
Wheat,Gujarat,Zaid,22.35,105.3,312.3,138.8
Tomato,Goa,Kharif,38.48,929.09,917.6,157.9
Maize,Punjab,Rabi,49.64,232.59,785.5,121.4
Tomato,Rajasthan,Rabi,48.72,1202.07,949.4,176.1
Grapes,Tamil Nadu,Rabi,0.87,16.28,636.5,157.7
Rice,Haryana,Kharif,38.66,140.89,1270.1,103.1
Chickpea,Madhya Pradesh,Whole Year,44.71,67.89,469.2,20.0
Wheat,Maharashtra,Rabi,18.7,70.74,402.1,151.0
Banana,Punjab,Zaid,12.22,223.12,1132.2,152.8
Grapes,Haryana,Zaid,31.57,508.07,764.1,100.4
Potato,Madhya Pradesh,Zaid,21.58,377.0,455.0,160.6
Potato,Rajasthan,Kharif,37.02,781.75,426.2,149.9
Tomato,Goa,Kharif,18.83,429.96,716.9,181.9
Wheat,Gujarat,Rabi,34.37,121.44,200.0,135.2
Cotton,Madhya Pradesh,Zaid,24.95,48.24,649.8,73.0
Tomato,Karnataka,Whole Year,44.06,1001.26,846.1,204.9
Rice,Goa,Zaid,6.22,26.78,1209.9,134.3
Wheat,Gujarat,Zaid,1.95,8.41,403.0,131.5
Wheat,Gujarat,Rabi,39.57,182.84,634.3,139.8
Apple,Punjab,Zaid,39.16,576.08,819.7,126.2
Tomato,Tamil Nadu,Zaid,33.95,746.76,1061.3,164.9
Banana,Tamil Nadu,Whole Year,15.07,526.39,1229.7,243.4
Potato,Maharashtra,Rabi,42.63,786.52,551.9,137.9
Potato,Maharashtra,Whole Year,28.29,507.55,513.9,163.1
Wheat,Madhya Pradesh,Whole Year,41.3,206.56,759.1,183.6
Cotton,Maharashtra,Rabi,7.32,17.71,818.0,91.0
Chickpea,Gujarat,Zaid,3.12,3.86,411.4,24.4
Tomato,Punjab,Kharif,45.61,979.99,847.1,170.0
Cotton,Maharashtra,Zaid,39.4,69.67,616.1,129.3
Grapes,Tamil Nadu,Kharif,20.76,408.22,807.1,145.6
Tomato,Madhya Pradesh,Zaid,49.77,1116.58,911.8,148.5
Chickpea,Rajasthan,Whole Year,9.94,20.2,582.5,45.7
Grapes,Madhya Pradesh,Zaid,32.91,589.75,871.5,100.6
Tomato,Madhya Pradesh,Rabi,39.14,913.37,809.4,144.4
Banana,Gujarat,Whole Year,18.5,574.66,1117.5,206.5
Apple,Punjab,Whole Year,23.96,325.79,1075.9,99.4
Wheat,Tamil Nadu,Zaid,2.4,5.65,615.8,120.7
Rice,Maharashtra,Kharif,16.05,51.95,739.0,148.7
Potato,Goa,Zaid,25.81,492.39,405.8,122.0
Tomato,Goa,Zaid,30.08,651.94,802.0,148.3
Apple,Maharashtra,Zaid,16.36,163.89,911.5,111.9
Tomato,Haryana,Zaid,46.18,806.76,675.9,184.9
Chickpea,Madhya Pradesh,Zaid,48.72,102.93,675.1,39.3
Apple,Haryana,Zaid,30.68,338.2,847.6,91.3
Cotton,Punjab,Rabi,7.73,20.16,857.3,141.9
Apple,Goa,Zaid,7.41,91.01,935.8,125.8
Tomato,Madhya Pradesh,Rabi,42.36,914.59,739.3,155.1
Tomato,Punjab,Kharif,49.4,1248.34,757.8,178.2
Apple,Goa,Kharif,0.73,6.13,911.8,98.0
Grapes,Madhya Pradesh,Kharif,27.41,497.94,702.0,162.9
Chickpea,Maharashtra,Zaid,46.07,84.01,763.3,20.0
Wheat,Gujarat,Zaid,27.48,120.97,344.0,157.7
Banana,Rajasthan,Kharif,11.7,494.03,1106.4,173.7
Grapes,Uttar Pradesh,Zaid,30.13,511.02,682.6,135.2
Wheat,Tamil Nadu,Whole Year,46.9,203.79,522.6,142.4
Chickpea,Tamil Nadu,Rabi,15.65,32.33,441.4,110.1
Cotton,Punjab,Zaid,20.65,58.17,965.8,116.3
Tomato,Goa,Rabi,24.8,668.67,578.5,176.0
Apple,Tamil Nadu,Zaid,27.36,276.8,945.4,71.3
Cotton,Punjab,Whole Year,47.39,110.49,849.3,88.4
Banana,Gujarat,Whole Year,48.59,1975.58,1442.1,210.5
Rice,Goa,Zaid,38.99,165.07,1144.6,113.9
Tomato,Maharashtra,Whole Year,43.0,1012.84,839.6,129.3
Banana,Uttar Pradesh,Whole Year,12.81,459.38,1406.4,192.6
Wheat,Goa,Whole Year,12.15,48.64,474.0,133.1
Wheat,Haryana,Kharif,33.48,149.93,284.0,102.6
Cotton,Rajasthan,Zaid,48.01,62.32,651.3,68.8
Tomato,Goa,Whole Year,27.33,694.31,551.5,144.0
Potato,Uttar Pradesh,Rabi,19.12,467.13,496.8,175.2
Cotton,Maharashtra,Zaid,4.57,6.63,751.3,114.5
Banana,Goa,Whole Year,25.38,715.32,991.6,257.3
Chickpea,Karnataka,Zaid,5.59,13.77,816.0,75.6
Apple,Karnataka,Whole Year,41.89,594.66,989.2,114.1
Rice,Goa,Whole Year,34.14,127.41,1042.2,139.0
Potato,Gujarat,Rabi,12.38,205.18,486.9,148.4
Chickpea,Karnataka,Kharif,10.16,14.4,435.2,20.0
Rice,Tamil Nadu,Kharif,38.81,157.8,1027.0,92.4
Grapes,Karnataka,Rabi,39.12,485.21,414.4,163.0
Wheat,Maharashtra,Kharif,10.36,40.16,352.6,153.5
Chickpea,Maharashtra,Zaid,8.32,14.97,304.7,63.8
Apple,Punjab,Kharif,10.27,117.58,809.8,66.6
Cotton,Rajasthan,Kharif,3.98,8.21,866.1,50.2
Potato,Goa,Whole Year,9.89,221.15,633.6,163.8
Chickpea,Gujarat,Zaid,42.93,77.68,385.6,53.1
Maize,Haryana,Whole Year,47.85,208.1,707.3,123.6
Rice,Maharashtra,Zaid,5.66,14.36,900.6,102.5
Banana,Karnataka,Whole Year,38.67,1255.3,1013.4,243.7
Wheat,Punjab,Kharif,48.06,184.55,634.2,112.0
Rice,Rajasthan,Kharif,4.46,16.76,899.0,151.2
Rice,Maharashtra,Rabi,39.86,122.29,1321.8,99.1
Grapes,Madhya Pradesh,Kharif,23.24,385.55,745.1,147.7
Rice,Punjab,Whole Year,22.16,76.9,980.5,115.4
Banana,Punjab,Whole Year,42.69,2043.34,1344.6,196.3
Banana,Uttar Pradesh,Whole Year,11.72,368.08,994.5,186.1
Potato,Rajasthan,Kharif,45.82,1104.1,479.4,214.5
Apple,Maharashtra,Whole Year,46.35,636.43,817.0,141.9
Rice,Madhya Pradesh,Rabi,22.1,79.96,943.1,160.7
Tomato,Goa,Kharif,21.96,400.0,597.8,145.5
Apple,Karnataka,Whole Year,26.92,266.45,905.1,69.4
Maize,Goa,Rabi,25.29,105.28,466.6,115.8
Wheat,Tamil Nadu,Rabi,7.41,29.88,200.9,150.8
Potato,Gujarat,Rabi,2.62,59.32,418.6,180.7
Cotton,Punjab,Whole Year,35.07,75.68,694.2,100.5
Maize,Madhya Pradesh,Whole Year,35.06,163.78,711.4,124.0
Apple,Uttar Pradesh,Whole Year,0.53,4.77,925.4,77.0
Rice,Maharashtra,Whole Year,17.35,51.21,864.4,117.2
Grapes,Goa,Whole Year,28.46,513.25,813.7,170.9
Banana,Karnataka,Kharif,42.56,1658.1,1152.5,172.7
Maize,Madhya Pradesh,Zaid,43.49,213.78,1047.9,113.5
Apple,Rajasthan,Kharif,37.91,462.07,853.6,104.8
Banana,Goa,Whole Year,37.59,1536.37,1306.2,196.2
Chickpea,Gujarat,Kharif,35.69,40.18,250.3,30.4
Chickpea,Karnataka,Kharif,10.24,12.03,284.5,62.7
Potato,Tamil Nadu,Zaid,27.91,568.02,973.9,159.7
Potato,Gujarat,Whole Year,6.77,125.62,612.3,171.0
Tomato,Haryana,Kharif,3.04,71.77,706.5,183.0
Apple,Rajasthan,Whole Year,12.25,166.81,799.8,108.0
Tomato,Karnataka,Kharif,29.52,673.9,636.6,155.6
Apple,Haryana,Zaid,4.17,47.78,904.2,77.5
Grapes,Gujarat,Kharif,18.05,290.19,721.2,167.1
Rice,Karnataka,Kharif,47.12,195.76,1208.5,140.4
Rice,Maharashtra,Rabi,49.95,136.68,803.2,120.3
Apple,Punjab,Kharif,34.34,382.96,808.6,92.4
Maize,Goa,Rabi,1.81,7.72,779.5,111.4
Tomato,Gujarat,Whole Year,21.48,345.44,759.7,172.2
Maize,Haryana,Zaid,26.83,86.21,678.4,86.5
Wheat,Karnataka,Kharif,46.27,237.22,729.6,145.0
Cotton,Karnataka,Zaid,34.1,80.93,1023.6,84.7
Potato,Goa,Zaid,35.57,582.78,508.0,141.6
Apple,Rajasthan,Zaid,48.85,593.45,925.6,90.3
Maize,Karnataka,Rabi,27.61,138.97,765.5,110.1
Chickpea,Uttar Pradesh,Kharif,5.58,6.0,227.3,73.7
Potato,Gujarat,Kharif,37.47,641.81,395.0,173.4
Chickpea,Punjab,Zaid,12.18,20.78,200.0,20.7
Apple,Madhya Pradesh,Whole Year,6.44,48.18,813.5,119.0
Apple,Goa,Rabi,1.99,18.35,958.8,86.3
Maize,Goa,Whole Year,34.14,157.07,697.7,114.6
Rice,Maharashtra,Rabi,30.56,122.11,854.0,123.0
Rice,Rajasthan,Kharif,29.14,86.77,995.9,116.0
Chickpea,Maharashtra,Zaid,48.32,79.33,317.3,38.9
Cotton,Rajasthan,Whole Year,37.26,64.09,594.2,132.8
Apple,Madhya Pradesh,Rabi,37.53,434.07,868.6,136.8
Cotton,Gujarat,Kharif,13.17,37.63,709.2,116.0
Rice,Haryana,Whole Year,30.83,144.1,926.8,136.9
Maize,Tamil Nadu,Whole Year,35.08,154.42,811.3,94.9
Maize,Tamil Nadu,Rabi,23.43,112.19,934.2,142.5
Grapes,Tamil Nadu,Zaid,1.59,21.02,719.0,121.2
Wheat,Gujarat,Zaid,12.1,50.91,520.5,180.3
Cotton,Gujarat,Whole Year,12.21,21.57,597.9,94.6
Chickpea,Uttar Pradesh,Whole Year,39.75,62.49,351.5,80.0
Banana,Punjab,Whole Year,35.56,1478.6,1377.9,213.4
Banana,Uttar Pradesh,Whole Year,19.75,554.71,1086.5,224.9
Chickpea,Madhya Pradesh,Zaid,23.52,43.3,401.6,87.5
Rice,Haryana,Kharif,24.54,99.62,1083.4,153.2
Wheat,Rajasthan,Whole Year,9.73,47.42,403.5,184.1
Maize,Gujarat,Zaid,30.84,161.15,740.3,111.4
Cotton,Tamil Nadu,Kharif,24.86,66.2,880.7,102.7
Banana,Gujarat,Rabi,7.92,218.24,1074.1,190.9
Rice,Tamil Nadu,Whole Year,8.49,24.62,1308.4,70.8
Apple,Haryana,Whole Year,42.18,517.63,858.5,94.5
Apple,Uttar Pradesh,Whole Year,46.22,550.24,1029.1,120.4
Cotton,Maharashtra,Zaid,36.64,77.95,842.4,85.8
Cotton,Tamil Nadu,Rabi,10.36,27.64,873.6,130.2
Tomato,Goa,Rabi,1.25,30.61,926.0,176.6
Cotton,Madhya Pradesh,Rabi,13.92,26.2,860.0,57.6
Banana,Goa,Rabi,15.27,633.72,1288.0,186.8
Banana,Tamil Nadu,Zaid,27.97,1243.48,1246.3,200.5
Grapes,Uttar Pradesh,Kharif,11.92,217.05,1040.3,146.0
Rice,Tamil Nadu,Whole Year,40.32,141.55,1113.0,76.0
Maize,Rajasthan,Zaid,11.14,50.25,801.0,142.2
Tomato,Punjab,Rabi,28.05,494.79,718.6,129.4
Cotton,Rajasthan,Rabi,26.44,72.59,888.3,75.5
Chickpea,Tamil Nadu,Whole Year,45.73,85.0,270.6,59.9
Cotton,Goa,Zaid,5.49,12.23,708.5,119.9
Apple,Maharashtra,Kharif,49.57,632.16,782.3,100.4
Potato,Goa,Whole Year,35.16,556.77,662.9,147.0
Rice,Uttar Pradesh,Whole Year,12.67,42.34,1108.4,109.1
Rice,Punjab,Rabi,33.72,130.07,940.1,163.2
Potato,Goa,Whole Year,17.37,224.69,387.2,173.3
Rice,Karnataka,Whole Year,5.94,18.67,1189.4,81.9
Chickpea,Uttar Pradesh,Whole Year,32.32,65.76,365.4,114.0
Maize,Uttar Pradesh,Zaid,12.97,80.44,1000.9,148.6
Cotton,Madhya Pradesh,Rabi,33.7,88.62,953.6,120.2
Rice,Goa,Zaid,30.07,93.82,917.3,139.5
Rice,Goa,Rabi,5.37,17.37,974.5,119.9
Apple,Madhya Pradesh,Zaid,8.33,109.06,1043.3,117.4
Wheat,Tamil Nadu,Zaid,1.26,5.01,328.7,166.9
Tomato,Gujarat,Zaid,44.05,840.98,470.0,142.1
Rice,Madhya Pradesh,Rabi,46.45,188.05,1227.0,117.0
Wheat,Maharashtra,Rabi,28.7,139.53,778.1,104.4
Wheat,Punjab,Whole Year,9.71,33.99,466.0,144.6
Wheat,Goa,Whole Year,7.03,36.92,663.3,120.7
Apple,Uttar Pradesh,Kharif,7.66,81.56,826.7,138.6
Banana,Gujarat,Rabi,41.2,1407.23,934.7,203.5
Maize,Gujarat,Whole Year,48.78,150.06,630.1,106.3
Grapes,Uttar Pradesh,Zaid,14.68,181.92,570.1,152.8
Tomato,Punjab,Zaid,46.7,1151.72,745.9,88.2
Tomato,Punjab,Rabi,7.33,156.76,681.4,201.5
Banana,Karnataka,Whole Year,49.49,1773.25,1050.2,211.7
Potato,Madhya Pradesh,Rabi,49.61,963.15,784.0,169.2
Apple,Rajasthan,Rabi,27.64,274.05,768.3,94.9
Chickpea,Haryana,Kharif,25.23,51.87,505.1,44.3
Banana,Karnataka,Rabi,41.74,1440.89,1423.9,179.9
Maize,Maharashtra,Zaid,38.88,98.26,587.9,109.5
Banana,Rajasthan,Whole Year,33.77,1223.5,1310.5,222.1
Cotton,Rajasthan,Kharif,31.92,55.63,877.4,91.7
Rice,Madhya Pradesh,Kharif,35.91,103.21,1119.1,106.8
Grapes,Haryana,Kharif,40.63,623.78,446.5,147.3
Apple,Goa,Zaid,3.75,49.51,657.7,99.1
Apple,Haryana,Kharif,23.25,266.96,778.5,81.6
Cotton,Punjab,Kharif,49.83,111.92,647.6,118.7
Chickpea,Madhya Pradesh,Kharif,2.53,4.91,554.0,60.7
Cotton,Karnataka,Kharif,9.13,19.23,675.9,80.8
Apple,Punjab,Kharif,16.17,170.84,461.8,73.2
Wheat,Punjab,Zaid,38.82,124.8,200.0,152.6
Chickpea,Goa,Zaid,36.24,73.5,758.6,65.5
Potato,Maharashtra,Rabi,48.97,1023.91,572.6,131.8
Apple,Uttar Pradesh,Kharif,7.33,75.59,780.1,83.9
Grapes,Karnataka,Whole Year,32.96,594.08,668.4,116.2
Rice,Karnataka,Rabi,19.11,64.28,962.1,128.1
Rice,Tamil Nadu,Rabi,6.6,21.94,1132.5,80.9
Chickpea,Goa,Whole Year,47.58,101.02,929.0,45.5
Potato,Uttar Pradesh,Rabi,29.92,600.75,536.0,131.2
Tomato,Rajasthan,Zaid,9.55,226.65,534.3,162.8
Tomato,Uttar Pradesh,Zaid,8.11,216.41,1031.0,143.3
Cotton,Goa,Zaid,29.01,66.72,992.2,78.8
Tomato,Gujarat,Kharif,11.2,230.99,822.7,181.3
Tomato,Uttar Pradesh,Rabi,0.53,11.24,904.5,143.9
Apple,Goa,Rabi,48.74,585.08,756.7,89.9
Apple,Uttar Pradesh,Kharif,42.38,538.46,739.9,151.6
Tomato,Rajasthan,Rabi,8.72,217.72,738.1,195.3
Cotton,Goa,Rabi,30.36,62.65,864.2,63.4
Cotton,Tamil Nadu,Rabi,25.39,83.29,978.1,114.6
Cotton,Haryana,Kharif,37.76,89.12,848.9,104.5
Wheat,Uttar Pradesh,Zaid,49.62,189.22,550.8,121.2
Banana,Haryana,Whole Year,23.53,754.95,1397.6,204.2
Maize,Gujarat,Rabi,15.87,73.22,897.6,138.5
Wheat,Uttar Pradesh,Whole Year,48.01,203.79,408.8,77.0
Banana,Karnataka,Rabi,8.3,255.09,1050.1,199.4
Potato,Haryana,Whole Year,15.47,287.03,682.0,171.0
Apple,Madhya Pradesh,Rabi,45.42,449.98,841.2,90.8
Potato,Gujarat,Zaid,39.64,891.1,551.7,190.4
Cotton,Maharashtra,Zaid,2.06,4.79,949.7,128.0
Grapes,Tamil Nadu,Kharif,21.58,286.01,646.4,150.1
Chickpea,Gujarat,Zaid,12.8,26.3,273.1,58.1
Grapes,Tamil Nadu,Rabi,25.79,397.82,680.2,128.4
Potato,Gujarat,Zaid,49.34,836.76,688.0,143.5
Rice,Punjab,Whole Year,1.49,5.23,798.1,141.8
Wheat,Uttar Pradesh,Zaid,17.21,65.42,350.0,178.5
Cotton,Goa,Whole Year,26.98,64.48,826.9,102.8
Wheat,Madhya Pradesh,Rabi,27.92,136.18,595.2,142.2
Grapes,Tamil Nadu,Rabi,2.71,45.14,613.8,150.2
Tomato,Rajasthan,Kharif,19.82,411.12,730.1,207.5
Tomato,Karnataka,Zaid,30.66,488.4,731.9,187.7
Tomato,Goa,Whole Year,39.51,873.33,669.7,181.2
Rice,Madhya Pradesh,Zaid,24.12,95.53,1028.6,128.3
Banana,Punjab,Whole Year,34.12,1149.26,1277.0,189.1
Grapes,Punjab,Zaid,34.24,474.76,742.3,158.5
Rice,Haryana,Kharif,21.46,86.47,919.6,147.1
Chickpea,Karnataka,Kharif,15.8,30.36,725.7,59.2
Chickpea,Goa,Whole Year,8.81,14.85,447.1,41.3
Cotton,Madhya Pradesh,Rabi,5.15,9.17,557.6,110.0
Grapes,Tamil Nadu,Zaid,21.02,392.85,792.5,113.3
Tomato,Karnataka,Zaid,12.44,273.06,724.7,157.4
Apple,Maharashtra,Rabi,46.16,582.74,760.9,129.0
Maize,Punjab,Whole Year,7.49,34.6,775.2,134.4
Maize,Madhya Pradesh,Kharif,34.63,149.81,294.5,135.0
Tomato,Goa,Zaid,3.9,82.5,475.4,143.6
Apple,Haryana,Kharif,24.92,360.45,879.4,134.3
Maize,Maharashtra,Rabi,32.11,186.89,897.2,150.3
Rice,Haryana,Zaid,11.09,31.06,1011.3,138.6
Cotton,Karnataka,Zaid,27.92,78.33,673.5,83.8
Tomato,Madhya Pradesh,Rabi,9.01,213.97,768.5,155.6
Potato,Uttar Pradesh,Rabi,9.04,160.29,854.3,151.1
Tomato,Goa,Whole Year,21.92,375.36,638.6,164.9
Cotton,Maharashtra,Kharif,17.27,34.32,794.4,74.7
Tomato,Uttar Pradesh,Rabi,49.42,967.28,539.1,142.7
Maize,Goa,Whole Year,36.87,150.42,814.0,72.4
Cotton,Punjab,Zaid,17.88,31.49,753.6,53.6
Maize,Punjab,Rabi,47.39,158.25,901.1,118.0
Maize,Gujarat,Kharif,29.46,136.02,676.0,112.9
Wheat,Goa,Whole Year,18.96,70.45,387.2,135.3
Banana,Maharashtra,Kharif,32.67,1156.96,1361.4,180.1
Grapes,Haryana,Kharif,11.59,171.42,640.9,187.5
Grapes,Punjab,Whole Year,44.58,404.98,379.5,102.2
Maize,Madhya Pradesh,Kharif,32.61,109.45,776.3,116.7
Rice,Karnataka,Kharif,48.74,178.28,927.5,142.4
Potato,Haryana,Rabi,3.67,71.39,734.5,190.3
Cotton,Maharashtra,Whole Year,3.33,5.5,477.2,67.7
Grapes,Karnataka,Zaid,37.99,527.27,501.9,134.7
Rice,Haryana,Kharif,40.59,127.32,966.3,121.9
Cotton,Gujarat,Zaid,23.63,44.95,866.3,94.2
Cotton,Gujarat,Kharif,30.03,70.62,785.2,125.3
Rice,Haryana,Whole Year,16.87,70.2,1035.0,137.7
Chickpea,Uttar Pradesh,Whole Year,2.35,4.4,358.1,57.2
Tomato,Haryana,Whole Year,49.76,1032.0,766.3,131.4
Cotton,Tamil Nadu,Kharif,17.05,26.31,780.7,84.8
Banana,Rajasthan,Whole Year,8.86,310.33,1213.9,186.3
Cotton,Gujarat,Zaid,42.67,82.2,989.9,64.3
Apple,Haryana,Kharif,41.37,481.89,964.1,124.2
Banana,Haryana,Kharif,34.56,1418.83,1021.0,244.4
Maize,Uttar Pradesh,Zaid,17.03,87.88,599.4,135.0
Apple,Maharashtra,Kharif,13.29,165.77,943.3,93.7
Apple,Goa,Rabi,35.59,490.59,1021.6,96.6
Tomato,Haryana,Kharif,31.29,496.97,945.7,116.3
Potato,Punjab,Rabi,12.41,209.68,769.0,175.8
Chickpea,Maharashtra,Kharif,7.53,12.16,284.1,39.7
Cotton,Rajasthan,Kharif,32.24,86.26,916.9,82.3
Tomato,Karnataka,Kharif,18.98,423.04,665.7,194.9
Apple,Uttar Pradesh,Zaid,10.48,128.81,779.1,57.9
Tomato,Uttar Pradesh,Rabi,29.63,610.38,564.8,200.4
Tomato,Punjab,Kharif,42.14,824.88,792.0,159.3
Wheat,Maharashtra,Zaid,3.34,13.33,428.9,140.6
Maize,Tamil Nadu,Whole Year,9.79,39.57,701.0,123.7
Banana,Rajasthan,Kharif,43.64,1428.28,1186.7,197.3
Banana,Gujarat,Zaid,16.93,677.33,1439.8,193.5
Potato,Gujarat,Zaid,33.66,585.57,704.5,142.6
Rice,Punjab,Zaid,38.01,140.9,1055.4,149.3
Maize,Maharashtra,Whole Year,6.55,21.53,464.4,121.2
Chickpea,Tamil Nadu,Whole Year,29.25,63.53,471.4,20.2
Potato,Tamil Nadu,Zaid,18.11,396.21,695.7,205.8
Tomato,Karnataka,Zaid,22.93,387.13,668.6,115.0
Grapes,Madhya Pradesh,Kharif,46.92,626.82,624.8,124.5
Banana,Madhya Pradesh,Kharif,47.93,1298.0,1312.2,150.5
Apple,Karnataka,Rabi,38.22,443.7,1211.1,106.0
Apple,Goa,Rabi,26.49,326.04,857.1,36.7
Chickpea,Karnataka,Zaid,0.98,1.97,265.6,99.0
Apple,Tamil Nadu,Zaid,21.13,347.04,884.1,88.4
Banana,Uttar Pradesh,Kharif,34.81,1226.13,1238.1,162.4
Maize,Rajasthan,Rabi,5.22,24.22,714.7,137.1
Potato,Maharashtra,Kharif,33.98,575.58,640.4,140.2
Cotton,Rajasthan,Kharif,20.33,47.9,744.6,105.5
Potato,Tamil Nadu,Zaid,45.85,859.6,768.9,149.3
Grapes,Maharashtra,Kharif,44.23,552.21,839.3,95.7
Grapes,Tamil Nadu,Rabi,20.08,345.41,560.7,123.7
Wheat,Gujarat,Whole Year,18.39,87.74,970.7,76.6
Rice,Haryana,Kharif,33.29,122.52,991.8,125.6
Banana,Karnataka,Whole Year,30.05,1197.29,1296.8,213.0
Maize,Maharashtra,Kharif,46.48,189.91,670.4,112.2
Maize,Goa,Kharif,8.63,40.97,870.1,105.1
Tomato,Tamil Nadu,Rabi,23.49,471.16,848.4,86.5
Apple,Haryana,Kharif,24.54,338.69,841.7,99.5
Wheat,Tamil Nadu,Zaid,32.95,141.51,384.1,153.7
Maize,Uttar Pradesh,Zaid,35.9,119.92,493.1,85.7
Grapes,Rajasthan,Rabi,30.75,536.46,793.0,161.6
Maize,Maharashtra,Rabi,3.98,16.1,777.4,128.1
Grapes,Uttar Pradesh,Zaid,11.4,200.2,770.1,150.8
Wheat,Karnataka,Zaid,3.25,14.87,606.2,159.7
Chickpea,Madhya Pradesh,Rabi,37.0,61.28,446.0,76.8
Rice,Gujarat,Rabi,14.03,42.08,888.3,115.9
Apple,Madhya Pradesh,Zaid,12.81,140.03,781.1,96.4
Grapes,Goa,Whole Year,42.25,580.0,682.0,92.7
Grapes,Gujarat,Zaid,32.97,558.6,748.9,119.6
Wheat,Tamil Nadu,Whole Year,8.93,27.5,385.6,89.8
Grapes,Tamil Nadu,Whole Year,29.19,420.88,774.4,116.5
Potato,Madhya Pradesh,Whole Year,15.02,268.18,299.4,143.4
Maize,Haryana,Whole Year,39.56,163.21,709.0,79.0
Tomato,Haryana,Kharif,25.76,315.2,553.7,194.0
Cotton,Uttar Pradesh,Whole Year,31.88,89.5,1070.1,94.6
Tomato,Haryana,Zaid,43.4,1059.22,676.3,165.2
Cotton,Gujarat,Zaid,21.16,48.82,871.5,65.7
Potato,Gujarat,Whole Year,36.67,815.86,1013.9,176.5
Wheat,Maharashtra,Zaid,23.79,67.38,496.2,117.3
Maize,Rajasthan,Rabi,22.44,81.82,638.6,92.6
Wheat,Haryana,Whole Year,34.03,155.0,376.6,133.8
Cotton,Goa,Zaid,25.97,54.3,798.6,90.0
Maize,Haryana,Kharif,24.63,94.64,823.8,113.9
Apple,Goa,Whole Year,24.36,219.66,854.4,83.5
Wheat,Haryana,Kharif,46.89,200.45,428.6,109.5
Wheat,Uttar Pradesh,Zaid,12.08,55.55,529.0,136.6
Rice,Rajasthan,Rabi,9.56,33.3,1058.6,116.6
Potato,Rajasthan,Whole Year,29.98,335.2,512.6,156.6
Cotton,Punjab,Kharif,31.17,82.02,1013.4,86.6
Grapes,Tamil Nadu,Whole Year,17.15,287.38,835.4,164.1
Potato,Uttar Pradesh,Kharif,17.49,294.23,507.4,154.9
Maize,Punjab,Kharif,48.19,215.36,880.6,125.4
Chickpea,Rajasthan,Rabi,24.9,47.85,450.1,38.7
Apple,Tamil Nadu,Zaid,2.88,25.64,555.6,63.9
Grapes,Uttar Pradesh,Rabi,10.47,140.4,573.8,109.5
Maize,Karnataka,Whole Year,7.47,34.25,917.9,98.7
Wheat,Haryana,Zaid,7.21,25.15,593.3,137.5
Cotton,Maharashtra,Zaid,48.42,122.41,788.6,116.0
Potato,Karnataka,Rabi,33.64,605.01,366.9,123.2
Chickpea,Tamil Nadu,Rabi,49.5,75.54,314.7,59.4
Tomato,Tamil Nadu,Kharif,32.52,893.64,571.6,188.1
Cotton,Goa,Zaid,25.05,51.5,895.8,67.5
Grapes,Gujarat,Kharif,21.81,321.03,568.4,155.1
Tomato,Karnataka,Whole Year,13.68,321.44,599.7,161.0
Wheat,Madhya Pradesh,Zaid,20.35,66.34,465.7,117.2
Potato,Gujarat,Kharif,15.31,337.61,571.3,85.9
Cotton,Karnataka,Zaid,43.53,95.66,797.1,109.6
Maize,Punjab,Rabi,22.51,80.24,782.1,110.6
Wheat,Punjab,Kharif,31.17,149.08,607.3,157.9
Maize,Uttar Pradesh,Rabi,21.73,102.56,702.9,121.0
Chickpea,Tamil Nadu,Kharif,10.06,16.8,396.9,64.8
Apple,Madhya Pradesh,Zaid,16.95,180.79,1132.4,102.5
Apple,Gujarat,Zaid,26.6,300.57,924.7,63.3
Cotton,Rajasthan,Kharif,39.62,85.95,836.6,94.3
Maize,Punjab,Whole Year,25.79,95.11,459.9,147.2
Rice,Punjab,Kharif,34.47,107.91,753.5,117.4
Chickpea,Haryana,Zaid,17.7,35.64,453.1,91.5
Chickpea,Tamil Nadu,Whole Year,49.91,76.9,357.5,20.0
Potato,Karnataka,Kharif,33.79,684.56,792.2,142.1
Potato,Rajasthan,Whole Year,37.4,693.55,637.0,122.2
Wheat,Tamil Nadu,Kharif,34.45,134.47,737.1,158.5
Grapes,Haryana,Whole Year,45.38,590.65,461.4,119.7
Chickpea,Uttar Pradesh,Rabi,4.18,7.95,598.1,61.7
Rice,Tamil Nadu,Whole Year,31.04,94.04,1022.8,112.0
Wheat,Gujarat,Kharif,38.31,162.4,258.9,182.2
Rice,Goa,Rabi,27.08,101.7,1001.0,170.6
Apple,Uttar Pradesh,Zaid,25.23,357.26,872.9,91.1
Grapes,Haryana,Kharif,11.68,130.49,880.0,84.7
Wheat,Maharashtra,Whole Year,19.57,82.63,435.6,123.3
Grapes,Haryana,Zaid,19.99,373.14,719.3,100.0
Apple,Gujarat,Kharif,33.05,333.56,928.5,65.9
Chickpea,Uttar Pradesh,Whole Year,24.76,41.26,452.9,60.6
Maize,Punjab,Kharif,23.64,106.93,970.7,122.2
Rice,Goa,Whole Year,7.95,23.22,806.0,138.0
Rice,Karnataka,Kharif,40.15,160.72,1222.6,131.8
Cotton,Gujarat,Rabi,27.24,47.75,799.9,82.2
Tomato,Uttar Pradesh,Kharif,29.74,655.64,882.3,175.1
Chickpea,Gujarat,Rabi,40.32,66.98,489.9,38.2
Rice,Gujarat,Rabi,41.16,151.85,1315.0,118.3
Wheat,Gujarat,Kharif,42.34,180.28,402.9,121.0
Tomato,Uttar Pradesh,Rabi,35.81,913.85,652.6,155.5
Cotton,Karnataka,Rabi,31.01,52.12,709.9,125.5
Chickpea,Madhya Pradesh,Zaid,24.68,50.56,347.3,75.2
Chickpea,Madhya Pradesh,Zaid,18.69,26.86,583.9,20.0
Grapes,Goa,Zaid,34.6,464.06,652.1,158.3
Grapes,Madhya Pradesh,Kharif,43.29,666.46,752.9,129.8
Banana,Maharashtra,Kharif,13.05,403.54,1496.5,214.6
Rice,Madhya Pradesh,Kharif,24.87,82.75,1015.7,160.4
Banana,Haryana,Kharif,19.03,708.1,1171.6,166.7
Banana,Madhya Pradesh,Zaid,21.81,644.22,1426.7,196.8
Maize,Maharashtra,Rabi,38.41,160.93,512.1,109.7
Potato,Uttar Pradesh,Zaid,2.17,24.8,536.9,172.2
Cotton,Gujarat,Kharif,25.89,62.1,865.5,95.0
Potato,Madhya Pradesh,Whole Year,15.91,319.49,439.3,180.9
Cotton,Uttar Pradesh,Whole Year,20.4,46.11,533.2,119.8
Tomato,Goa,Rabi,4.54,102.21,737.8,147.4
Cotton,Gujarat,Zaid,44.09,92.18,698.6,77.8
Wheat,Punjab,Whole Year,16.51,65.95,337.1,102.8
Apple,Tamil Nadu,Kharif,37.05,463.25,999.9,71.3
Maize,Karnataka,Kharif,43.06,192.14,598.4,66.9
Cotton,Uttar Pradesh,Whole Year,30.95,68.05,730.3,65.5
Apple,Punjab,Rabi,38.88,437.76,862.3,119.6
Grapes,Goa,Rabi,19.7,383.05,910.8,175.6
Rice,Karnataka,Rabi,35.56,104.95,878.8,122.1
Grapes,Tamil Nadu,Rabi,5.79,109.02,712.8,153.1
Wheat,Madhya Pradesh,Zaid,27.56,123.77,274.5,146.3
Apple,Haryana,Zaid,7.72,89.88,842.4,75.0
Apple,Gujarat,Kharif,47.63,760.61,1366.5,149.9
Grapes,Tamil Nadu,Whole Year,26.04,448.41,730.2,135.4
Rice,Maharashtra,Rabi,34.81,133.93,1269.3,112.0
Potato,Punjab,Whole Year,34.33,690.86,699.9,162.4
Tomato,Rajasthan,Whole Year,42.4,867.95,657.4,181.0
Potato,Tamil Nadu,Rabi,14.33,278.99,665.9,122.5
Maize,Uttar Pradesh,Rabi,48.24,222.33,951.2,121.4
Chickpea,Karnataka,Rabi,3.14,5.23,286.2,66.7
Apple,Rajasthan,Whole Year,1.04,12.84,1027.4,117.4
Chickpea,Rajasthan,Zaid,18.72,29.47,222.3,48.2
Grapes,Goa,Whole Year,32.03,550.4,736.3,162.3
Chickpea,Haryana,Zaid,9.54,15.52,451.1,51.2
Tomato,Rajasthan,Zaid,31.07,770.85,813.1,177.5
Maize,Gujarat,Whole Year,1.53,6.69,377.0,96.8
Potato,Gujarat,Rabi,6.66,124.82,470.6,138.0
Apple,Madhya Pradesh,Zaid,3.23,43.44,1059.0,90.2
Maize,Rajasthan,Whole Year,46.36,224.8,495.1,127.1
Apple,Haryana,Rabi,7.3,89.17,844.6,106.5
Grapes,Haryana,Zaid,41.1,477.9,711.3,95.6
Maize,Goa,Whole Year,12.07,52.25,471.6,76.2
Rice,Haryana,Kharif,30.08,100.78,1230.1,104.3
Tomato,Maharashtra,Kharif,14.47,334.17,582.5,117.3
Maize,Maharashtra,Zaid,44.4,184.9,617.8,106.1
Wheat,Rajasthan,Zaid,14.49,74.92,667.6,142.5
Chickpea,Madhya Pradesh,Kharif,33.69,52.17,251.1,41.0
Cotton,Punjab,Whole Year,39.01,70.89,655.4,96.5
Wheat,Madhya Pradesh,Kharif,33.1,135.04,492.7,138.6
Rice,Tamil Nadu,Kharif,17.39,49.48,965.4,101.0
Chickpea,Punjab,Rabi,5.48,8.03,605.3,72.3
Cotton,Goa,Rabi,20.4,35.4,575.5,66.8
Potato,Uttar Pradesh,Rabi,17.65,251.71,382.6,147.9
Wheat,Madhya Pradesh,Zaid,28.31,109.79,531.1,104.9
Wheat,Tamil Nadu,Whole Year,19.05,67.81,526.5,112.0
Tomato,Madhya Pradesh,Zaid,23.59,655.35,1001.0,153.2
Wheat,Rajasthan,Whole Year,12.94,56.63,624.5,97.5
Banana,Gujarat,Kharif,42.34,1793.29,1322.8,171.3
Potato,Tamil Nadu,Zaid,16.54,314.14,462.4,121.9
Apple,Karnataka,Kharif,21.31,278.61,982.7,106.8
Grapes,Punjab,Whole Year,32.83,550.07,451.0,149.8
Apple,Maharashtra,Rabi,11.63,145.36,865.6,129.2
Maize,Karnataka,Whole Year,7.45,32.3,777.1,71.7
Grapes,Haryana,Whole Year,17.47,261.34,818.7,138.4
Grapes,Haryana,Rabi,21.35,313.46,497.1,154.1
Grapes,Madhya Pradesh,Rabi,5.55,78.75,683.8,135.6
Maize,Gujarat,Kharif,21.56,87.39,823.9,106.7
Banana,Goa,Rabi,25.49,1075.52,1462.4,159.8
Chickpea,Gujarat,Zaid,4.06,6.55,553.5,20.0
Cotton,Uttar Pradesh,Kharif,43.01,93.8,844.1,96.6
Potato,Rajasthan,Whole Year,22.53,321.31,496.4,130.4
Tomato,Maharashtra,Rabi,16.06,299.62,739.9,139.2
Banana,Gujarat,Zaid,38.96,1382.86,1423.1,217.1
Wheat,Gujarat,Zaid,47.28,209.03,575.0,136.0
Chickpea,Gujarat,Zaid,4.29,8.57,561.4,51.9
Rice,Madhya Pradesh,Whole Year,33.52,130.27,1130.4,89.1
Maize,Haryana,Rabi,47.16,211.15,705.7,90.9
Chickpea,Gujarat,Whole Year,14.64,36.69,610.9,44.8
Chickpea,Maharashtra,Zaid,18.48,31.41,242.8,30.4
Wheat,Madhya Pradesh,Rabi,41.35,205.69,465.4,148.0
Chickpea,Madhya Pradesh,Whole Year,36.78,58.28,553.9,20.0
Chickpea,Maharashtra,Kharif,43.18,82.44,748.9,93.0
Chickpea,Uttar Pradesh,Zaid,36.24,62.18,578.9,36.3
Cotton,Uttar Pradesh,Whole Year,42.68,66.76,803.8,88.9
Banana,Punjab,Whole Year,22.63,708.39,1096.5,199.7
Cotton,Maharashtra,Kharif,36.11,90.38,611.5,126.1
Cotton,Maharashtra,Kharif,43.96,105.61,758.0,83.0
Potato,Madhya Pradesh,Kharif,18.93,404.77,685.6,158.5
Banana,Karnataka,Zaid,17.02,472.44,1108.2,191.7
Apple,Madhya Pradesh,Whole Year,8.4,128.84,1342.4,79.4
Tomato,Tamil Nadu,Zaid,26.9,559.35,551.6,126.2
Grapes,Madhya Pradesh,Kharif,23.75,361.18,732.3,153.7
Cotton,Haryana,Whole Year,28.9,64.94,849.2,86.9
Chickpea,Goa,Rabi,27.56,39.78,415.5,20.0
Wheat,Maharashtra,Kharif,6.66,31.92,947.8,134.4
Rice,Rajasthan,Kharif,13.6,52.28,1138.3,112.2
Chickpea,Madhya Pradesh,Kharif,3.66,8.94,541.0,60.5
Potato,Tamil Nadu,Zaid,25.95,385.7,671.0,121.7
Wheat,Punjab,Zaid,27.01,99.81,362.2,143.9
Chickpea,Maharashtra,Zaid,44.19,92.82,596.4,42.6
Wheat,Karnataka,Zaid,1.92,6.4,508.2,98.9
Cotton,Tamil Nadu,Kharif,33.71,65.33,767.4,58.5
Banana,Karnataka,Kharif,7.98,260.93,1264.9,260.7
Cotton,Punjab,Kharif,49.44,144.77,953.2,75.9
Grapes,Punjab,Kharif,12.59,210.92,368.0,100.4
Potato,Haryana,Zaid,28.84,550.54,469.8,159.7
Tomato,Haryana,Kharif,49.12,991.51,750.5,94.1
Tomato,Punjab,Zaid,5.92,131.99,597.9,183.1
Chickpea,Gujarat,Whole Year,36.93,55.24,488.3,26.9
Maize,Karnataka,Zaid,7.11,30.83,550.6,99.8
Wheat,Madhya Pradesh,Zaid,33.61,139.57,464.8,151.5
Maize,Maharashtra,Kharif,32.1,122.22,655.0,73.8
Potato,Gujarat,Kharif,22.72,531.89,433.2,215.5
Banana,Karnataka,Whole Year,15.05,698.59,1242.1,224.9
Banana,Rajasthan,Zaid,36.77,1323.18,1258.4,209.3
Banana,Madhya Pradesh,Zaid,40.59,1444.37,1364.5,230.6
Grapes,Gujarat,Kharif,32.12,387.79,619.6,107.0
Potato,Maharashtra,Rabi,35.48,628.35,785.6,148.4
Apple,Goa,Rabi,44.73,605.29,908.7,98.9
Maize,Haryana,Whole Year,45.26,169.56,609.0,53.8
Chickpea,Uttar Pradesh,Kharif,23.53,32.04,376.2,80.0
Rice,Tamil Nadu,Zaid,22.89,66.01,904.7,135.5
Grapes,Punjab,Zaid,22.02,287.29,622.3,124.4
Rice,Karnataka,Whole Year,28.68,112.57,1134.6,64.9
Potato,Haryana,Rabi,45.1,772.16,429.3,166.3
Chickpea,Punjab,Rabi,41.86,84.9,539.8,49.8
Apple,Goa,Kharif,25.66,318.85,912.3,81.6
Cotton,Gujarat,Rabi,26.74,71.94,905.7,126.4
Tomato,Uttar Pradesh,Zaid,8.56,212.64,961.6,162.1
Apple,Rajasthan,Rabi,45.34,612.0,1110.5,78.5
Potato,Goa,Zaid,27.77,500.22,528.1,138.9
Potato,Punjab,Rabi,46.01,893.42,629.6,161.6
Chickpea,Goa,Rabi,43.68,91.35,610.7,92.5
Cotton,Karnataka,Kharif,46.59,108.67,645.1,113.5
Potato,Maharashtra,Zaid,24.3,417.04,567.3,195.2
Grapes,Haryana,Whole Year,41.35,496.61,486.6,123.7
Wheat,Uttar Pradesh,Whole Year,24.01,88.41,289.2,120.7
Banana,Gujarat,Rabi,44.51,1919.63,1063.8,222.6
Tomato,Maharashtra,Whole Year,3.23,69.16,904.6,172.8
Rice,Karnataka,Whole Year,17.37,68.53,836.2,141.4
Potato,Haryana,Kharif,1.14,17.59,683.0,154.3
Potato,Punjab,Kharif,28.97,437.94,689.6,127.6
Potato,Rajasthan,Kharif,36.22,709.92,394.9,161.6
Rice,Punjab,Rabi,44.22,163.6,1082.8,89.2
Rice,Rajasthan,Whole Year,19.09,68.85,1087.3,102.6
Maize,Tamil Nadu,Zaid,13.01,34.6,548.7,96.5
Apple,Goa,Whole Year,31.23,360.25,665.3,108.7
Potato,Rajasthan,Zaid,18.95,331.57,701.9,143.4
Grapes,Punjab,Zaid,17.37,277.95,759.8,131.8
Tomato,Punjab,Kharif,36.13,641.12,820.4,167.9
Wheat,Haryana,Zaid,33.04,120.64,591.9,148.9
Banana,Rajasthan,Kharif,13.52,457.04,1194.1,193.9
Wheat,Rajasthan,Whole Year,40.75,202.65,714.7,138.3
Banana,Maharashtra,Kharif,15.34,623.73,1293.3,167.2
Rice,Karnataka,Kharif,44.24,212.18,1163.6,129.7
Banana,Uttar Pradesh,Kharif,7.05,300.83,1237.4,225.6
Banana,Punjab,Whole Year,37.23,1245.15,1203.6,203.6
Tomato,Karnataka,Kharif,22.46,628.13,627.2,199.1
Tomato,Uttar Pradesh,Rabi,46.73,1045.72,540.1,172.5
Grapes,Haryana,Kharif,6.94,109.92,743.8,87.5
Cotton,Maharashtra,Rabi,21.64,60.42,818.5,75.2
Banana,Maharashtra,Kharif,2.55,102.58,1041.2,187.4
Grapes,Uttar Pradesh,Whole Year,32.33,606.24,650.6,189.1
Maize,Rajasthan,Zaid,18.58,74.98,588.6,143.5
Banana,Gujarat,Whole Year,4.16,177.9,1452.8,230.8
Cotton,Haryana,Kharif,7.22,15.34,1098.1,68.0
Grapes,Haryana,Whole Year,30.12,556.5,701.4,131.6
Grapes,Haryana,Whole Year,0.96,16.28,712.2,161.3
Tomato,Haryana,Rabi,33.56,478.34,833.7,161.1
Apple,Haryana,Rabi,17.35,171.43,936.2,92.6
Grapes,Uttar Pradesh,Whole Year,4.57,87.3,619.3,149.7
Banana,Maharashtra,Rabi,17.69,640.82,1130.1,239.3
Cotton,Karnataka,Kharif,28.78,63.65,732.3,88.2
Tomato,Madhya Pradesh,Rabi,40.18,887.96,580.4,141.0
Tomato,Uttar Pradesh,Zaid,11.42,283.78,629.4,175.7
Maize,Haryana,Zaid,42.53,197.0,738.0,94.2
Potato,Goa,Rabi,12.35,209.27,668.2,149.2
Chickpea,Maharashtra,Rabi,21.09,32.99,419.1,45.1
Cotton,Rajasthan,Zaid,14.89,27.77,567.7,85.6
Rice,Tamil Nadu,Rabi,29.74,97.64,961.6,112.9
Potato,Tamil Nadu,Whole Year,20.7,428.4,671.9,148.5
Wheat,Madhya Pradesh,Whole Year,39.85,120.69,319.5,113.8
Rice,Tamil Nadu,Kharif,40.61,120.0,947.2,107.8
Tomato,Maharashtra,Rabi,13.15,272.49,681.6,127.6
Chickpea,Maharashtra,Zaid,38.36,65.1,366.4,64.9
Banana,Maharashtra,Rabi,1.43,41.29,1195.3,176.8
Chickpea,Tamil Nadu,Zaid,6.79,11.0,200.0,64.3
Potato,Madhya Pradesh,Kharif,14.66,376.62,627.6,157.5
Apple,Maharashtra,Rabi,47.13,541.75,749.4,108.7
Grapes,Uttar Pradesh,Whole Year,30.02,352.41,637.9,95.6
Grapes,Gujarat,Zaid,39.73,598.07,567.6,162.9
Chickpea,Rajasthan,Zaid,44.56,80.07,710.8,34.1
Potato,Punjab,Kharif,41.58,898.53,722.1,195.8
Maize,Karnataka,Whole Year,9.6,30.12,759.1,119.2
Banana,Uttar Pradesh,Whole Year,9.98,355.14,1326.8,193.0
Chickpea,Punjab,Kharif,28.61,61.45,442.1,20.0
Wheat,Gujarat,Rabi,36.37,174.91,490.7,161.2
Banana,Haryana,Rabi,42.03,1127.19,944.4,190.8
Potato,Madhya Pradesh,Rabi,42.82,793.39,558.9,189.1
Tomato,Haryana,Kharif,47.57,1375.75,1035.6,152.5
Wheat,Punjab,Whole Year,10.92,50.15,476.1,185.5
Rice,Rajasthan,Zaid,19.97,57.0,1221.5,82.1
Maize,Uttar Pradesh,Rabi,1.11,4.07,535.4,115.4
Wheat,Gujarat,Rabi,13.01,44.23,408.8,109.1
Maize,Uttar Pradesh,Rabi,23.68,83.98,825.0,96.3
Apple,Haryana,Whole Year,3.81,45.21,1082.7,105.5
Apple,Rajasthan,Rabi,24.88,337.61,865.4,82.1
Maize,Gujarat,Rabi,16.62,73.89,620.3,114.9
Potato,Maharashtra,Kharif,4.42,82.48,702.2,122.4
Banana,Gujarat,Whole Year,27.53,784.19,1074.2,192.3
Tomato,Punjab,Kharif,37.81,820.59,934.3,173.4
Cotton,Punjab,Kharif,23.08,42.72,486.9,101.5
Cotton,Tamil Nadu,Rabi,0.51,0.92,663.5,89.2
Potato,Goa,Whole Year,41.56,711.9,643.8,133.3
Wheat,Uttar Pradesh,Whole Year,27.21,76.95,200.0,74.0
Cotton,Haryana,Whole Year,36.16,65.57,387.9,101.4
Rice,Tamil Nadu,Zaid,22.15,75.85,1208.3,106.8
Maize,Uttar Pradesh,Rabi,2.4,7.12,721.2,119.6
Maize,Rajasthan,Kharif,41.75,197.15,732.3,129.2
Banana,Gujarat,Zaid,44.22,2106.92,887.4,298.2
Grapes,Rajasthan,Zaid,42.88,637.86,693.1,132.8
Banana,Karnataka,Zaid,2.51,88.08,1114.5,189.4
Maize,Gujarat,Rabi,5.64,21.21,812.6,72.1
Maize,Uttar Pradesh,Rabi,29.25,136.58,632.5,81.7
Cotton,Goa,Whole Year,31.4,60.77,853.8,76.6
Potato,Haryana,Zaid,11.81,286.12,702.8,168.9
Grapes,Maharashtra,Zaid,18.28,284.07,750.3,135.6
Wheat,Uttar Pradesh,Zaid,37.72,172.64,392.2,162.4
Chickpea,Gujarat,Rabi,24.11,43.44,440.4,45.1
Grapes,Punjab,Whole Year,41.09,640.75,632.6,146.3
Grapes,Goa,Zaid,35.49,667.41,797.8,179.5
Chickpea,Maharashtra,Zaid,45.87,89.21,316.6,38.6
Tomato,Karnataka,Rabi,26.19,587.4,970.9,181.9
Wheat,Gujarat,Zaid,2.33,7.98,254.1,124.3
Wheat,Rajasthan,Zaid,26.34,118.52,430.0,154.9
Wheat,Rajasthan,Whole Year,16.92,56.37,548.6,125.2
Grapes,Gujarat,Kharif,39.37,496.98,201.3,142.1
Grapes,Rajasthan,Rabi,48.29,789.02,830.9,99.2
Rice,Goa,Rabi,28.39,94.35,1228.2,131.7
Grapes,Punjab,Rabi,20.24,332.09,789.8,183.7
Wheat,Tamil Nadu,Zaid,22.93,81.02,334.1,158.4
Maize,Haryana,Whole Year,26.61,87.99,620.7,94.8
Banana,Gujarat,Kharif,47.88,1847.46,1161.2,230.6
Tomato,Haryana,Whole Year,47.6,973.87,476.9,145.7
Wheat,Goa,Rabi,21.36,59.47,489.7,82.2
Chickpea,Karnataka,Whole Year,29.25,60.88,586.7,99.7
Banana,Goa,Kharif,5.6,216.9,1073.1,231.6
Tomato,Madhya Pradesh,Zaid,1.37,36.55,789.6,165.0
Cotton,Madhya Pradesh,Kharif,4.94,8.71,843.3,108.3
Potato,Uttar Pradesh,Whole Year,21.52,372.05,581.6,126.0
Rice,Punjab,Rabi,16.87,75.54,1361.8,91.7
Maize,Haryana,Rabi,20.85,87.71,710.8,125.1
Cotton,Haryana,Whole Year,21.12,46.21,811.6,66.2
Chickpea,Karnataka,Zaid,17.8,29.85,500.1,20.0
Rice,Goa,Kharif,34.76,97.79,870.9,72.3
Maize,Goa,Zaid,16.55,63.89,783.5,157.2
Banana,Tamil Nadu,Zaid,11.47,448.49,967.9,212.2
Grapes,Maharashtra,Kharif,18.54,325.67,636.0,128.2
Maize,Madhya Pradesh,Kharif,18.7,61.67,490.4,77.8
Cotton,Uttar Pradesh,Rabi,34.17,42.01,572.1,116.0
Chickpea,Karnataka,Zaid,45.82,97.51,532.8,38.7
Potato,Karnataka,Rabi,25.44,518.08,538.3,138.4
Chickpea,Haryana,Rabi,28.07,48.05,391.7,20.0
Apple,Gujarat,Kharif,46.79,564.07,823.5,111.2
Chickpea,Uttar Pradesh,Zaid,44.14,77.74,351.3,20.0
Potato,Uttar Pradesh,Kharif,35.86,658.69,608.8,125.4
Banana,Goa,Whole Year,3.27,96.83,1225.6,191.4
Apple,Tamil Nadu,Whole Year,6.85,85.54,991.5,94.8
Apple,Punjab,Zaid,24.99,326.23,933.6,85.3
Potato,Goa,Whole Year,49.12,795.15,773.9,98.8
Chickpea,Haryana,Zaid,41.32,64.66,629.6,60.6
Tomato,Rajasthan,Whole Year,7.25,133.03,706.7,142.3
Tomato,Gujarat,Kharif,49.29,1046.34,621.5,203.4
Apple,Goa,Rabi,20.54,221.03,719.7,105.1
Banana,Maharashtra,Rabi,10.43,360.24,1150.1,207.9
Potato,Maharashtra,Zaid,39.92,685.28,372.8,136.8
Tomato,Madhya Pradesh,Rabi,22.78,562.52,752.8,203.9
Banana,Goa,Kharif,32.2,1389.43,1009.6,217.3
Banana,Karnataka,Kharif,6.04,205.84,1444.8,205.1
Grapes,Uttar Pradesh,Zaid,49.76,902.28,766.3,185.5
Chickpea,Karnataka,Kharif,24.43,51.92,412.7,55.9
Rice,Madhya Pradesh,Zaid,15.75,41.39,704.9,123.5
Rice,Goa,Kharif,2.65,9.24,1046.5,115.4
Grapes,Punjab,Zaid,45.53,679.35,357.3,170.5
Chickpea,Tamil Nadu,Whole Year,40.46,69.92,564.0,20.0
Rice,Gujarat,Kharif,33.85,139.09,870.4,130.5
Wheat,Karnataka,Rabi,7.02,29.73,587.5,156.0
Wheat,Haryana,Zaid,27.82,125.25,394.0,144.5
Potato,Gujarat,Rabi,39.2,720.52,760.6,191.2
Rice,Karnataka,Zaid,35.6,130.29,806.0,129.0
Cotton,Maharashtra,Zaid,5.53,9.3,519.5,101.3
Grapes,Gujarat,Kharif,47.25,560.51,604.9,132.9
Cotton,Punjab,Whole Year,35.75,78.77,837.7,99.7
Wheat,Tamil Nadu,Rabi,36.85,185.39,657.3,111.1
Tomato,Maharashtra,Whole Year,35.89,806.9,658.2,147.9
Maize,Punjab,Rabi,32.18,146.87,679.1,101.0
Cotton,Punjab,Kharif,18.32,39.29,997.7,42.3
Maize,Punjab,Whole Year,9.72,39.59,686.6,99.7
Wheat,Rajasthan,Whole Year,42.77,168.83,724.2,86.7
Tomato,Maharashtra,Zaid,43.58,874.23,892.7,171.1
Rice,Haryana,Kharif,4.21,16.78,959.9,131.8
Apple,Rajasthan,Rabi,13.47,129.1,885.1,46.8
Cotton,Maharashtra,Whole Year,48.87,100.7,870.5,100.8
Banana,Haryana,Kharif,18.52,534.72,1183.4,182.2
Maize,Madhya Pradesh,Whole Year,13.69,33.89,644.6,131.0
Wheat,Rajasthan,Kharif,33.74,93.09,344.2,120.6
Chickpea,Karnataka,Rabi,8.03,16.54,466.4,20.0
Chickpea,Tamil Nadu,Zaid,38.85,73.89,359.0,57.8
Cotton,Gujarat,Rabi,42.24,71.79,695.8,78.5
Rice,Karnataka,Whole Year,3.53,11.35,941.5,76.2
Cotton,Haryana,Whole Year,16.33,29.98,737.6,87.6
Wheat,Goa,Rabi,9.33,40.59,302.4,145.2
Potato,Karnataka,Kharif,46.89,587.36,487.1,124.9
Potato,Maharashtra,Whole Year,48.52,957.41,746.3,137.5
Grapes,Madhya Pradesh,Kharif,21.7,295.21,728.3,164.5
Banana,Punjab,Kharif,9.03,362.79,1083.0,191.7
Tomato,Uttar Pradesh,Rabi,43.78,1073.32,884.1,130.1
Tomato,Maharashtra,Rabi,28.18,731.43,688.5,205.7
Wheat,Punjab,Kharif,28.09,96.18,407.4,187.0
Chickpea,Tamil Nadu,Whole Year,12.28,15.24,556.9,20.0
Chickpea,Uttar Pradesh,Zaid,27.64,51.19,515.6,40.7
Chickpea,Gujarat,Zaid,33.01,72.67,483.3,60.6
Rice,Goa,Whole Year,38.01,107.23,898.5,96.2
Wheat,Madhya Pradesh,Whole Year,34.72,159.69,635.1,150.8
Chickpea,Gujarat,Kharif,24.85,56.19,273.3,79.6
Cotton,Tamil Nadu,Rabi,33.42,101.21,910.3,128.1
Banana,Uttar Pradesh,Zaid,23.3,638.78,1121.3,158.6
Banana,Karnataka,Zaid,28.99,1118.52,1042.5,218.0
Wheat,Goa,Whole Year,16.41,74.99,604.3,164.3
Banana,Haryana,Zaid,47.13,1814.41,1073.0,175.3
Maize,Gujarat,Kharif,1.82,7.45,694.1,129.5
Wheat,Uttar Pradesh,Kharif,34.33,156.18,339.4,79.4
Cotton,Punjab,Rabi,26.4,63.63,828.4,58.0
Tomato,Punjab,Zaid,6.72,160.58,777.7,128.6
Maize,Gujarat,Zaid,19.34,71.43,1130.3,110.3
Banana,Karnataka,Whole Year,29.05,1180.47,1174.1,226.5
Chickpea,Tamil Nadu,Kharif,34.63,63.79,340.0,61.0
Banana,Tamil Nadu,Whole Year,18.73,641.83,1290.5,153.6
Banana,Madhya Pradesh,Kharif,11.2,444.82,1358.7,216.0
Banana,Haryana,Zaid,17.78,535.74,1067.8,203.7
Chickpea,Gujarat,Whole Year,22.76,44.59,665.5,79.7
Rice,Haryana,Rabi,23.53,93.69,864.3,121.2
Apple,Haryana,Zaid,13.73,162.92,1191.2,116.6
Banana,Rajasthan,Whole Year,37.84,1441.46,1234.7,190.5
Tomato,Goa,Kharif,22.83,543.52,619.1,154.6
Banana,Tamil Nadu,Kharif,23.84,999.69,1062.6,218.0
Apple,Tamil Nadu,Zaid,6.92,89.4,920.1,129.3
Maize,Gujarat,Rabi,13.48,56.25,570.7,123.9
Wheat,Madhya Pradesh,Kharif,11.26,31.42,631.5,76.2
Maize,Tamil Nadu,Kharif,16.3,70.42,650.5,147.6
Maize,Tamil Nadu,Zaid,21.94,107.67,656.8,94.3
Tomato,Tamil Nadu,Kharif,46.61,1008.76,941.5,97.8
Tomato,Tamil Nadu,Rabi,22.63,568.89,588.7,129.8
Tomato,Uttar Pradesh,Zaid,25.71,606.06,577.0,136.4
Cotton,Madhya Pradesh,Kharif,48.22,106.86,659.3,98.5
Wheat,Uttar Pradesh,Kharif,33.31,154.23,665.1,104.4
Cotton,Maharashtra,Rabi,25.6,73.61,854.2,103.3
Grapes,Punjab,Rabi,43.36,659.66,472.7,140.0
Chickpea,Tamil Nadu,Rabi,37.34,67.52,297.8,102.2
Banana,Maharashtra,Rabi,43.53,1327.05,1191.9,210.4
Tomato,Madhya Pradesh,Whole Year,36.39,952.55,1098.0,188.0
Cotton,Madhya Pradesh,Zaid,28.04,56.99,567.7,67.4
Apple,Haryana,Whole Year,16.41,211.93,971.3,127.6
Chickpea,Uttar Pradesh,Zaid,41.6,78.37,286.2,35.3
Grapes,Punjab,Rabi,34.3,624.86,418.1,162.8
Chickpea,Rajasthan,Zaid,11.04,17.7,659.9,64.4
Grapes,Goa,Kharif,2.67,40.07,627.7,105.9
Grapes,Haryana,Whole Year,48.93,796.46,755.9,184.9
Grapes,Rajasthan,Kharif,16.04,206.73,834.5,114.3
Apple,Uttar Pradesh,Kharif,30.35,476.07,857.3,140.7
Tomato,Goa,Zaid,21.36,446.4,729.5,177.0
Grapes,Gujarat,Zaid,32.9,500.33,714.2,131.5
Grapes,Goa,Whole Year,34.08,498.29,625.2,125.2
Tomato,Uttar Pradesh,Kharif,4.02,67.86,818.7,106.8
Grapes,Madhya Pradesh,Whole Year,41.94,375.82,396.9,111.2
Tomato,Gujarat,Rabi,31.6,829.56,643.6,126.1
Potato,Karnataka,Rabi,2.89,54.2,626.7,136.9
Tomato,Gujarat,Rabi,48.27,874.85,738.4,163.3
Cotton,Karnataka,Rabi,47.95,95.1,1071.1,126.3
Grapes,Madhya Pradesh,Rabi,46.71,554.58,608.0,114.4
Rice,Uttar Pradesh,Rabi,5.62,25.91,890.8,132.6
Apple,Madhya Pradesh,Kharif,5.93,87.04,931.9,129.8
Wheat,Tamil Nadu,Zaid,41.59,150.95,415.4,157.6
Banana,Rajasthan,Kharif,6.67,248.3,1329.2,202.0
Tomato,Haryana,Whole Year,10.64,204.58,629.6,120.6
Apple,Karnataka,Whole Year,44.92,472.78,1195.9,98.1
Chickpea,Madhya Pradesh,Rabi,26.22,67.63,673.4,62.6
Wheat,Tamil Nadu,Rabi,10.86,47.24,573.7,119.9
Banana,Haryana,Rabi,25.9,970.64,1185.2,204.9
Potato,Madhya Pradesh,Kharif,46.12,766.25,702.3,86.7
Maize,Haryana,Whole Year,46.71,192.19,1007.0,104.4
Grapes,Haryana,Rabi,40.18,569.31,948.7,129.9
Grapes,Gujarat,Kharif,8.29,135.78,627.9,126.2
Banana,Madhya Pradesh,Kharif,29.75,908.39,1006.1,205.2
Banana,Rajasthan,Kharif,33.97,1224.61,1188.4,184.8
Potato,Tamil Nadu,Zaid,26.66,528.19,333.6,160.5
Cotton,Tamil Nadu,Rabi,29.55,74.21,1007.7,96.3
Banana,Haryana,Rabi,25.1,1122.66,1270.0,227.5
Grapes,Goa,Zaid,28.59,584.37,635.3,153.1
Potato,Uttar Pradesh,Zaid,14.82,234.42,686.1,172.2
Chickpea,Gujarat,Kharif,48.04,84.31,493.9,20.0
Banana,Rajasthan,Whole Year,26.05,1106.7,1221.1,184.6
Potato,Goa,Kharif,33.82,588.5,428.8,167.4
Grapes,Tamil Nadu,Zaid,8.24,108.8,591.8,119.9
Cotton,Maharashtra,Rabi,28.43,56.33,611.7,78.1
Banana,Uttar Pradesh,Rabi,43.36,1742.4,760.6,186.0
Banana,Goa,Zaid,39.14,1425.11,1143.6,227.2
Potato,Madhya Pradesh,Whole Year,12.6,295.36,854.4,120.7
Tomato,Rajasthan,Zaid,31.51,748.78,903.5,163.9
Tomato,Goa,Kharif,43.61,896.53,688.2,126.6
Chickpea,Tamil Nadu,Rabi,4.19,7.19,417.2,38.6
Cotton,Gujarat,Rabi,27.84,51.4,807.8,88.0
Apple,Gujarat,Rabi,25.12,317.44,707.3,82.1
Maize,Gujarat,Zaid,12.77,61.93,873.0,57.4
Tomato,Maharashtra,Rabi,32.18,575.89,359.5,152.4
Maize,Punjab,Zaid,24.51,89.98,548.4,108.4
Banana,Tamil Nadu,Rabi,42.97,1455.56,1299.7,238.3
Rice,Maharashtra,Kharif,16.27,49.74,950.9,80.1
Cotton,Tamil Nadu,Zaid,13.84,32.81,719.7,102.4
Cotton,Rajasthan,Rabi,47.51,117.72,922.3,138.4
Maize,Tamil Nadu,Kharif,43.56,210.73,646.5,105.4
Cotton,Rajasthan,Rabi,11.9,25.61,806.8,74.3
Rice,Maharashtra,Whole Year,35.91,120.87,794.1,107.5
Potato,Madhya Pradesh,Zaid,24.84,420.05,675.0,148.5
Rice,Madhya Pradesh,Rabi,27.33,122.28,868.5,150.5
Potato,Goa,Zaid,9.98,180.26,665.2,106.3
Grapes,Maharashtra,Zaid,31.25,549.02,713.7,120.1
Rice,Karnataka,Zaid,5.42,10.2,1075.4,64.6
Maize,Tamil Nadu,Kharif,24.18,95.24,944.4,85.9
Potato,Rajasthan,Rabi,46.71,1044.82,570.3,120.7
Cotton,Punjab,Kharif,48.11,114.91,642.3,44.2
Potato,Punjab,Zaid,24.2,393.04,584.5,196.4
Cotton,Uttar Pradesh,Rabi,24.16,67.95,1039.2,142.4
Banana,Maharashtra,Zaid,10.69,349.13,1192.6,179.7
Chickpea,Madhya Pradesh,Zaid,13.84,30.24,667.7,58.3
Wheat,Karnataka,Whole Year,0.84,3.55,706.5,103.1
Chickpea,Haryana,Whole Year,45.64,76.7,670.0,67.2
Potato,Haryana,Zaid,49.75,661.87,520.3,149.1
Grapes,Uttar Pradesh,Rabi,12.36,158.41,1026.7,148.7
Cotton,Gujarat,Kharif,39.5,90.87,896.1,89.2
Chickpea,Madhya Pradesh,Kharif,32.24,56.34,255.1,47.2
Potato,Maharashtra,Kharif,2.51,47.12,271.5,131.1
Chickpea,Uttar Pradesh,Kharif,38.41,74.99,457.7,74.0
Potato,Rajasthan,Whole Year,12.43,268.38,633.7,176.9
Chickpea,Haryana,Rabi,13.44,26.43,646.8,42.6
Banana,Rajasthan,Rabi,9.62,335.25,1009.5,204.9
Wheat,Gujarat,Whole Year,7.34,23.7,404.3,109.2
Grapes,Karnataka,Zaid,47.82,890.82,968.7,113.3
Apple,Madhya Pradesh,Kharif,17.38,219.34,716.6,148.0
Banana,Karnataka,Kharif,48.94,1312.7,1095.6,167.7
Rice,Uttar Pradesh,Rabi,43.96,185.31,940.6,151.0
Cotton,Gujarat,Rabi,9.3,18.66,1145.5,105.1
Cotton,Karnataka,Zaid,8.83,18.82,972.0,121.5
Banana,Karnataka,Rabi,44.32,1599.91,1250.4,225.2
Apple,Madhya Pradesh,Kharif,6.83,101.13,792.1,79.4
Rice,Tamil Nadu,Rabi,30.19,96.85,1117.3,120.0
Potato,Tamil Nadu,Whole Year,27.58,400.75,762.3,130.5
Grapes,Rajasthan,Rabi,26.22,392.29,655.1,129.6
Rice,Goa,Whole Year,15.87,61.81,1059.4,115.5
Apple,Rajasthan,Whole Year,4.8,54.71,752.1,118.4
Tomato,Haryana,Zaid,19.72,387.91,884.2,189.9
Cotton,Karnataka,Kharif,36.75,75.65,503.3,98.8
Banana,Tamil Nadu,Kharif,41.64,1351.0,1057.8,247.4
Grapes,Gujarat,Rabi,36.65,480.41,418.6,159.1
Maize,Maharashtra,Zaid,32.73,132.77,604.9,124.9
Potato,Haryana,Rabi,3.67,72.41,663.2,168.6
Tomato,Karnataka,Rabi,40.52,874.58,805.5,151.5
Tomato,Goa,Zaid,22.38,479.1,675.5,171.4
Cotton,Maharashtra,Zaid,12.84,23.37,794.7,65.3
Rice,Rajasthan,Rabi,27.49,95.04,1038.8,92.1
Potato,Rajasthan,Whole Year,4.92,95.73,535.3,169.6
Chickpea,Maharashtra,Rabi,41.96,69.77,516.7,63.8
Rice,Karnataka,Zaid,18.94,67.94,1054.6,123.7
Tomato,Gujarat,Zaid,45.91,1247.08,774.1,107.8
Rice,Rajasthan,Zaid,13.16,46.3,890.8,111.0
Maize,Gujarat,Whole Year,5.4,19.97,878.9,117.8
Maize,Haryana,Rabi,45.32,198.31,788.6,128.3
Rice,Uttar Pradesh,Kharif,38.5,160.91,1154.4,128.5
Grapes,Maharashtra,Rabi,46.53,677.01,773.0,111.4
Potato,Karnataka,Zaid,23.99,425.07,611.0,151.8
Cotton,Rajasthan,Zaid,24.95,48.74,787.4,119.8
Wheat,Tamil Nadu,Kharif,30.94,145.15,526.8,120.2
Tomato,Goa,Zaid,9.49,284.92,622.4,175.1
Grapes,Maharashtra,Rabi,11.78,185.15,841.3,146.6
Wheat,Tamil Nadu,Whole Year,40.61,202.58,625.9,143.3
Grapes,Karnataka,Kharif,38.28,599.91,780.8,166.4
Grapes,Maharashtra,Rabi,4.33,73.16,699.9,125.7
Apple,Gujarat,Kharif,39.53,595.15,1059.8,94.4
Potato,Karnataka,Zaid,38.7,623.8,474.5,127.1
Apple,Karnataka,Zaid,43.57,624.6,821.3,107.7
Wheat,Karnataka,Kharif,11.02,35.6,505.9,140.6
Grapes,Haryana,Whole Year,39.03,367.06,692.2,107.1
Grapes,Tamil Nadu,Zaid,31.63,725.89,626.3,165.3
Rice,Maharashtra,Whole Year,43.03,164.35,972.8,177.7
Maize,Gujarat,Whole Year,47.35,175.15,955.5,134.9
Potato,Gujarat,Rabi,43.9,766.51,506.7,105.3
Cotton,Goa,Zaid,14.9,29.27,960.5,102.4
Tomato,Punjab,Rabi,9.62,169.01,878.7,102.1
Wheat,Madhya Pradesh,Whole Year,48.36,198.18,521.8,79.5
Maize,Gujarat,Whole Year,26.63,106.17,631.3,106.9
Rice,Gujarat,Kharif,46.4,132.12,797.8,110.7
Maize,Madhya Pradesh,Rabi,49.41,221.16,748.3,123.0
Tomato,Haryana,Whole Year,6.36,86.12,722.8,135.1
Apple,Maharashtra,Whole Year,44.04,450.35,1114.3,104.5
Maize,Madhya Pradesh,Whole Year,1.6,7.89,749.4,95.4
Wheat,Uttar Pradesh,Whole Year,16.98,44.22,396.2,118.8
Apple,Gujarat,Kharif,49.69,678.98,1206.3,102.6
Chickpea,Tamil Nadu,Zaid,18.93,34.47,498.3,49.4
Cotton,Tamil Nadu,Zaid,27.58,62.52,923.5,69.7
Apple,Tamil Nadu,Kharif,1.09,15.07,753.7,100.4
Wheat,Punjab,Kharif,49.38,228.85,417.1,146.6
Apple,Madhya Pradesh,Rabi,6.79,67.31,782.7,87.6
Potato,Punjab,Whole Year,21.75,257.58,670.7,105.7
Banana,Tamil Nadu,Zaid,32.32,941.5,888.7,169.3
Potato,Maharashtra,Zaid,49.36,729.72,551.0,146.2
Chickpea,Punjab,Whole Year,14.33,22.69,519.7,20.7
Maize,Uttar Pradesh,Zaid,9.17,38.63,567.2,117.9
Potato,Goa,Whole Year,6.0,111.21,687.9,182.6
Potato,Tamil Nadu,Rabi,36.7,662.68,563.9,156.4
Chickpea,Karnataka,Rabi,23.28,42.25,425.3,41.9
Banana,Uttar Pradesh,Rabi,10.43,254.22,1047.6,175.2
Maize,Madhya Pradesh,Zaid,49.83,186.08,517.4,70.0
Maize,Gujarat,Kharif,21.5,88.83,777.0,87.7
Maize,Punjab,Zaid,8.89,39.3,798.2,60.8
Rice,Punjab,Whole Year,34.4,101.24,1063.0,95.2
Potato,Rajasthan,Whole Year,36.86,450.45,410.3,152.4
Rice,Maharashtra,Whole Year,5.74,18.39,981.4,110.4
Potato,Uttar Pradesh,Rabi,47.21,818.5,540.0,120.4
Rice,Madhya Pradesh,Rabi,4.43,14.04,1027.4,118.9
Cotton,Tamil Nadu,Kharif,7.34,17.42,623.6,119.3
Wheat,Rajasthan,Whole Year,45.67,191.86,572.1,159.5
Chickpea,Haryana,Kharif,6.41,9.31,605.4,36.8
Cotton,Goa,Kharif,11.24,27.67,740.4,65.7
Chickpea,Madhya Pradesh,Whole Year,24.74,41.37,304.8,59.5
Banana,Tamil Nadu,Whole Year,28.46,1079.86,1093.5,184.6
Rice,Rajasthan,Kharif,27.86,109.99,1241.3,85.7
Banana,Uttar Pradesh,Whole Year,7.67,271.48,1130.6,227.3
Banana,Gujarat,Whole Year,1.25,42.82,1121.3,164.2
Potato,Karnataka,Kharif,12.71,219.66,433.9,182.4
Chickpea,Madhya Pradesh,Zaid,26.5,48.57,240.6,46.2
Apple,Maharashtra,Zaid,9.54,101.57,870.7,81.9
Tomato,Gujarat,Rabi,13.63,278.25,748.9,140.3
Apple,Haryana,Kharif,5.13,61.35,790.7,90.7
Rice,Maharashtra,Zaid,38.13,165.26,1021.0,161.3
Chickpea,Rajasthan,Zaid,26.29,37.03,473.7,20.0
Chickpea,Gujarat,Rabi,36.49,71.3,339.1,20.0
Grapes,Maharashtra,Kharif,29.76,369.91,686.5,163.8
Cotton,Gujarat,Whole Year,21.85,49.52,845.3,85.1
Potato,Punjab,Rabi,34.52,533.21,466.5,103.9
Banana,Rajasthan,Whole Year,2.11,66.74,870.6,213.4
Rice,Madhya Pradesh,Whole Year,41.82,168.23,1127.4,123.6
Cotton,Uttar Pradesh,Zaid,23.87,37.13,680.0,104.6
Wheat,Goa,Rabi,46.1,227.64,650.2,120.2
Grapes,Rajasthan,Rabi,17.19,286.69,714.4,157.8
Maize,Goa,Zaid,36.08,184.38,680.5,96.1
Rice,Karnataka,Kharif,37.49,128.22,1242.2,96.4
Rice,Madhya Pradesh,Kharif,43.74,166.99,789.0,153.1
Apple,Tamil Nadu,Kharif,17.4,194.66,687.7,81.6
Chickpea,Maharashtra,Whole Year,0.66,0.94,323.3,75.2
Maize,Tamil Nadu,Rabi,1.81,8.16,686.9,107.7
Apple,Madhya Pradesh,Whole Year,39.49,626.97,891.1,123.7
Banana,Uttar Pradesh,Whole Year,41.39,1092.09,1148.0,205.6
Tomato,Goa,Rabi,41.14,1009.79,699.5,153.4
Wheat,Punjab,Zaid,10.15,40.44,323.1,141.6
Cotton,Maharashtra,Zaid,7.1,19.3,1029.2,106.8
Banana,Punjab,Zaid,47.46,1825.46,1209.0,219.0
Chickpea,Punjab,Whole Year,5.67,9.7,250.1,81.2
Potato,Gujarat,Rabi,17.07,357.34,656.9,130.7
Apple,Uttar Pradesh,Kharif,11.25,108.11,541.5,85.1
Rice,Uttar Pradesh,Kharif,49.77,197.54,1080.6,142.8
Apple,Tamil Nadu,Kharif,35.97,434.11,708.1,93.0
Cotton,Uttar Pradesh,Rabi,14.19,35.65,1127.6,69.1
Potato,Uttar Pradesh,Rabi,31.77,531.57,508.3,135.5
Cotton,Karnataka,Zaid,9.75,22.87,967.5,84.0
Tomato,Karnataka,Whole Year,36.28,842.76,1033.6,141.7
Cotton,Haryana,Rabi,2.08,4.88,708.8,109.2
Grapes,Uttar Pradesh,Kharif,27.47,508.0,366.6,147.8
Potato,Goa,Kharif,12.69,201.32,540.4,182.3
Apple,Punjab,Whole Year,33.15,427.5,913.0,108.7
Rice,Tamil Nadu,Kharif,33.31,145.67,1075.9,124.8
Banana,Karnataka,Kharif,2.29,95.02,1042.6,214.2
Tomato,Goa,Rabi,45.77,1062.64,1222.8,201.0
Banana,Tamil Nadu,Whole Year,21.08,738.89,887.7,206.1
Maize,Maharashtra,Zaid,45.77,181.27,988.5,96.3
Tomato,Rajasthan,Rabi,1.27,16.71,679.3,117.8
Potato,Punjab,Zaid,43.38,740.96,290.2,168.8
Banana,Haryana,Kharif,34.47,1361.25,1152.0,148.1
Maize,Goa,Whole Year,10.73,43.92,570.5,119.0
Tomato,Haryana,Kharif,39.92,717.73,820.9,160.5
Potato,Punjab,Rabi,2.41,35.36,200.0,164.8
Apple,Maharashtra,Whole Year,48.82,590.23,995.0,87.8
Maize,Karnataka,Zaid,36.99,142.2,552.3,74.9
Wheat,Rajasthan,Kharif,13.1,47.04,413.1,128.0
Cotton,Uttar Pradesh,Zaid,15.56,34.17,722.3,107.4
Potato,Madhya Pradesh,Whole Year,38.65,533.28,386.4,204.2
Chickpea,Punjab,Rabi,5.16,8.93,348.2,69.6
Chickpea,Rajasthan,Kharif,22.09,47.28,411.0,30.5
Rice,Gujarat,Rabi,9.22,27.96,1129.3,140.1
Banana,Goa,Rabi,2.39,57.99,774.1,171.2
Wheat,Punjab,Whole Year,44.35,184.11,577.5,153.9
Potato,Gujarat,Whole Year,32.28,580.18,496.7,149.4
Banana,Haryana,Rabi,8.35,295.3,957.6,219.1
Grapes,Madhya Pradesh,Zaid,31.08,528.21,587.7,163.3
Apple,Goa,Rabi,28.12,403.27,884.3,170.4
Banana,Uttar Pradesh,Rabi,47.93,1744.99,1227.2,181.5
Banana,Madhya Pradesh,Kharif,19.97,695.35,1047.0,204.9
Tomato,Haryana,Kharif,16.76,456.36,817.3,196.6
Maize,Karnataka,Zaid,39.44,176.22,812.5,104.1
Apple,Karnataka,Whole Year,39.99,392.53,947.8,76.2
Cotton,Gujarat,Rabi,27.78,62.43,828.4,74.2
Tomato,Karnataka,Kharif,47.8,1129.24,908.1,130.3
Chickpea,Karnataka,Zaid,14.56,22.9,219.4,32.4
Maize,Maharashtra,Whole Year,17.16,66.91,717.0,98.9
Banana,Uttar Pradesh,Rabi,35.58,1041.4,1141.7,149.8
Potato,Tamil Nadu,Whole Year,30.24,681.48,495.3,165.8
Chickpea,Karnataka,Whole Year,10.4,18.07,646.7,20.0
Tomato,Karnataka,Rabi,16.32,437.14,762.0,181.5
Maize,Rajasthan,Kharif,5.14,24.7,535.2,100.3
Grapes,Haryana,Kharif,36.07,643.62,683.2,137.2
Grapes,Goa,Whole Year,37.16,494.25,739.3,114.2
Chickpea,Rajasthan,Zaid,0.62,0.86,460.8,46.7
Cotton,Gujarat,Rabi,8.62,21.9,1002.7,70.5
Wheat,Maharashtra,Whole Year,15.47,59.63,536.5,128.4
Banana,Tamil Nadu,Whole Year,19.72,754.77,1169.9,233.9
Wheat,Haryana,Whole Year,5.8,29.14,383.4,158.7
Tomato,Karnataka,Kharif,6.4,132.47,994.4,121.7
Wheat,Uttar Pradesh,Whole Year,7.34,24.5,216.5,123.9
Grapes,Tamil Nadu,Rabi,40.13,541.8,558.9,114.0
Tomato,Haryana,Whole Year,36.25,879.87,781.1,183.9
Apple,Gujarat,Whole Year,13.32,187.87,767.9,72.6
Cotton,Karnataka,Zaid,35.14,77.41,1048.4,71.6
Rice,Rajasthan,Whole Year,49.1,212.95,1160.6,120.1
Chickpea,Punjab,Whole Year,42.06,73.33,391.8,47.2
Banana,Tamil Nadu,Zaid,16.63,615.54,1333.7,208.4
Banana,Gujarat,Kharif,21.4,870.29,1445.8,215.5
Grapes,Haryana,Whole Year,43.61,361.52,422.2,147.8
Maize,Haryana,Kharif,21.75,85.68,685.8,119.7
Rice,Tamil Nadu,Zaid,7.29,30.07,990.9,126.1
Chickpea,Punjab,Kharif,1.88,3.79,338.0,52.2
Tomato,Haryana,Zaid,9.33,193.21,829.0,154.6
Banana,Goa,Kharif,48.68,1658.32,1212.6,183.8
Potato,Tamil Nadu,Kharif,33.86,448.86,559.7,162.0
Potato,Goa,Whole Year,44.47,776.06,719.1,139.2
Tomato,Karnataka,Whole Year,0.78,15.88,898.0,153.8
Potato,Karnataka,Zaid,22.82,346.25,575.9,111.4
Maize,Madhya Pradesh,Rabi,39.4,168.37,673.7,85.8
Chickpea,Haryana,Whole Year,17.43,40.33,496.0,49.8
Maize,Rajasthan,Whole Year,35.31,136.28,741.8,101.4
Tomato,Uttar Pradesh,Whole Year,37.13,702.07,662.3,138.8
Apple,Gujarat,Kharif,27.7,337.82,1252.4,109.0
Chickpea,Goa,Whole Year,31.35,58.45,440.5,39.6
Apple,Haryana,Kharif,30.66,260.13,1092.6,106.6
Chickpea,Rajasthan,Kharif,49.46,96.35,375.6,20.0
Apple,Tamil Nadu,Kharif,2.56,26.79,448.9,60.9
Wheat,Uttar Pradesh,Whole Year,2.29,7.47,336.5,136.1
Potato,Tamil Nadu,Zaid,4.06,63.04,616.6,125.8
Banana,Tamil Nadu,Kharif,31.32,841.68,771.8,212.4
Wheat,Madhya Pradesh,Whole Year,6.44,21.93,461.5,101.8
Apple,Goa,Rabi,49.33,570.03,621.1,119.9
Maize,Gujarat,Zaid,19.3,84.24,978.5,124.0
Rice,Uttar Pradesh,Kharif,42.81,86.34,729.4,128.1
Chickpea,Gujarat,Zaid,30.06,65.94,449.2,71.1
Grapes,Gujarat,Zaid,32.28,598.05,728.0,105.7
Cotton,Karnataka,Rabi,40.41,91.99,841.5,100.5
Banana,Karnataka,Zaid,25.38,791.26,1403.3,160.7
Banana,Gujarat,Whole Year,2.15,58.54,965.5,212.6
Rice,Maharashtra,Rabi,17.73,79.07,947.9,155.9
Chickpea,Uttar Pradesh,Kharif,22.55,42.81,200.0,48.0
Rice,Uttar Pradesh,Rabi,37.12,130.68,1104.8,105.3
Rice,Punjab,Whole Year,20.34,89.67,1024.6,81.4
Maize,Gujarat,Whole Year,5.78,28.73,691.4,122.3
Maize,Goa,Whole Year,35.53,127.78,731.4,115.3
Wheat,Goa,Kharif,8.46,31.57,655.3,135.8
Cotton,Goa,Kharif,31.19,64.08,786.2,125.6
Wheat,Tamil Nadu,Kharif,29.46,135.61,457.0,154.9
Apple,Goa,Whole Year,40.95,519.28,891.0,92.7
Maize,Haryana,Kharif,27.47,87.29,400.7,117.3
Maize,Maharashtra,Whole Year,42.11,170.12,680.2,133.2
Maize,Maharashtra,Whole Year,42.76,104.19,538.0,76.0
Chickpea,Maharashtra,Whole Year,15.26,22.61,360.2,47.5
Cotton,Rajasthan,Kharif,33.24,97.04,854.6,88.3
Banana,Haryana,Kharif,29.53,1160.2,1373.9,162.2
Banana,Rajasthan,Whole Year,31.36,989.49,1230.5,180.5
Tomato,Tamil Nadu,Kharif,5.29,135.93,976.4,164.6
Cotton,Tamil Nadu,Kharif,5.92,10.2,735.5,102.7
Apple,Rajasthan,Whole Year,29.93,292.65,1081.0,94.8
Potato,Karnataka,Kharif,15.01,217.54,618.9,123.6
Chickpea,Gujarat,Zaid,14.31,18.97,386.5,30.2
Wheat,Karnataka,Whole Year,30.84,97.05,605.5,105.6
Cotton,Karnataka,Whole Year,21.96,48.39,705.5,50.1
Potato,Haryana,Whole Year,31.21,548.27,530.3,145.1
Maize,Haryana,Kharif,11.17,46.57,774.2,66.4
Banana,Goa,Kharif,18.99,568.77,1350.9,189.8
Rice,Rajasthan,Kharif,3.11,11.03,1023.2,148.2
Cotton,Rajasthan,Zaid,8.1,20.98,783.9,89.5
Chickpea,Gujarat,Kharif,19.39,37.25,335.6,23.1
Maize,Rajasthan,Kharif,31.26,166.17,835.1,95.1
Wheat,Punjab,Kharif,46.4,155.46,602.2,120.0
Maize,Goa,Kharif,36.84,172.94,729.9,128.9
Wheat,Karnataka,Rabi,12.61,48.85,250.8,113.9
Rice,Gujarat,Kharif,36.38,130.35,952.4,68.4
Potato,Maharashtra,Kharif,29.72,669.27,892.3,154.8
Apple,Tamil Nadu,Kharif,22.53,259.96,904.1,83.7
Tomato,Goa,Whole Year,27.21,475.52,608.9,120.4
Maize,Uttar Pradesh,Zaid,36.73,133.13,707.1,59.1
Rice,Goa,Whole Year,1.98,7.22,1060.6,78.2
Chickpea,Maharashtra,Rabi,36.17,70.67,401.4,55.7
Maize,Uttar Pradesh,Kharif,14.99,58.18,746.1,127.0
Potato,Maharashtra,Rabi,14.35,252.64,779.3,156.9
Chickpea,Punjab,Rabi,5.1,9.97,371.2,102.4
Wheat,Gujarat,Zaid,49.85,142.59,533.5,113.2
Tomato,Haryana,Whole Year,4.9,101.74,586.2,146.3
Wheat,Karnataka,Rabi,2.12,6.13,596.9,154.9
Grapes,Haryana,Whole Year,16.23,243.21,694.3,191.1
Wheat,Tamil Nadu,Rabi,29.99,109.85,526.4,133.9
Cotton,Uttar Pradesh,Rabi,20.63,41.84,708.9,94.9
Cotton,Rajasthan,Zaid,45.36,92.11,585.1,72.8
Chickpea,Tamil Nadu,Kharif,44.72,94.61,527.2,64.6
Cotton,Maharashtra,Zaid,0.76,1.87,720.1,98.1
Tomato,Rajasthan,Zaid,46.93,771.29,614.9,126.1
Wheat,Haryana,Whole Year,17.81,83.32,641.4,157.0
Potato,Madhya Pradesh,Zaid,10.81,207.48,468.1,176.8
Chickpea,Maharashtra,Whole Year,6.49,11.85,577.0,46.9
Potato,Uttar Pradesh,Kharif,37.0,756.95,681.1,140.4
Rice,Punjab,Rabi,2.31,6.51,990.8,103.3
Apple,Karnataka,Kharif,28.45,332.99,930.1,37.5
Maize,Maharashtra,Kharif,30.86,113.13,407.6,116.6
Chickpea,Gujarat,Whole Year,25.61,38.66,655.5,20.0
Banana,Uttar Pradesh,Whole Year,42.26,1435.14,1341.9,231.4
Wheat,Uttar Pradesh,Zaid,4.0,13.32,552.6,101.7
Maize,Karnataka,Whole Year,36.65,110.26,627.6,112.6
Rice,Tamil Nadu,Rabi,8.98,25.6,1034.0,64.2
Tomato,Maharashtra,Rabi,11.45,297.18,854.4,146.2
Grapes,Rajasthan,Whole Year,35.02,549.51,598.9,133.2
Potato,Punjab,Whole Year,11.46,211.44,633.5,116.1
Wheat,Tamil Nadu,Zaid,4.57,15.22,209.5,147.0
Wheat,Goa,Kharif,11.46,47.33,515.0,108.0
Maize,Karnataka,Rabi,45.1,185.23,625.8,147.4
Banana,Rajasthan,Rabi,0.56,24.71,1244.5,228.7
Grapes,Rajasthan,Kharif,11.5,131.51,476.4,147.2
Wheat,Haryana,Whole Year,22.08,99.84,599.3,91.2
Maize,Tamil Nadu,Kharif,33.4,183.03,826.5,156.2
Chickpea,Haryana,Zaid,1.28,2.41,276.5,35.5
Maize,Punjab,Rabi,28.54,129.91,716.1,120.4
Rice,Goa,Rabi,36.32,161.22,1192.6,128.1
Wheat,Goa,Rabi,28.4,129.77,626.9,143.6
Rice,Rajasthan,Whole Year,43.17,121.16,1113.5,108.5
Potato,Karnataka,Zaid,6.1,114.38,420.8,176.3
Cotton,Tamil Nadu,Kharif,35.28,75.88,883.0,68.9
Potato,Gujarat,Whole Year,24.49,375.77,663.1,110.1
Wheat,Gujarat,Kharif,21.45,94.67,500.2,152.0
Apple,Haryana,Whole Year,7.14,73.42,811.6,76.1
Wheat,Karnataka,Whole Year,32.21,128.52,751.6,151.4
Banana,Rajasthan,Rabi,8.42,228.99,874.5,226.9
Maize,Haryana,Kharif,42.65,117.08,497.1,86.0
Apple,Madhya Pradesh,Zaid,13.21,169.28,867.9,110.3
Banana,Haryana,Whole Year,44.84,1797.28,1239.8,217.3
Tomato,Maharashtra,Rabi,38.46,932.32,572.0,158.3
Chickpea,Karnataka,Rabi,17.5,28.41,309.7,35.3
Cotton,Karnataka,Whole Year,47.48,103.12,737.4,67.2
Apple,Maharashtra,Zaid,30.61,332.0,765.3,108.7
Wheat,Haryana,Whole Year,43.23,239.91,574.5,156.9
Cotton,Karnataka,Zaid,39.84,79.08,971.6,119.5
Potato,Madhya Pradesh,Kharif,9.77,167.62,592.0,169.1
Grapes,Gujarat,Zaid,45.35,766.01,791.8,144.2
Rice,Madhya Pradesh,Whole Year,9.54,29.84,1111.4,98.0
Wheat,Gujarat,Whole Year,9.63,37.15,454.5,135.4
Wheat,Maharashtra,Whole Year,2.46,12.63,344.0,149.2
Apple,Madhya Pradesh,Whole Year,17.35,195.21,810.3,54.5
Wheat,Gujarat,Rabi,8.0,32.51,484.9,144.6
Chickpea,Maharashtra,Whole Year,32.43,71.17,415.3,60.3
Apple,Haryana,Kharif,9.25,103.93,1030.9,121.0
Wheat,Goa,Kharif,42.54,141.51,454.9,128.0
Chickpea,Tamil Nadu,Rabi,47.51,93.4,369.4,59.0
Potato,Maharashtra,Kharif,7.79,124.7,857.9,123.2
Rice,Rajasthan,Kharif,6.16,20.72,1118.8,125.5
Apple,Uttar Pradesh,Rabi,23.94,346.2,715.6,121.3
Cotton,Tamil Nadu,Zaid,13.67,27.94,710.5,90.4
Chickpea,Gujarat,Kharif,41.0,66.54,362.3,70.2
Chickpea,Punjab,Rabi,3.72,8.1,273.5,44.5
Banana,Tamil Nadu,Kharif,25.5,928.58,1324.7,185.8
Apple,Punjab,Zaid,25.49,326.72,899.1,75.4
Tomato,Gujarat,Whole Year,4.18,110.12,929.0,155.3
Maize,Maharashtra,Kharif,42.84,155.34,631.1,133.0
Potato,Tamil Nadu,Kharif,27.42,523.22,629.4,134.7
Cotton,Haryana,Zaid,35.86,72.17,798.8,35.7
Wheat,Rajasthan,Zaid,37.51,166.18,693.7,123.1
Tomato,Haryana,Zaid,18.86,496.45,717.6,192.8
Maize,Punjab,Rabi,14.49,59.46,896.8,150.9
Apple,Maharashtra,Rabi,1.15,14.42,848.2,93.7
Rice,Haryana,Rabi,5.6,19.73,874.2,137.2
Maize,Rajasthan,Whole Year,49.14,183.07,916.3,59.5
Grapes,Uttar Pradesh,Rabi,40.57,706.4,603.6,141.4
Chickpea,Tamil Nadu,Rabi,43.23,71.85,447.5,20.0
Grapes,Rajasthan,Zaid,11.39,157.52,908.9,128.7
Banana,Haryana,Kharif,18.41,801.47,1253.4,219.3
Rice,Gujarat,Zaid,20.22,77.71,890.1,103.3
Rice,Maharashtra,Kharif,40.76,124.23,768.3,130.6
Wheat,Karnataka,Kharif,32.46,124.03,625.7,139.7
Apple,Goa,Whole Year,12.88,107.37,978.5,27.1
Wheat,Haryana,Rabi,14.47,53.9,200.0,79.6
Banana,Punjab,Rabi,5.25,221.35,1166.2,203.2
Tomato,Maharashtra,Rabi,4.25,83.74,992.4,175.9
Banana,Rajasthan,Whole Year,5.27,164.35,957.5,199.1
Potato,Maharashtra,Zaid,27.17,500.13,694.0,143.8
Chickpea,Haryana,Kharif,34.71,86.6,555.5,65.6
Potato,Rajasthan,Whole Year,37.05,652.73,458.8,142.1
Apple,Haryana,Rabi,36.7,433.36,1122.3,79.9
Rice,Madhya Pradesh,Whole Year,45.75,169.47,929.3,105.9
Potato,Madhya Pradesh,Zaid,41.36,903.14,503.7,146.1
Cotton,Gujarat,Rabi,39.06,90.8,805.3,68.6
Wheat,Tamil Nadu,Whole Year,34.44,107.69,572.0,89.2
Cotton,Gujarat,Whole Year,34.59,83.84,655.6,110.6
Banana,Maharashtra,Rabi,23.8,942.67,1329.2,227.6
Potato,Uttar Pradesh,Rabi,48.02,1022.63,513.5,144.2
Apple,Tamil Nadu,Zaid,11.86,144.9,744.4,82.5
Wheat,Haryana,Zaid,26.53,74.38,357.5,110.1
Grapes,Punjab,Kharif,20.85,315.42,637.6,127.9
Cotton,Maharashtra,Kharif,25.4,58.26,879.0,113.8
Chickpea,Goa,Kharif,5.44,11.79,526.5,45.0
Rice,Uttar Pradesh,Rabi,6.94,20.31,929.6,123.2
Banana,Haryana,Whole Year,28.38,1037.47,1299.9,163.9
Tomato,Haryana,Rabi,16.91,459.09,730.7,174.4
Tomato,Punjab,Kharif,10.21,227.54,893.3,147.9
Wheat,Uttar Pradesh,Whole Year,18.68,79.03,588.9,114.8
Chickpea,Maharashtra,Rabi,36.44,66.63,462.2,58.9
Grapes,Karnataka,Zaid,10.82,207.92,827.6,199.7
Wheat,Tamil Nadu,Kharif,13.73,61.98,651.1,132.8
Tomato,Tamil Nadu,Kharif,9.7,208.2,704.5,160.7
Chickpea,Madhya Pradesh,Rabi,22.28,35.14,481.6,20.0
Wheat,Maharashtra,Whole Year,16.7,60.26,502.9,169.8
Tomato,Rajasthan,Whole Year,36.72,825.24,593.1,158.8
Potato,Gujarat,Kharif,23.95,404.84,743.7,157.3
Rice,Tamil Nadu,Whole Year,14.64,53.58,795.2,120.9
Banana,Maharashtra,Zaid,21.91,804.09,1274.4,213.0
Chickpea,Punjab,Zaid,14.68,27.75,690.7,60.4
Maize,Goa,Rabi,34.11,118.61,537.1,113.5
Maize,Uttar Pradesh,Whole Year,33.39,142.49,865.6,112.4
Grapes,Tamil Nadu,Rabi,38.94,519.67,589.0,134.1
Grapes,Goa,Rabi,27.71,473.66,425.4,147.4
Apple,Maharashtra,Rabi,45.57,442.28,1008.3,83.4
Cotton,Rajasthan,Whole Year,40.87,100.82,900.8,106.7
Chickpea,Punjab,Whole Year,14.59,20.59,487.4,25.1
Maize,Tamil Nadu,Kharif,11.76,56.96,854.4,103.7
Rice,Karnataka,Rabi,22.02,81.21,853.8,120.4
Maize,Haryana,Kharif,1.15,4.9,352.0,110.5
Grapes,Tamil Nadu,Whole Year,31.53,420.28,830.4,139.4
Potato,Tamil Nadu,Kharif,47.29,763.97,641.9,70.6
Rice,Tamil Nadu,Kharif,46.24,207.91,853.2,77.7
Grapes,Maharashtra,Rabi,25.56,352.76,759.6,132.4
Tomato,Madhya Pradesh,Rabi,48.7,908.45,724.5,107.7
Grapes,Madhya Pradesh,Kharif,20.26,308.3,632.8,130.0
Potato,Punjab,Rabi,41.39,751.31,410.4,146.2
Rice,Karnataka,Zaid,4.01,12.93,692.4,71.3
Tomato,Gujarat,Whole Year,2.74,49.04,741.4,172.7
Rice,Uttar Pradesh,Zaid,29.2,72.91,960.6,102.3
Rice,Goa,Kharif,25.66,108.35,1097.8,101.5
Tomato,Haryana,Kharif,18.94,302.49,863.5,149.5
Cotton,Gujarat,Whole Year,3.96,9.09,679.4,106.5
Banana,Goa,Rabi,40.28,1291.19,1398.1,193.8
Chickpea,Madhya Pradesh,Zaid,41.24,73.87,408.1,65.7
Potato,Karnataka,Kharif,28.51,487.84,473.1,145.4
Maize,Punjab,Kharif,49.34,211.44,736.2,108.4
Tomato,Madhya Pradesh,Whole Year,31.36,637.32,888.5,179.9
Apple,Haryana,Zaid,12.29,159.01,722.0,121.7
Wheat,Haryana,Whole Year,1.48,5.68,213.3,145.5
Grapes,Karnataka,Rabi,1.01,17.35,536.2,128.3
Potato,Maharashtra,Zaid,25.85,438.52,479.0,133.7
Tomato,Uttar Pradesh,Zaid,36.46,964.79,728.8,177.1
Chickpea,Goa,Zaid,3.36,5.27,200.0,63.3
Maize,Punjab,Rabi,7.49,18.87,771.9,96.0
Banana,Tamil Nadu,Kharif,26.5,1088.55,1279.7,263.7
Potato,Goa,Kharif,23.53,548.51,951.5,179.5
Maize,Tamil Nadu,Rabi,30.47,132.08,719.6,133.7
Tomato,Rajasthan,Kharif,35.38,650.69,626.1,148.1
Apple,Haryana,Zaid,35.64,289.23,888.6,66.2
Chickpea,Punjab,Zaid,27.35,50.71,444.6,54.8
Rice,Maharashtra,Rabi,10.64,49.02,1461.5,106.9
Cotton,Madhya Pradesh,Whole Year,9.15,17.25,834.9,58.9
Grapes,Madhya Pradesh,Kharif,37.6,537.91,449.0,114.6
Banana,Gujarat,Whole Year,24.74,1003.26,1345.2,183.0
Wheat,Uttar Pradesh,Whole Year,34.02,149.9,372.1,164.3
Rice,Maharashtra,Rabi,10.62,33.25,928.9,135.8
Banana,Madhya Pradesh,Whole Year,48.6,2017.43,1234.1,240.2
Tomato,Haryana,Whole Year,13.99,251.92,567.1,139.4
Apple,Haryana,Rabi,34.11,386.58,740.4,96.9
Potato,Tamil Nadu,Whole Year,36.1,627.6,432.0,107.8
Chickpea,Uttar Pradesh,Whole Year,17.59,27.23,391.2,65.1
Wheat,Gujarat,Zaid,7.69,31.64,444.0,104.3
Banana,Gujarat,Kharif,41.03,1222.12,1125.5,223.2
Tomato,Uttar Pradesh,Whole Year,41.17,813.91,626.5,166.7
Grapes,Gujarat,Rabi,14.64,247.52,774.1,173.1
Banana,Haryana,Rabi,37.53,1451.88,1231.7,168.2
Tomato,Rajasthan,Rabi,48.79,1326.61,952.7,150.6
Chickpea,Madhya Pradesh,Rabi,2.34,4.99,495.8,91.6
Apple,Maharashtra,Whole Year,35.3,430.27,967.1,135.4
Wheat,Gujarat,Whole Year,27.69,88.03,535.8,118.8
Potato,Tamil Nadu,Zaid,42.25,542.59,764.5,146.4
Tomato,Rajasthan,Rabi,23.25,541.35,918.4,198.4
Banana,Uttar Pradesh,Whole Year,35.06,1487.06,1200.5,213.6
Rice,Haryana,Rabi,18.32,68.88,790.0,144.6
Apple,Goa,Zaid,24.1,255.74,912.4,94.9
Apple,Maharashtra,Zaid,26.86,329.81,1056.0,143.7
Grapes,Maharashtra,Zaid,7.29,107.27,592.1,106.6
Chickpea,Tamil Nadu,Kharif,4.49,9.59,638.0,56.0
Maize,Haryana,Rabi,20.22,72.58,749.0,134.2
Chickpea,Gujarat,Kharif,20.04,37.16,609.0,45.1
Apple,Gujarat,Zaid,5.76,59.19,852.2,112.6
Grapes,Rajasthan,Kharif,36.33,495.56,696.4,136.9
Grapes,Gujarat,Zaid,23.32,389.61,509.1,134.1
Maize,Gujarat,Zaid,31.78,170.83,917.9,102.6
Chickpea,Haryana,Kharif,41.41,47.53,298.7,48.0
Grapes,Maharashtra,Zaid,36.88,592.67,443.9,103.2
Apple,Karnataka,Zaid,33.81,280.05,958.4,102.9
Wheat,Goa,Kharif,12.56,51.4,633.1,100.1
Potato,Maharashtra,Zaid,1.79,40.71,684.7,146.3
Chickpea,Haryana,Whole Year,24.25,44.57,460.4,44.5
Banana,Uttar Pradesh,Kharif,7.46,294.42,885.1,259.8
Banana,Maharashtra,Whole Year,27.1,873.66,1285.0,197.1
Potato,Tamil Nadu,Zaid,42.58,1147.01,706.7,148.8
Rice,Uttar Pradesh,Zaid,29.55,97.08,872.8,140.2
Potato,Madhya Pradesh,Kharif,12.81,195.32,330.7,138.7
Banana,Karnataka,Rabi,3.39,134.85,1008.9,218.3
Banana,Tamil Nadu,Whole Year,39.68,1347.33,1089.9,212.2
Chickpea,Uttar Pradesh,Kharif,15.36,30.81,560.0,90.0
Apple,Rajasthan,Rabi,19.38,212.77,911.5,94.1
Potato,Goa,Whole Year,41.54,755.19,906.3,97.4
Grapes,Maharashtra,Rabi,16.82,228.87,641.3,150.0
Cotton,Madhya Pradesh,Kharif,43.71,121.2,560.1,85.4
Banana,Rajasthan,Whole Year,25.82,746.2,1045.2,169.1
Grapes,Rajasthan,Zaid,42.79,564.6,652.2,172.2
Wheat,Uttar Pradesh,Kharif,46.13,217.08,609.7,161.4
Potato,Madhya Pradesh,Kharif,18.39,487.04,959.2,167.9
Banana,Tamil Nadu,Rabi,38.23,1466.71,1443.6,182.8
Rice,Madhya Pradesh,Kharif,38.92,125.77,746.2,132.5
Banana,Gujarat,Whole Year,4.58,185.52,1324.2,179.7
Chickpea,Rajasthan,Zaid,41.97,83.65,446.7,20.0
Chickpea,Tamil Nadu,Rabi,10.73,20.78,559.4,45.3
Cotton,Maharashtra,Zaid,23.42,42.37,759.3,98.5
Banana,Gujarat,Zaid,2.99,102.44,1306.4,172.0
Maize,Maharashtra,Rabi,17.42,67.91,636.4,106.5
Apple,Goa,Kharif,44.93,450.82,849.7,126.2
Banana,Karnataka,Rabi,16.31,589.52,1169.3,218.6
Grapes,Karnataka,Whole Year,45.74,770.39,646.9,180.2
Banana,Tamil Nadu,Rabi,22.88,818.84,1167.0,170.5
Apple,Karnataka,Zaid,18.01,204.52,930.1,61.1
Banana,Goa,Kharif,7.01,269.6,1355.6,201.0
Maize,Punjab,Whole Year,12.01,52.95,551.0,147.0
Potato,Punjab,Zaid,44.03,871.42,439.6,152.1
Banana,Maharashtra,Rabi,26.78,1116.49,1197.4,258.1
Cotton,Goa,Rabi,42.82,65.85,693.0,92.1
Wheat,Haryana,Kharif,44.93,208.08,291.2,112.4
Maize,Maharashtra,Kharif,36.11,168.65,648.1,107.1
Banana,Maharashtra,Whole Year,24.61,792.19,1085.0,172.0
Maize,Rajasthan,Zaid,16.22,75.7,775.3,135.7
Maize,Haryana,Kharif,30.6,135.23,760.0,112.0
Rice,Uttar Pradesh,Rabi,41.05,113.45,1006.9,94.3
Cotton,Madhya Pradesh,Zaid,2.31,6.93,727.9,92.0
Chickpea,Gujarat,Whole Year,46.41,76.41,239.4,49.0
Cotton,Haryana,Whole Year,2.09,4.66,1051.0,103.0
Banana,Haryana,Whole Year,2.19,57.52,1322.5,160.4
Tomato,Maharashtra,Kharif,3.44,72.36,711.4,149.1
Rice,Rajasthan,Zaid,34.3,115.56,897.5,137.2
Apple,Gujarat,Zaid,16.8,205.75,922.4,99.6
Grapes,Punjab,Kharif,42.81,718.36,776.6,150.9
Potato,Rajasthan,Zaid,34.79,600.51,362.7,161.3
Cotton,Uttar Pradesh,Zaid,24.54,51.45,909.3,102.0
Cotton,Maharashtra,Rabi,8.65,19.44,713.9,73.5
Rice,Madhya Pradesh,Whole Year,1.64,6.71,938.9,145.8
Banana,Uttar Pradesh,Kharif,33.97,1151.99,1181.4,203.1
Cotton,Haryana,Whole Year,37.49,114.93,848.8,108.7
Wheat,Uttar Pradesh,Whole Year,16.72,60.28,577.7,108.7
Apple,Punjab,Kharif,8.13,95.29,898.4,78.3
Tomato,Goa,Zaid,23.91,509.29,722.4,233.0
Wheat,Uttar Pradesh,Kharif,44.5,161.95,200.0,136.8
Tomato,Madhya Pradesh,Kharif,10.11,263.03,869.2,160.4
Chickpea,Gujarat,Rabi,4.43,6.8,427.4,37.4
Rice,Gujarat,Kharif,18.0,48.29,1046.5,91.8
Cotton,Haryana,Zaid,27.32,61.12,650.7,79.6
Potato,Uttar Pradesh,Rabi,13.54,183.64,404.8,195.0
Tomato,Maharashtra,Rabi,8.0,180.81,752.4,156.9
Rice,Tamil Nadu,Kharif,43.24,154.93,969.9,108.8
Tomato,Maharashtra,Rabi,1.03,20.59,456.7,186.0
Banana,Goa,Whole Year,6.01,258.51,1062.3,205.3
Rice,Rajasthan,Whole Year,8.21,30.16,993.8,104.1
Rice,Punjab,Kharif,39.96,115.11,723.0,105.2
Grapes,Tamil Nadu,Kharif,35.9,489.65,599.5,165.7
Potato,Haryana,Zaid,40.73,700.0,550.4,173.1
Grapes,Madhya Pradesh,Whole Year,26.43,554.77,765.6,143.7
Grapes,Madhya Pradesh,Kharif,12.08,184.41,824.0,160.7
Grapes,Gujarat,Zaid,48.4,702.53,659.3,114.4
Rice,Maharashtra,Zaid,0.89,3.11,973.7,93.0
Maize,Tamil Nadu,Rabi,10.62,48.37,775.6,119.0
Rice,Gujarat,Kharif,31.16,84.15,922.9,107.3
Apple,Rajasthan,Rabi,47.21,598.29,902.0,144.6
Apple,Rajasthan,Zaid,25.87,287.06,1340.3,76.8
Chickpea,Rajasthan,Rabi,34.05,66.64,512.4,39.3
Banana,Rajasthan,Rabi,3.54,149.31,1471.1,223.9
Potato,Karnataka,Kharif,36.91,652.3,561.5,123.6
Cotton,Rajasthan,Rabi,2.16,5.8,590.3,141.7
Banana,Karnataka,Zaid,5.21,188.08,1325.7,204.5
Rice,Haryana,Kharif,41.74,159.2,1112.6,98.9
Wheat,Haryana,Zaid,49.76,190.69,498.0,154.3
Apple,Uttar Pradesh,Rabi,23.09,283.3,1022.9,61.0
Cotton,Rajasthan,Rabi,48.81,92.09,719.2,65.9
Chickpea,Madhya Pradesh,Zaid,44.22,58.35,327.3,20.0
Cotton,Rajasthan,Whole Year,13.68,21.13,689.2,79.7
Wheat,Goa,Zaid,13.18,54.87,687.9,180.6
Rice,Maharashtra,Whole Year,35.11,148.82,1062.6,126.8
Chickpea,Goa,Zaid,23.9,39.83,613.8,29.5
Tomato,Haryana,Rabi,35.25,899.11,858.6,126.6
Apple,Madhya Pradesh,Kharif,37.17,526.43,720.0,164.7
Rice,Tamil Nadu,Zaid,41.29,114.78,1117.5,109.8
Cotton,Punjab,Zaid,29.34,58.98,683.6,58.4
Tomato,Gujarat,Kharif,48.1,1218.73,848.9,144.0
Wheat,Uttar Pradesh,Zaid,30.72,143.18,742.8,145.0
Maize,Goa,Kharif,22.47,85.86,904.5,79.6
Tomato,Uttar Pradesh,Zaid,0.7,18.25,986.1,182.8
Banana,Tamil Nadu,Kharif,7.24,274.26,1062.3,162.6
Rice,Goa,Kharif,46.99,182.39,1011.9,115.8
Maize,Gujarat,Whole Year,25.63,109.37,741.8,127.4
Apple,Uttar Pradesh,Rabi,28.42,377.21,1028.7,92.2
Cotton,Haryana,Kharif,16.4,36.68,962.3,83.6
Grapes,Punjab,Rabi,18.06,210.34,536.2,118.7
Banana,Madhya Pradesh,Kharif,6.01,193.77,1385.1,193.2
Apple,Madhya Pradesh,Zaid,17.56,198.25,801.5,104.7
Grapes,Tamil Nadu,Zaid,27.52,365.5,616.9,102.2
Maize,Uttar Pradesh,Zaid,25.27,90.99,733.5,123.5
Potato,Tamil Nadu,Zaid,1.89,37.2,631.5,177.1
Cotton,Haryana,Rabi,21.23,47.12,722.3,89.8
Potato,Karnataka,Whole Year,49.92,776.7,338.0,161.9
Maize,Gujarat,Kharif,14.5,71.72,738.4,103.6
Potato,Punjab,Whole Year,30.2,468.64,525.3,130.7
Grapes,Punjab,Kharif,3.8,60.42,597.9,120.0
Apple,Punjab,Whole Year,49.4,421.7,964.2,73.7
Rice,Rajasthan,Kharif,22.83,96.56,950.6,106.0
Rice,Karnataka,Kharif,47.63,97.91,669.8,113.1
Banana,Karnataka,Kharif,1.21,45.98,1292.1,200.9
Maize,Punjab,Whole Year,7.91,32.55,874.3,114.2
Wheat,Haryana,Zaid,33.52,112.04,255.2,152.4
Grapes,Madhya Pradesh,Whole Year,8.66,115.65,608.8,94.8
Chickpea,Madhya Pradesh,Zaid,5.79,9.06,459.3,52.9
Apple,Tamil Nadu,Zaid,44.94,608.04,675.4,95.2
Apple,Karnataka,Whole Year,12.02,173.25,826.7,92.4
Grapes,Madhya Pradesh,Whole Year,13.13,142.34,481.2,108.9
Wheat,Uttar Pradesh,Whole Year,45.16,203.57,564.7,128.3
Wheat,Rajasthan,Rabi,8.87,40.09,200.0,194.3
Chickpea,Maharashtra,Whole Year,16.23,24.91,362.0,36.1
Chickpea,Tamil Nadu,Kharif,14.05,29.25,702.7,27.3
Maize,Maharashtra,Whole Year,28.48,99.89,902.7,110.6
Rice,Tamil Nadu,Zaid,34.98,89.43,673.3,86.7
Wheat,Haryana,Rabi,40.38,167.18,515.4,134.0
Cotton,Gujarat,Zaid,36.58,80.6,920.5,54.7
Rice,Haryana,Kharif,6.59,23.02,716.1,138.3
Banana,Karnataka,Kharif,22.73,797.84,1140.4,170.3
Cotton,Karnataka,Whole Year,29.37,62.5,672.3,92.3
Chickpea,Tamil Nadu,Rabi,49.3,85.28,622.5,20.0
Chickpea,Tamil Nadu,Kharif,32.39,55.61,371.0,78.0
Banana,Goa,Kharif,17.04,533.66,1331.4,180.9
Apple,Rajasthan,Rabi,24.68,212.82,842.6,116.1
Potato,Madhya Pradesh,Rabi,30.94,514.27,423.1,135.7
Tomato,Madhya Pradesh,Kharif,46.03,980.67,888.9,130.2
Potato,Madhya Pradesh,Rabi,45.61,956.69,698.4,145.6
Potato,Maharashtra,Kharif,33.83,425.16,484.3,149.5
Wheat,Karnataka,Whole Year,33.35,127.25,407.4,112.8
Tomato,Rajasthan,Zaid,11.03,223.69,853.2,151.4
Tomato,Uttar Pradesh,Whole Year,48.31,1170.97,927.6,158.6
Apple,Uttar Pradesh,Zaid,38.79,407.26,809.7,98.5
Banana,Tamil Nadu,Whole Year,48.7,1783.57,1118.8,178.7
Potato,Rajasthan,Kharif,20.27,435.45,397.5,144.5
Banana,Gujarat,Whole Year,34.65,1075.01,989.0,208.0
Cotton,Uttar Pradesh,Rabi,9.27,18.68,1055.7,92.8
Tomato,Maharashtra,Zaid,42.32,947.31,959.9,184.4
Grapes,Karnataka,Zaid,19.19,261.67,494.6,133.1
Cotton,Punjab,Kharif,49.3,129.22,898.9,89.1
Rice,Haryana,Kharif,19.79,60.32,704.9,101.3
Apple,Madhya Pradesh,Rabi,39.07,457.97,937.4,107.3
Grapes,Haryana,Zaid,41.07,697.15,877.3,143.1
Apple,Karnataka,Kharif,49.48,554.23,825.0,90.7
Chickpea,Tamil Nadu,Kharif,23.55,45.38,422.5,90.9
Banana,Uttar Pradesh,Zaid,10.35,477.89,1364.8,187.9
Apple,Tamil Nadu,Rabi,14.18,175.58,912.4,111.3
Banana,Punjab,Zaid,19.65,642.68,1311.8,140.4
Potato,Rajasthan,Whole Year,19.95,334.58,493.3,160.7
Banana,Madhya Pradesh,Rabi,27.83,943.41,1353.2,189.7
Wheat,Gujarat,Kharif,20.61,76.85,564.6,182.1
Wheat,Haryana,Whole Year,20.87,53.02,402.2,126.8
Banana,Punjab,Whole Year,43.69,1822.18,1305.5,240.0
Cotton,Maharashtra,Whole Year,7.12,13.68,592.7,94.1
Banana,Rajasthan,Rabi,6.95,149.58,1042.3,221.0
Apple,Madhya Pradesh,Zaid,18.6,223.77,878.7,94.3
Chickpea,Tamil Nadu,Whole Year,49.59,98.54,545.6,68.2
Cotton,Goa,Zaid,24.88,58.41,572.2,119.9
Grapes,Madhya Pradesh,Zaid,22.62,254.54,464.1,155.7
Potato,Tamil Nadu,Zaid,12.75,240.07,500.8,131.4
Wheat,Maharashtra,Rabi,47.56,159.59,371.5,114.6
Wheat,Madhya Pradesh,Rabi,10.72,44.15,502.0,158.0
Tomato,Rajasthan,Kharif,36.41,753.09,943.8,157.2
Cotton,Punjab,Kharif,18.54,42.88,831.6,122.9
Apple,Punjab,Zaid,44.53,547.43,741.7,162.5
Maize,Rajasthan,Whole Year,8.79,45.58,842.9,79.2
Chickpea,Goa,Rabi,9.12,18.2,633.6,91.7
Grapes,Goa,Whole Year,48.29,877.89,399.3,130.9
Wheat,Haryana,Kharif,1.62,7.78,426.2,141.7
Tomato,Karnataka,Whole Year,5.11,106.1,811.0,135.7
Wheat,Uttar Pradesh,Whole Year,5.25,17.04,490.5,146.0
Tomato,Punjab,Whole Year,17.61,405.48,907.3,161.9
Cotton,Gujarat,Rabi,34.06,74.02,643.2,109.4
Rice,Goa,Rabi,37.4,131.83,1112.0,104.4
Apple,Madhya Pradesh,Rabi,25.24,359.61,1063.2,117.3
Banana,Maharashtra,Rabi,18.52,627.63,1050.3,206.8
Grapes,Haryana,Rabi,15.13,204.65,598.4,126.7
Grapes,Haryana,Zaid,43.55,498.23,356.4,115.5
Apple,Tamil Nadu,Whole Year,22.89,261.3,697.8,104.8
Rice,Madhya Pradesh,Kharif,27.3,132.58,1153.5,167.5
Chickpea,Maharashtra,Whole Year,26.9,46.65,625.1,59.8
Tomato,Tamil Nadu,Kharif,42.58,957.79,339.1,143.9
Wheat,Haryana,Whole Year,22.03,89.35,417.0,168.5
Apple,Rajasthan,Kharif,21.85,301.1,957.4,81.2
Tomato,Tamil Nadu,Whole Year,15.78,308.87,811.4,116.4
Cotton,Tamil Nadu,Zaid,40.63,89.21,868.8,92.8
Maize,Goa,Rabi,35.35,167.88,667.9,107.4
Potato,Uttar Pradesh,Zaid,11.5,173.94,633.1,160.5
Rice,Maharashtra,Kharif,2.33,8.38,1134.8,110.5
Maize,Karnataka,Rabi,36.3,193.36,965.0,126.5
Maize,Punjab,Kharif,45.3,113.89,623.4,112.3
Rice,Tamil Nadu,Whole Year,37.76,136.85,951.1,115.8
Banana,Haryana,Whole Year,1.78,44.3,1151.9,196.2
Tomato,Maharashtra,Rabi,11.48,311.11,821.5,136.5
Rice,Maharashtra,Zaid,14.53,58.63,1049.2,117.6
Chickpea,Haryana,Rabi,23.2,36.12,505.0,29.7
Potato,Tamil Nadu,Rabi,46.24,911.21,622.7,171.6
Chickpea,Haryana,Kharif,44.02,103.43,556.1,30.4
Rice,Haryana,Rabi,12.43,42.16,949.0,94.8
Tomato,Gujarat,Rabi,11.45,148.44,666.1,179.7
Tomato,Goa,Kharif,23.51,434.87,864.1,194.0
Tomato,Rajasthan,Kharif,35.79,990.0,985.2,144.8
Wheat,Punjab,Zaid,41.04,172.62,473.6,153.5
Potato,Madhya Pradesh,Whole Year,24.26,398.59,769.2,146.7
Banana,Madhya Pradesh,Rabi,30.1,1052.02,1351.5,179.9
Maize,Maharashtra,Kharif,26.08,112.88,599.3,144.5
Cotton,Haryana,Kharif,34.62,55.78,801.1,66.9
Potato,Madhya Pradesh,Whole Year,18.62,340.21,384.6,137.8
Grapes,Punjab,Rabi,27.77,482.38,390.5,157.9
Tomato,Tamil Nadu,Zaid,6.8,154.19,756.9,222.4
Potato,Goa,Whole Year,5.13,100.18,402.2,220.6
Cotton,Gujarat,Rabi,3.77,9.32,1001.8,94.5
Grapes,Madhya Pradesh,Kharif,45.33,598.98,507.3,127.5
Rice,Tamil Nadu,Zaid,2.38,7.22,1007.2,94.8
Tomato,Rajasthan,Zaid,32.91,656.71,938.3,122.6
Apple,Maharashtra,Whole Year,1.43,16.12,874.8,68.3
Banana,Rajasthan,Whole Year,40.49,1091.82,1249.7,156.3
Tomato,Gujarat,Whole Year,11.22,258.98,828.6,202.8
Rice,Haryana,Zaid,16.24,59.68,984.3,101.4
Maize,Rajasthan,Whole Year,23.55,98.69,667.4,109.4
Cotton,Punjab,Kharif,7.45,10.51,748.5,74.9
Maize,Punjab,Whole Year,4.32,17.16,744.8,134.3
Wheat,Haryana,Zaid,28.0,105.67,513.1,177.5
Apple,Karnataka,Zaid,39.89,536.07,959.7,121.4
Banana,Rajasthan,Kharif,44.63,1499.28,1267.6,189.4
Wheat,Haryana,Kharif,23.01,80.72,214.3,143.9
Rice,Punjab,Rabi,46.42,156.15,884.9,163.1
Cotton,Haryana,Zaid,36.15,47.06,617.8,78.8
Chickpea,Karnataka,Zaid,49.42,87.77,470.4,44.2
Tomato,Haryana,Kharif,26.49,669.13,756.5,156.4
Grapes,Haryana,Zaid,29.09,402.49,563.9,135.2
Chickpea,Karnataka,Whole Year,9.09,16.33,661.8,64.5
Rice,Gujarat,Kharif,13.39,40.84,1050.8,122.5
Cotton,Gujarat,Zaid,3.42,5.04,580.1,90.5
Banana,Karnataka,Kharif,23.46,846.93,1142.4,209.2
Maize,Rajasthan,Kharif,40.38,160.86,553.5,109.6
Apple,Maharashtra,Whole Year,28.24,270.29,1108.6,69.2
Rice,Rajasthan,Whole Year,39.33,141.63,843.7,115.1
Maize,Rajasthan,Rabi,1.74,7.95,622.2,101.7
Apple,Tamil Nadu,Kharif,25.1,264.29,977.5,100.7
Chickpea,Haryana,Kharif,23.33,37.67,466.1,20.0
Maize,Uttar Pradesh,Whole Year,31.59,140.45,688.0,125.7
Chickpea,Goa,Kharif,44.94,80.92,733.3,20.0
Potato,Uttar Pradesh,Rabi,44.68,839.13,474.6,167.4
Wheat,Rajasthan,Whole Year,46.27,166.89,567.8,97.4
Chickpea,Goa,Kharif,49.03,74.83,554.7,50.7
Chickpea,Rajasthan,Kharif,20.48,47.96,518.6,32.9
Cotton,Madhya Pradesh,Rabi,28.76,63.5,888.7,86.5
Apple,Goa,Zaid,29.39,364.23,637.9,148.6
Banana,Tamil Nadu,Rabi,17.83,530.83,824.0,159.4
Cotton,Punjab,Kharif,35.59,76.6,757.3,93.5
Chickpea,Uttar Pradesh,Zaid,29.84,65.52,411.3,127.5
Rice,Punjab,Whole Year,48.26,159.65,1044.3,103.8
Wheat,Goa,Whole Year,26.12,129.33,772.8,119.7
Maize,Uttar Pradesh,Rabi,47.81,170.47,354.4,113.4
Wheat,Uttar Pradesh,Rabi,5.27,27.2,465.4,197.6
Chickpea,Goa,Zaid,10.49,18.04,482.8,86.0
Tomato,Goa,Rabi,0.82,14.19,852.6,99.1
Banana,Madhya Pradesh,Kharif,47.41,1514.6,1012.5,204.4
Potato,Tamil Nadu,Zaid,12.16,185.27,640.3,150.8
Potato,Madhya Pradesh,Kharif,40.24,566.26,510.5,179.9
Maize,Maharashtra,Whole Year,31.55,135.19,705.2,107.3
Rice,Punjab,Rabi,49.31,179.42,964.5,154.1
Tomato,Karnataka,Whole Year,21.97,487.87,873.1,132.4
Potato,Rajasthan,Kharif,26.63,532.04,314.3,139.5
Apple,Madhya Pradesh,Kharif,8.74,101.29,811.3,69.3
Cotton,Haryana,Kharif,14.07,17.16,576.0,60.1
Grapes,Karnataka,Zaid,4.98,108.36,568.2,158.0
Apple,Madhya Pradesh,Whole Year,47.69,471.52,761.8,75.1
Chickpea,Tamil Nadu,Kharif,23.58,45.96,379.5,56.1
Apple,Gujarat,Whole Year,34.2,254.08,692.8,75.5
Rice,Gujarat,Kharif,21.17,60.78,922.3,64.4
Apple,Uttar Pradesh,Zaid,40.5,587.36,1086.5,84.2
Apple,Goa,Kharif,30.34,297.62,630.9,91.6
Maize,Madhya Pradesh,Kharif,41.05,144.09,601.4,95.0
Potato,Goa,Zaid,48.04,739.05,542.0,133.7
Cotton,Haryana,Kharif,29.37,57.51,854.1,95.2
Chickpea,Haryana,Rabi,4.06,5.68,303.0,81.8
Cotton,Maharashtra,Kharif,39.97,90.61,677.4,99.5
Apple,Madhya Pradesh,Kharif,10.53,131.83,1108.9,39.9
Cotton,Tamil Nadu,Zaid,26.93,65.72,578.2,52.5
Cotton,Karnataka,Rabi,42.45,54.7,674.9,71.6
Grapes,Madhya Pradesh,Rabi,35.23,570.44,615.8,131.2
Apple,Karnataka,Whole Year,12.5,139.39,672.0,65.0
Potato,Tamil Nadu,Rabi,8.49,174.51,364.3,175.2
Apple,Rajasthan,Zaid,0.92,11.49,1063.8,100.9
Grapes,Madhya Pradesh,Whole Year,30.18,464.46,627.2,76.9
Cotton,Haryana,Kharif,5.22,10.47,741.8,67.7
Rice,Tamil Nadu,Whole Year,14.95,41.6,1250.7,47.5
Tomato,Rajasthan,Rabi,7.64,203.37,737.0,172.6
Maize,Haryana,Zaid,5.35,19.68,664.8,120.2
Banana,Uttar Pradesh,Kharif,36.02,1326.74,919.0,219.9
Tomato,Goa,Rabi,48.84,1101.92,937.8,132.5
Potato,Haryana,Kharif,19.04,264.93,612.3,166.1
Potato,Uttar Pradesh,Zaid,17.01,309.94,700.9,128.5
Maize,Uttar Pradesh,Rabi,25.35,99.25,760.5,139.5
Cotton,Punjab,Kharif,13.03,17.71,815.4,70.1
Chickpea,Haryana,Rabi,1.08,2.5,516.3,91.8
Grapes,Uttar Pradesh,Whole Year,46.83,921.43,836.7,100.5
Apple,Goa,Zaid,1.29,15.0,1015.7,67.0
Wheat,Haryana,Rabi,42.43,181.6,573.9,91.4
Rice,Tamil Nadu,Whole Year,29.65,80.16,1174.9,105.0
Banana,Haryana,Whole Year,28.75,941.0,1220.5,162.6
Wheat,Punjab,Rabi,17.94,77.52,621.4,112.1
Wheat,Punjab,Kharif,46.24,208.6,481.5,151.5
Wheat,Madhya Pradesh,Rabi,34.45,130.68,808.1,118.9
Grapes,Tamil Nadu,Whole Year,27.75,374.81,655.2,192.6
Tomato,Haryana,Rabi,46.14,1219.86,768.9,194.2
Chickpea,Madhya Pradesh,Kharif,44.51,79.12,500.7,80.6
Maize,Maharashtra,Rabi,35.36,171.04,700.1,134.4
Wheat,Goa,Rabi,39.81,130.05,567.0,76.2
Cotton,Haryana,Zaid,9.44,23.81,893.5,131.3
Wheat,Maharashtra,Whole Year,41.7,203.99,350.2,142.2
Apple,Tamil Nadu,Rabi,27.73,451.17,958.9,149.8
Grapes,Haryana,Rabi,39.9,563.7,530.4,125.8
Cotton,Rajasthan,Whole Year,17.67,42.17,740.9,100.9
Tomato,Uttar Pradesh,Kharif,38.72,892.99,600.3,167.7
Potato,Haryana,Kharif,28.11,619.22,625.7,171.6
Cotton,Uttar Pradesh,Whole Year,44.36,76.58,870.2,59.6
Chickpea,Madhya Pradesh,Whole Year,0.97,1.35,355.4,22.1
Rice,Punjab,Zaid,28.89,110.07,967.9,106.3
Tomato,Uttar Pradesh,Rabi,10.57,252.0,512.2,152.0
Potato,Karnataka,Kharif,38.35,705.86,591.2,129.1
Wheat,Haryana,Kharif,16.09,72.8,664.1,135.0
Apple,Punjab,Whole Year,16.19,210.64,1226.8,78.5
Wheat,Uttar Pradesh,Kharif,22.14,95.06,644.6,126.3
Banana,Karnataka,Whole Year,42.85,1636.03,1573.8,210.0
Potato,Rajasthan,Rabi,38.24,791.69,617.5,142.1
Rice,Gujarat,Zaid,43.5,113.9,705.2,82.3
Tomato,Gujarat,Rabi,0.67,14.37,686.3,119.2
Wheat,Uttar Pradesh,Whole Year,35.71,128.78,286.0,107.7
Potato,Tamil Nadu,Rabi,24.04,471.65,345.8,171.6
Tomato,Uttar Pradesh,Zaid,6.45,179.72,893.1,180.4
Grapes,Madhya Pradesh,Rabi,22.67,377.66,596.6,195.1
Grapes,Madhya Pradesh,Whole Year,34.96,634.12,650.3,129.6
Tomato,Maharashtra,Kharif,6.45,156.18,620.8,126.4
Maize,Haryana,Rabi,45.69,223.14,645.5,135.5
Grapes,Tamil Nadu,Kharif,36.29,596.43,875.0,148.5
Wheat,Gujarat,Rabi,15.76,79.42,896.3,155.6
Cotton,Gujarat,Rabi,34.61,74.63,908.4,91.2
Chickpea,Haryana,Zaid,35.32,69.08,477.0,109.7
Banana,Rajasthan,Zaid,24.91,991.87,1364.6,179.1
Cotton,Karnataka,Kharif,25.1,42.79,886.5,77.6
Grapes,Punjab,Kharif,5.38,103.75,717.9,144.6
Rice,Gujarat,Rabi,38.41,103.45,808.2,100.7
Rice,Gujarat,Whole Year,34.9,149.71,1200.5,86.6
Grapes,Uttar Pradesh,Zaid,42.04,688.02,833.2,148.0
Maize,Rajasthan,Whole Year,22.54,88.39,650.0,107.6
Tomato,Punjab,Kharif,20.43,417.29,789.6,121.3
Banana,Punjab,Zaid,22.32,794.48,1214.0,218.6
Wheat,Rajasthan,Kharif,30.67,131.31,510.8,108.2
Grapes,Tamil Nadu,Zaid,33.89,499.04,663.1,111.4
Grapes,Gujarat,Zaid,34.9,508.91,561.8,122.0
Tomato,Goa,Whole Year,8.76,158.96,802.5,131.7
Rice,Uttar Pradesh,Whole Year,45.71,164.67,1350.7,146.6
Grapes,Rajasthan,Zaid,39.13,675.14,541.0,153.4
Wheat,Haryana,Rabi,7.06,23.37,572.1,98.4
Maize,Tamil Nadu,Zaid,37.78,169.23,545.3,104.8
Rice,Punjab,Whole Year,26.62,86.78,1082.8,99.1
Banana,Punjab,Zaid,20.22,627.44,1222.2,197.1
Banana,Punjab,Rabi,33.78,1138.28,1429.6,205.3
Potato,Tamil Nadu,Zaid,25.56,461.73,824.7,179.3
Potato,Uttar Pradesh,Rabi,32.62,504.18,645.3,113.6
Tomato,Tamil Nadu,Rabi,25.05,537.12,755.2,206.7
Wheat,Madhya Pradesh,Zaid,44.65,161.81,663.5,101.3
Apple,Goa,Whole Year,42.89,500.57,1043.4,101.1
Apple,Rajasthan,Rabi,24.83,327.62,897.5,98.9
Maize,Maharashtra,Kharif,11.05,47.77,667.0,124.8
Apple,Haryana,Rabi,44.47,508.86,678.4,90.7
Wheat,Maharashtra,Zaid,24.29,91.22,367.4,177.3
Apple,Rajasthan,Kharif,44.34,562.03,1008.7,78.2
Potato,Madhya Pradesh,Zaid,18.57,322.41,462.3,146.0
Banana,Haryana,Zaid,14.76,547.07,1221.5,160.9
Potato,Madhya Pradesh,Zaid,45.26,900.5,370.1,118.7
Chickpea,Haryana,Kharif,32.04,57.52,620.4,34.7
Tomato,Rajasthan,Kharif,6.85,132.49,815.8,156.0
Rice,Rajasthan,Whole Year,31.19,86.39,942.8,123.3
Grapes,Maharashtra,Whole Year,24.97,367.58,610.5,148.4
Cotton,Karnataka,Rabi,45.47,114.29,1038.7,59.7
Chickpea,Gujarat,Rabi,27.47,38.32,404.2,74.1
Grapes,Maharashtra,Rabi,19.39,285.77,640.8,188.8
Tomato,Rajasthan,Kharif,35.45,834.39,925.1,170.4
Rice,Gujarat,Whole Year,18.79,62.56,1162.4,152.0
Cotton,Rajasthan,Kharif,40.87,54.18,943.6,73.2
Tomato,Karnataka,Whole Year,14.71,277.26,535.4,156.3
Banana,Karnataka,Kharif,11.97,371.21,1146.3,192.5
Tomato,Uttar Pradesh,Zaid,25.28,738.84,1093.8,132.6
Tomato,Rajasthan,Whole Year,15.58,326.67,987.3,130.9
Banana,Karnataka,Whole Year,4.56,144.37,1190.5,203.2
Rice,Tamil Nadu,Rabi,3.16,10.88,1018.9,144.6
Maize,Uttar Pradesh,Kharif,5.49,14.95,566.0,77.4
Wheat,Punjab,Rabi,22.83,82.82,320.5,130.3
Potato,Gujarat,Rabi,24.73,497.55,779.9,184.3
Banana,Gujarat,Whole Year,32.85,1331.77,1482.0,197.8
Maize,Punjab,Zaid,9.12,37.48,486.1,101.8
Potato,Haryana,Whole Year,48.15,915.82,505.3,170.7
Cotton,Rajasthan,Whole Year,0.84,1.11,772.4,80.9
Chickpea,Maharashtra,Kharif,34.98,59.05,595.4,44.5
Tomato,Rajasthan,Zaid,24.41,549.18,636.6,161.3
Wheat,Rajasthan,Kharif,49.27,226.01,359.1,124.6
Apple,Rajasthan,Zaid,16.11,211.46,809.3,123.2
Maize,Goa,Rabi,34.49,116.11,796.3,123.4
Wheat,Haryana,Whole Year,39.18,152.19,414.5,155.2
Grapes,Rajasthan,Whole Year,5.5,89.71,695.3,205.9
Grapes,Madhya Pradesh,Rabi,42.61,479.73,858.5,84.9
Chickpea,Madhya Pradesh,Whole Year,4.69,9.69,400.3,24.9
Chickpea,Rajasthan,Whole Year,8.44,16.37,426.3,69.3
Grapes,Madhya Pradesh,Whole Year,20.25,299.88,670.9,125.0
Chickpea,Goa,Whole Year,42.08,88.32,595.1,74.2
Apple,Tamil Nadu,Whole Year,4.23,50.83,1011.3,90.9
Cotton,Gujarat,Zaid,40.27,83.33,739.5,63.0
Apple,Karnataka,Rabi,3.72,38.21,872.5,122.8
Rice,Madhya Pradesh,Kharif,4.52,16.39,1017.0,121.4
Banana,Tamil Nadu,Rabi,5.6,196.53,1352.8,223.0
Apple,Uttar Pradesh,Zaid,34.97,431.06,744.0,84.6
Potato,Punjab,Zaid,49.52,910.97,552.7,186.2
Chickpea,Gujarat,Whole Year,21.1,44.12,525.8,86.7
Maize,Haryana,Rabi,38.81,135.55,801.8,80.2
Chickpea,Uttar Pradesh,Kharif,23.15,34.99,398.0,21.6
Cotton,Gujarat,Kharif,37.47,88.04,583.9,84.5
Banana,Gujarat,Kharif,43.44,1696.06,907.9,228.2
Maize,Rajasthan,Zaid,43.12,178.87,828.5,89.7
Wheat,Tamil Nadu,Rabi,13.29,62.46,472.2,130.7
Cotton,Rajasthan,Rabi,10.09,25.1,891.2,59.0
Cotton,Goa,Whole Year,6.55,15.29,1148.7,107.9
Rice,Maharashtra,Whole Year,24.56,105.56,984.1,143.9
Grapes,Tamil Nadu,Rabi,21.7,383.46,591.8,139.8
Tomato,Karnataka,Zaid,2.36,43.32,538.1,147.7
Apple,Punjab,Whole Year,16.57,220.77,1108.8,115.5
Potato,Goa,Whole Year,12.48,210.8,396.3,183.0
Wheat,Goa,Rabi,12.25,48.66,482.8,122.8
Banana,Goa,Whole Year,26.35,954.94,1133.3,217.3
Maize,Maharashtra,Kharif,37.86,149.32,561.1,108.9
Chickpea,Karnataka,Rabi,34.2,60.95,425.2,46.4
Tomato,Gujarat,Whole Year,46.19,1194.28,685.2,161.9
Potato,Gujarat,Whole Year,36.03,860.07,491.9,120.8
Rice,Haryana,Rabi,6.92,24.16,796.9,94.1
Wheat,Gujarat,Kharif,20.25,97.81,464.7,78.1
Apple,Gujarat,Rabi,43.31,316.37,602.7,61.4
Chickpea,Uttar Pradesh,Zaid,48.89,89.65,618.7,72.5
Apple,Maharashtra,Kharif,44.01,720.81,1108.5,117.1
Apple,Tamil Nadu,Whole Year,2.58,23.56,554.8,93.8
Cotton,Gujarat,Kharif,7.58,15.66,761.2,79.3
Grapes,Maharashtra,Whole Year,31.6,515.53,841.2,168.0
Rice,Haryana,Rabi,30.34,114.77,1053.6,147.5
Maize,Karnataka,Zaid,16.24,92.58,710.8,132.7
Rice,Haryana,Zaid,42.29,131.12,922.7,84.0
Potato,Tamil Nadu,Rabi,38.69,748.93,790.2,161.0
Chickpea,Uttar Pradesh,Whole Year,9.57,18.8,576.4,20.0
Chickpea,Haryana,Whole Year,45.03,56.84,449.4,20.0
Wheat,Goa,Kharif,14.27,59.8,364.6,113.4
Maize,Maharashtra,Kharif,13.94,63.23,507.2,112.9
Grapes,Haryana,Whole Year,10.23,126.01,699.5,104.2
Chickpea,Karnataka,Whole Year,41.39,80.66,525.6,40.9
Cotton,Haryana,Rabi,2.97,7.25,787.7,123.4
Wheat,Punjab,Rabi,35.72,150.35,527.3,119.1
Banana,Uttar Pradesh,Whole Year,22.88,771.6,929.4,197.5
Chickpea,Madhya Pradesh,Whole Year,3.17,4.54,348.0,59.1
Tomato,Madhya Pradesh,Zaid,25.25,589.69,823.7,196.9
Rice,Gujarat,Rabi,31.74,122.38,876.7,91.6
Rice,Tamil Nadu,Zaid,13.62,50.46,917.4,123.4
Wheat,Haryana,Kharif,28.21,138.75,725.1,109.6
Apple,Gujarat,Rabi,47.15,314.35,805.7,88.3
Tomato,Gujarat,Whole Year,7.33,142.88,549.1,123.0
Tomato,Haryana,Kharif,10.96,212.4,548.2,151.8
Grapes,Haryana,Whole Year,37.29,427.35,729.2,152.6
Potato,Tamil Nadu,Whole Year,23.26,446.57,392.5,146.8
Banana,Maharashtra,Rabi,43.46,1344.47,1065.3,219.6
Rice,Uttar Pradesh,Zaid,29.93,97.01,662.1,108.5
Grapes,Goa,Rabi,37.39,485.3,795.5,133.2
Cotton,Tamil Nadu,Rabi,21.1,34.84,574.0,74.5
Grapes,Goa,Kharif,32.78,433.23,799.4,110.5
Banana,Punjab,Zaid,3.05,85.26,1142.9,203.1
Rice,Rajasthan,Zaid,45.93,134.62,1089.9,115.8
Banana,Gujarat,Kharif,25.41,826.83,1072.5,220.2
Maize,Goa,Kharif,46.11,194.12,600.5,123.3
Cotton,Goa,Zaid,43.28,60.26,819.4,82.1
Cotton,Madhya Pradesh,Zaid,0.93,2.23,892.4,44.3
Banana,Tamil Nadu,Whole Year,2.9,100.24,1163.4,177.2
Potato,Uttar Pradesh,Whole Year,16.48,240.41,295.8,167.3
Rice,Maharashtra,Kharif,34.92,169.86,1105.5,111.7
Chickpea,Goa,Whole Year,6.63,11.76,239.0,44.3
Wheat,Karnataka,Zaid,47.61,178.04,516.2,163.0
Cotton,Punjab,Kharif,40.31,81.92,899.5,113.9
Cotton,Maharashtra,Zaid,39.66,108.29,949.6,99.5
Apple,Haryana,Whole Year,48.01,670.94,846.3,98.3
Tomato,Tamil Nadu,Whole Year,42.75,708.79,815.8,129.7
Rice,Maharashtra,Rabi,14.42,62.17,961.3,146.6
Banana,Haryana,Zaid,47.09,1950.16,1016.5,212.3
Tomato,Goa,Rabi,8.69,191.76,882.3,198.8
Cotton,Maharashtra,Zaid,7.61,14.83,821.8,82.3
Wheat,Goa,Whole Year,20.45,56.08,521.6,172.3
Banana,Madhya Pradesh,Whole Year,16.4,568.32,1147.8,208.5
Apple,Haryana,Rabi,42.68,607.36,1021.1,90.8
Rice,Gujarat,Kharif,40.93,142.21,949.1,127.1
Grapes,Tamil Nadu,Kharif,6.92,109.17,529.6,140.5
Banana,Rajasthan,Kharif,33.6,1506.02,1431.1,211.5
Wheat,Gujarat,Whole Year,18.88,64.95,623.0,112.9
Rice,Karnataka,Whole Year,0.8,2.4,922.5,137.4
Cotton,Gujarat,Rabi,24.16,33.54,398.8,97.0
Maize,Uttar Pradesh,Whole Year,19.69,77.7,712.4,105.6
Cotton,Maharashtra,Zaid,30.49,63.25,677.3,50.5
Maize,Haryana,Whole Year,33.69,170.05,697.6,124.5
Cotton,Gujarat,Rabi,42.14,87.53,687.9,99.9
Cotton,Haryana,Whole Year,22.45,53.92,783.8,54.9
Rice,Goa,Rabi,10.7,39.39,1210.3,137.1
Grapes,Gujarat,Kharif,17.5,335.85,621.0,173.7
Grapes,Gujarat,Whole Year,21.15,397.23,756.1,139.5
Grapes,Tamil Nadu,Kharif,7.62,136.42,682.8,135.2
Maize,Maharashtra,Rabi,39.78,209.75,501.9,106.7
Apple,Rajasthan,Rabi,18.11,251.47,923.8,88.3
Grapes,Gujarat,Kharif,47.71,688.67,498.8,124.8
Chickpea,Tamil Nadu,Rabi,23.87,41.41,406.8,20.0
Cotton,Tamil Nadu,Zaid,35.3,89.8,568.5,83.3
Rice,Maharashtra,Rabi,20.5,73.95,1214.7,122.6
Tomato,Punjab,Zaid,43.55,896.54,790.4,138.0
Grapes,Goa,Rabi,38.97,534.28,870.5,110.6
Apple,Haryana,Rabi,35.18,376.62,1099.2,54.0
Apple,Uttar Pradesh,Kharif,44.66,617.01,635.2,84.8
Chickpea,Karnataka,Rabi,35.0,68.01,458.8,20.0
Maize,Haryana,Kharif,19.88,63.71,691.1,120.5
Chickpea,Haryana,Rabi,34.61,52.95,478.2,29.8
Grapes,Haryana,Whole Year,16.73,297.44,752.3,145.1
Chickpea,Uttar Pradesh,Whole Year,9.8,20.36,779.5,20.0
Apple,Gujarat,Whole Year,49.1,827.14,1063.4,100.0
Maize,Karnataka,Rabi,16.14,38.04,666.2,74.0
Grapes,Haryana,Whole Year,7.6,116.3,704.8,144.8
Maize,Haryana,Kharif,40.97,160.2,392.6,93.6
Tomato,Goa,Kharif,12.72,311.24,661.3,196.4
Chickpea,Uttar Pradesh,Whole Year,2.99,4.85,518.6,20.0
Tomato,Maharashtra,Whole Year,44.67,853.54,635.9,140.9
Banana,Gujarat,Kharif,33.92,1069.18,1003.2,209.6
Grapes,Punjab,Whole Year,24.34,444.7,485.1,139.0
Chickpea,Tamil Nadu,Rabi,17.63,24.77,349.6,28.7
Grapes,Rajasthan,Rabi,4.17,60.95,732.9,185.0
Rice,Uttar Pradesh,Kharif,11.24,43.39,1030.1,147.7
Tomato,Punjab,Zaid,4.12,90.62,637.6,151.4
Wheat,Punjab,Kharif,47.8,165.23,772.5,116.4
Wheat,Rajasthan,Whole Year,4.66,20.81,483.3,168.4
Grapes,Gujarat,Rabi,46.43,795.96,555.5,160.8
Wheat,Punjab,Whole Year,33.8,93.77,392.0,62.3
Banana,Punjab,Rabi,19.58,675.43,1167.8,168.7
Apple,Karnataka,Rabi,49.59,563.05,936.1,117.6
Chickpea,Punjab,Whole Year,34.86,73.06,468.6,59.2
Potato,Madhya Pradesh,Zaid,49.58,808.19,604.6,169.4
Banana,Gujarat,Kharif,12.54,392.97,1117.5,183.7
Tomato,Haryana,Zaid,14.07,321.28,857.3,166.7
Tomato,Karnataka,Rabi,49.96,1022.03,771.5,160.4
Cotton,Madhya Pradesh,Rabi,38.19,64.74,536.7,66.9
Apple,Gujarat,Whole Year,21.93,251.66,794.6,111.8
Chickpea,Karnataka,Kharif,39.89,63.54,528.1,61.7
Chickpea,Tamil Nadu,Rabi,30.96,51.89,619.1,74.9
Apple,Punjab,Whole Year,32.39,384.94,1078.7,79.4
Banana,Maharashtra,Kharif,39.74,1096.86,990.0,144.5
Chickpea,Maharashtra,Whole Year,46.48,77.65,388.0,20.9
Maize,Goa,Rabi,31.95,163.85,656.4,146.6
Potato,Punjab,Whole Year,33.33,707.12,815.1,185.7
Cotton,Punjab,Kharif,20.82,49.46,869.1,40.9
Potato,Karnataka,Rabi,36.8,797.19,861.7,148.0
Wheat,Tamil Nadu,Rabi,46.11,207.92,663.0,144.2
Banana,Madhya Pradesh,Rabi,3.85,139.13,1125.1,137.7
Potato,Rajasthan,Kharif,17.05,243.32,566.5,129.8
Apple,Punjab,Whole Year,22.23,275.37,1152.2,144.6
Tomato,Madhya Pradesh,Whole Year,45.94,1080.43,647.9,163.7
Banana,Goa,Zaid,10.22,397.67,1321.8,212.7
Banana,Madhya Pradesh,Whole Year,8.98,265.25,1045.8,273.4
Banana,Maharashtra,Rabi,36.84,884.49,964.8,190.2
Potato,Karnataka,Zaid,9.06,124.81,461.7,125.0
Wheat,Goa,Kharif,44.12,172.3,424.1,143.0
Wheat,Karnataka,Kharif,27.32,106.07,385.1,152.4
Potato,Punjab,Rabi,15.73,162.27,308.8,159.1
Wheat,Punjab,Kharif,40.18,216.84,573.8,138.7
Wheat,Punjab,Whole Year,36.24,147.22,623.0,134.0
Tomato,Rajasthan,Whole Year,3.96,67.19,1000.1,167.4
Apple,Goa,Whole Year,46.31,644.08,1220.3,110.3
Maize,Punjab,Zaid,30.13,132.81,605.6,151.3
Cotton,Uttar Pradesh,Zaid,33.35,53.31,467.4,90.8
Tomato,Uttar Pradesh,Whole Year,8.23,201.52,873.3,132.6
Maize,Haryana,Zaid,30.53,131.9,823.6,118.1
Potato,Haryana,Kharif,15.52,298.66,601.3,180.0
Tomato,Rajasthan,Rabi,32.7,686.62,852.7,153.4
Potato,Maharashtra,Zaid,39.87,597.83,430.2,174.4
Apple,Karnataka,Rabi,27.08,312.72,886.7,117.2
Grapes,Punjab,Rabi,47.19,698.82,558.9,162.3
Rice,Rajasthan,Kharif,7.99,38.46,1230.9,155.0
Tomato,Uttar Pradesh,Zaid,17.37,343.48,934.6,152.9
Maize,Maharashtra,Whole Year,1.43,6.61,347.4,87.3
Cotton,Haryana,Kharif,12.56,22.51,781.0,68.4
Wheat,Rajasthan,Kharif,44.35,145.86,443.7,147.4
Cotton,Rajasthan,Kharif,24.33,44.53,584.9,101.0
Apple,Haryana,Zaid,2.24,23.04,686.4,47.3
Potato,Tamil Nadu,Whole Year,14.14,212.47,377.8,100.9
Cotton,Maharashtra,Whole Year,29.21,85.95,1098.8,76.4
Chickpea,Rajasthan,Zaid,46.67,91.91,533.6,28.3
Wheat,Rajasthan,Kharif,32.13,115.8,275.7,115.1
Tomato,Uttar Pradesh,Rabi,31.15,711.43,684.6,155.7
Cotton,Uttar Pradesh,Kharif,44.05,89.83,627.2,71.2
Maize,Tamil Nadu,Zaid,48.62,225.74,523.5,119.6
Cotton,Rajasthan,Zaid,4.01,7.47,713.3,45.7
Banana,Haryana,Zaid,6.77,289.89,1115.2,184.1
Banana,Uttar Pradesh,Kharif,28.92,1146.65,1566.2,178.7
Wheat,Gujarat,Kharif,26.54,149.21,571.4,132.3
Apple,Gujarat,Kharif,38.16,360.26,731.9,75.2
Grapes,Maharashtra,Kharif,31.49,438.0,391.1,140.8
Wheat,Tamil Nadu,Kharif,23.52,98.55,522.7,172.3
Cotton,Tamil Nadu,Kharif,14.75,28.74,934.8,74.5
Apple,Uttar Pradesh,Zaid,23.18,338.77,1190.0,146.2
Grapes,Gujarat,Zaid,32.92,597.5,804.6,139.7
Potato,Goa,Kharif,48.38,642.46,521.0,129.9
Rice,Uttar Pradesh,Kharif,2.16,6.41,1100.0,130.2
Apple,Haryana,Kharif,14.67,137.62,697.9,88.6
Tomato,Haryana,Whole Year,38.57,805.67,640.0,173.8
Cotton,Goa,Whole Year,28.63,57.97,828.0,49.3
Potato,Karnataka,Whole Year,3.39,59.93,571.6,131.8
Apple,Madhya Pradesh,Whole Year,2.64,36.86,678.6,79.6
Potato,Maharashtra,Whole Year,44.71,897.87,585.5,134.2
Potato,Tamil Nadu,Kharif,41.17,880.28,413.3,238.2
Rice,Madhya Pradesh,Kharif,4.57,13.31,919.2,102.3
Chickpea,Rajasthan,Kharif,42.86,55.61,443.8,21.9
Tomato,Madhya Pradesh,Rabi,47.37,1160.17,758.3,183.7
Potato,Karnataka,Zaid,30.16,544.62,544.9,138.3
Chickpea,Gujarat,Kharif,0.87,1.25,396.3,20.9
Cotton,Haryana,Rabi,30.39,70.96,483.5,67.7
Apple,Punjab,Kharif,5.44,76.92,1074.5,82.8
Potato,Karnataka,Whole Year,29.25,669.12,436.7,117.9
Cotton,Punjab,Zaid,39.22,97.05,795.3,133.8
Cotton,Uttar Pradesh,Whole Year,23.13,44.79,864.9,74.2
Chickpea,Tamil Nadu,Whole Year,16.4,26.09,251.8,20.0
Grapes,Uttar Pradesh,Kharif,22.07,257.94,639.9,111.7
Potato,Madhya Pradesh,Zaid,47.24,881.21,728.0,130.4
Apple,Gujarat,Whole Year,47.63,635.14,1031.8,99.8
Potato,Punjab,Kharif,9.66,171.66,531.0,186.2
Chickpea,Punjab,Whole Year,38.47,73.78,385.7,20.0
Tomato,Tamil Nadu,Rabi,7.98,147.31,894.0,192.5
Maize,Karnataka,Kharif,46.98,218.27,424.2,137.1
Grapes,Madhya Pradesh,Whole Year,33.98,414.57,755.4,130.8
Apple,Rajasthan,Whole Year,43.93,470.45,680.3,129.3
Banana,Karnataka,Whole Year,33.16,1027.42,936.9,175.0
Banana,Goa,Whole Year,1.07,45.88,1600.0,245.2
Banana,Haryana,Zaid,1.5,59.91,1234.8,227.9
Wheat,Karnataka,Rabi,8.83,37.87,529.3,121.4
Rice,Madhya Pradesh,Kharif,23.06,77.38,988.4,105.5
Maize,Haryana,Whole Year,23.99,99.32,540.1,130.7
Apple,Gujarat,Rabi,30.94,501.36,1074.6,147.8
Potato,Uttar Pradesh,Rabi,30.2,633.82,648.1,150.6
Cotton,Tamil Nadu,Kharif,48.43,84.48,507.3,129.0
Potato,Punjab,Kharif,17.11,293.26,558.5,182.7
Wheat,Karnataka,Kharif,4.18,11.74,416.7,98.6
Wheat,Tamil Nadu,Rabi,36.53,159.98,496.6,182.3
Maize,Uttar Pradesh,Kharif,31.77,162.07,844.4,124.7
Potato,Madhya Pradesh,Zaid,15.69,276.92,505.4,176.8
Banana,Maharashtra,Whole Year,47.02,1668.58,1120.9,219.2
Banana,Maharashtra,Whole Year,7.74,213.66,1317.8,210.0
Wheat,Punjab,Kharif,8.27,37.43,464.9,147.9
Potato,Madhya Pradesh,Rabi,27.39,647.92,841.2,169.4
Apple,Punjab,Kharif,46.47,655.83,1116.6,133.7
Grapes,Goa,Kharif,23.56,406.65,780.9,140.8
Potato,Uttar Pradesh,Zaid,41.66,748.04,660.7,142.3
Grapes,Maharashtra,Rabi,23.55,361.64,843.6,118.7
Wheat,Haryana,Rabi,34.82,131.72,256.2,181.2
Apple,Maharashtra,Whole Year,39.35,525.42,1070.6,100.8
Wheat,Karnataka,Whole Year,3.63,11.49,330.9,137.8
Chickpea,Gujarat,Zaid,25.58,40.29,245.4,58.1
Banana,Goa,Zaid,1.11,47.46,1052.7,212.5
Potato,Karnataka,Zaid,42.81,655.48,364.3,180.6
Banana,Gujarat,Rabi,22.18,749.55,1082.6,142.9
Tomato,Karnataka,Zaid,6.13,104.08,819.1,149.7
Potato,Rajasthan,Zaid,43.01,787.06,516.7,169.9
Tomato,Punjab,Kharif,36.88,620.87,559.3,157.7
Wheat,Maharashtra,Whole Year,41.55,203.4,559.8,154.2
Apple,Rajasthan,Rabi,15.09,138.29,921.4,108.1
Banana,Karnataka,Kharif,38.05,1702.16,1195.9,193.2
Grapes,Punjab,Whole Year,17.37,310.88,880.4,157.2
Rice,Tamil Nadu,Rabi,3.36,11.82,1017.6,102.2
Rice,Uttar Pradesh,Whole Year,42.46,134.47,942.3,96.5
Tomato,Uttar Pradesh,Kharif,3.52,90.41,437.9,200.1
Apple,Rajasthan,Zaid,37.17,476.57,694.2,76.6
Rice,Gujarat,Rabi,13.28,56.39,1188.2,138.3
Tomato,Madhya Pradesh,Whole Year,9.8,238.17,833.8,211.5
Rice,Madhya Pradesh,Rabi,43.04,144.05,1186.5,128.6
Potato,Goa,Kharif,16.16,185.53,553.7,133.7
Cotton,Gujarat,Rabi,26.45,54.12,517.1,93.5
Grapes,Gujarat,Zaid,35.45,677.09,578.5,161.6
Apple,Goa,Kharif,48.61,631.08,1078.7,63.5
Tomato,Haryana,Zaid,34.0,767.91,1156.6,117.1
Maize,Maharashtra,Whole Year,37.15,134.17,488.9,88.1
Rice,Tamil Nadu,Whole Year,18.01,60.11,1015.4,116.8
Apple,Gujarat,Kharif,8.12,70.54,841.9,115.8
Chickpea,Madhya Pradesh,Whole Year,22.04,38.51,200.0,46.3
Rice,Rajasthan,Rabi,33.33,134.79,1024.5,95.5
Potato,Rajasthan,Whole Year,38.46,647.53,759.2,126.3
Banana,Rajasthan,Kharif,28.09,929.16,1145.2,243.8
Tomato,Gujarat,Whole Year,22.66,442.97,684.6,177.2
Potato,Tamil Nadu,Whole Year,14.77,312.52,593.3,138.1
Maize,Maharashtra,Whole Year,31.13,130.48,703.5,61.6
Banana,Punjab,Rabi,26.58,983.7,1396.5,204.8
Apple,Uttar Pradesh,Rabi,16.32,202.17,988.8,95.4
Cotton,Maharashtra,Whole Year,6.74,13.43,877.4,80.2
Chickpea,Uttar Pradesh,Kharif,38.05,78.67,370.8,34.7
Potato,Goa,Rabi,10.32,160.11,659.3,69.5
Banana,Madhya Pradesh,Kharif,40.91,1433.73,1246.5,158.0
Rice,Tamil Nadu,Rabi,3.12,12.18,602.2,134.7
Apple,Haryana,Kharif,41.73,553.47,1003.0,81.6
Wheat,Tamil Nadu,Zaid,23.06,85.61,599.1,108.1
Banana,Rajasthan,Kharif,23.32,679.65,1375.2,148.2
Grapes,Punjab,Whole Year,17.16,252.22,589.5,118.6
Grapes,Tamil Nadu,Whole Year,37.19,457.96,732.2,138.6
Potato,Maharashtra,Kharif,44.15,987.23,582.6,131.4
Potato,Maharashtra,Rabi,19.2,362.54,762.8,147.2
Maize,Maharashtra,Whole Year,5.81,22.92,663.0,97.9
Maize,Rajasthan,Kharif,45.65,219.72,906.2,125.1
Maize,Goa,Rabi,19.0,76.11,555.3,139.7
Potato,Madhya Pradesh,Rabi,20.83,346.49,647.2,131.9
Rice,Madhya Pradesh,Kharif,18.36,64.32,860.3,138.2
Banana,Madhya Pradesh,Whole Year,18.21,802.87,890.2,217.2
Rice,Madhya Pradesh,Rabi,34.93,112.28,696.2,112.9
Wheat,Uttar Pradesh,Rabi,3.4,15.59,487.7,130.8
Wheat,Haryana,Whole Year,0.78,3.49,544.7,148.7
Apple,Karnataka,Zaid,32.29,330.45,1166.3,97.4
Tomato,Haryana,Rabi,23.32,580.73,759.8,163.5
Grapes,Madhya Pradesh,Whole Year,12.15,164.54,388.4,118.9
Wheat,Maharashtra,Whole Year,9.25,32.95,723.4,137.0
Tomato,Rajasthan,Rabi,32.83,800.02,1105.1,188.9
Potato,Rajasthan,Rabi,28.33,468.74,539.0,117.7
Potato,Goa,Whole Year,5.64,125.36,511.3,164.1
Maize,Punjab,Kharif,22.0,95.35,439.1,82.1
Tomato,Maharashtra,Rabi,37.66,1114.09,719.4,103.1
Tomato,Maharashtra,Zaid,12.69,262.53,581.9,159.7
Maize,Karnataka,Kharif,49.38,228.96,724.1,108.7
Cotton,Madhya Pradesh,Zaid,15.44,36.03,1053.1,64.0
Banana,Haryana,Whole Year,48.94,2057.36,1105.8,218.2
Chickpea,Madhya Pradesh,Kharif,26.72,41.35,491.6,43.6
Grapes,Punjab,Zaid,24.63,337.91,753.2,115.1
Maize,Gujarat,Zaid,24.26,105.28,603.5,88.7
Grapes,Punjab,Zaid,44.24,640.76,632.4,124.3
Potato,Gujarat,Rabi,4.09,65.41,379.3,102.1
Maize,Tamil Nadu,Zaid,20.84,101.16,858.5,91.6
Apple,Maharashtra,Zaid,14.25,189.03,1173.0,118.0
Potato,Karnataka,Whole Year,36.76,909.11,512.3,166.2
Cotton,Karnataka,Kharif,5.55,14.14,801.8,139.6
Grapes,Goa,Kharif,9.58,138.37,627.9,174.0
Rice,Punjab,Rabi,36.62,137.73,1011.8,141.8
Cotton,Gujarat,Rabi,27.37,55.17,542.3,69.1
Tomato,Karnataka,Kharif,4.24,116.65,716.1,182.6
Potato,Goa,Kharif,27.09,442.4,441.8,132.4
Rice,Gujarat,Zaid,16.95,54.24,1115.5,117.9
Cotton,Karnataka,Kharif,16.73,42.36,1095.0,124.2
Rice,Punjab,Whole Year,30.99,127.57,841.5,151.2
Maize,Tamil Nadu,Whole Year,12.67,57.95,829.5,136.2
Chickpea,Goa,Whole Year,11.83,17.4,353.7,20.0
Wheat,Punjab,Kharif,43.86,156.78,518.3,105.5
Wheat,Uttar Pradesh,Zaid,46.11,148.26,341.2,109.4
Chickpea,Gujarat,Kharif,41.69,71.21,350.8,78.0
Cotton,Karnataka,Kharif,23.37,54.54,850.8,78.6
Maize,Gujarat,Whole Year,31.1,144.89,853.2,33.9
Rice,Punjab,Zaid,44.7,130.81,854.2,93.7
Cotton,Goa,Whole Year,26.72,39.99,833.6,71.1
Cotton,Madhya Pradesh,Rabi,11.64,22.39,1030.9,62.1
Chickpea,Tamil Nadu,Rabi,26.22,38.08,503.3,81.1
Apple,Goa,Kharif,22.91,263.42,882.3,115.9
Maize,Rajasthan,Kharif,5.34,25.56,771.2,116.1
Wheat,Punjab,Zaid,13.94,48.57,561.2,159.5
Rice,Gujarat,Rabi,2.75,11.72,1441.5,108.2
Banana,Maharashtra,Whole Year,26.26,1118.97,1409.3,259.2
Maize,Rajasthan,Rabi,47.95,151.58,694.5,117.5
Grapes,Punjab,Zaid,37.07,536.89,831.6,140.5
Banana,Gujarat,Zaid,27.66,893.03,1327.7,210.3
Grapes,Tamil Nadu,Whole Year,40.55,491.63,497.3,128.7
Chickpea,Gujarat,Kharif,37.36,74.81,314.9,20.0
Potato,Gujarat,Whole Year,31.02,493.85,619.0,127.1
Apple,Uttar Pradesh,Rabi,44.45,665.48,1096.7,129.5
Potato,Karnataka,Whole Year,16.38,243.6,565.3,157.7
Banana,Haryana,Rabi,12.76,519.19,1086.0,248.6
Maize,Goa,Whole Year,30.71,152.68,616.7,136.5
Potato,Uttar Pradesh,Rabi,17.27,325.02,859.2,169.1
Maize,Punjab,Whole Year,32.19,127.68,624.2,77.9
Rice,Haryana,Zaid,32.38,79.21,941.0,121.5
Maize,Karnataka,Zaid,3.14,15.59,995.9,121.8
Tomato,Haryana,Rabi,32.79,804.86,835.9,175.2
Maize,Punjab,Zaid,40.33,172.35,759.3,133.3
Chickpea,Maharashtra,Whole Year,15.58,27.94,412.7,30.1
Banana,Haryana,Whole Year,44.8,1668.72,1247.2,192.1
Apple,Gujarat,Rabi,37.3,497.29,1092.4,120.8
Banana,Karnataka,Kharif,43.45,1407.71,1148.2,167.3
Maize,Tamil Nadu,Kharif,6.61,27.54,908.3,64.1
Banana,Haryana,Whole Year,12.1,417.54,1404.8,209.5
Apple,Haryana,Rabi,36.57,437.19,883.5,114.4
Tomato,Karnataka,Kharif,26.45,570.27,999.8,140.7
Banana,Uttar Pradesh,Kharif,25.89,1021.78,918.7,217.5
Maize,Gujarat,Zaid,48.0,206.22,714.6,136.3
Chickpea,Haryana,Kharif,17.38,26.86,793.3,60.0
Cotton,Uttar Pradesh,Whole Year,10.3,22.55,663.3,109.6
Tomato,Madhya Pradesh,Whole Year,40.91,870.11,685.8,153.8
Wheat,Goa,Kharif,13.05,37.6,654.4,101.6
Grapes,Goa,Zaid,34.0,426.7,601.0,153.5
Rice,Goa,Kharif,36.13,119.64,766.5,125.1
Tomato,Rajasthan,Rabi,43.14,769.62,819.2,124.4
Wheat,Goa,Rabi,19.54,68.37,544.1,118.7
Potato,Goa,Zaid,22.9,421.97,372.9,148.6
Rice,Tamil Nadu,Kharif,45.22,194.28,1418.8,164.1
Grapes,Gujarat,Kharif,41.72,741.37,382.9,159.7
Tomato,Karnataka,Rabi,1.51,39.95,677.4,179.4
Apple,Gujarat,Whole Year,22.71,282.85,831.3,93.6
Rice,Karnataka,Zaid,1.35,3.94,1153.2,93.4
Cotton,Madhya Pradesh,Kharif,47.85,107.41,663.5,63.7
Rice,Maharashtra,Whole Year,2.8,8.01,797.8,104.6
Potato,Uttar Pradesh,Kharif,2.64,36.71,422.9,149.2
Wheat,Rajasthan,Kharif,41.53,169.18,370.9,182.8
Potato,Karnataka,Kharif,34.47,655.11,536.8,140.8
Apple,Uttar Pradesh,Kharif,20.8,211.7,854.1,123.7
Cotton,Karnataka,Zaid,9.11,26.44,785.7,121.9
Tomato,Haryana,Whole Year,24.15,629.26,779.3,103.9
Cotton,Rajasthan,Whole Year,28.25,63.18,766.2,81.2
Wheat,Punjab,Rabi,26.59,96.5,453.2,116.0
Apple,Punjab,Zaid,24.15,316.77,1084.3,84.3
Wheat,Karnataka,Kharif,28.85,116.48,621.3,136.3
Wheat,Karnataka,Whole Year,9.3,34.76,409.6,110.6
Chickpea,Karnataka,Whole Year,44.08,67.21,375.0,23.5
Wheat,Haryana,Rabi,31.86,126.07,200.0,183.1
Chickpea,Punjab,Whole Year,16.72,36.26,468.3,93.1
Maize,Tamil Nadu,Whole Year,30.9,82.89,599.9,112.5
Maize,Maharashtra,Rabi,23.52,84.49,583.7,115.1
Maize,Rajasthan,Kharif,39.0,231.65,961.7,97.5
Maize,Haryana,Whole Year,23.19,79.21,630.3,115.4
Potato,Uttar Pradesh,Whole Year,48.15,924.35,867.4,161.7
Tomato,Karnataka,Zaid,10.52,245.09,850.5,100.5
Apple,Goa,Zaid,3.59,42.93,926.5,60.4
Wheat,Punjab,Whole Year,21.81,97.12,381.4,128.2
Chickpea,Goa,Rabi,19.74,21.52,227.2,39.9
Grapes,Rajasthan,Zaid,33.52,555.06,742.5,171.5
Tomato,Karnataka,Zaid,16.55,288.68,670.7,149.0
Cotton,Maharashtra,Whole Year,18.66,31.72,482.0,79.2
Chickpea,Gujarat,Zaid,44.41,80.41,541.5,42.2
Apple,Uttar Pradesh,Rabi,7.6,114.84,1102.4,119.9
Potato,Maharashtra,Whole Year,47.34,747.33,601.8,161.8
Wheat,Madhya Pradesh,Whole Year,12.22,56.89,752.0,148.5
Grapes,Madhya Pradesh,Zaid,26.1,334.35,421.2,187.9
Potato,Maharashtra,Kharif,1.68,37.85,639.6,171.4
Tomato,Goa,Kharif,19.39,395.91,619.8,159.6
Maize,Madhya Pradesh,Rabi,1.15,4.92,530.7,71.7
Rice,Tamil Nadu,Kharif,23.97,67.27,1054.5,141.8
Grapes,Tamil Nadu,Whole Year,38.6,638.85,466.3,131.0
Rice,Madhya Pradesh,Rabi,22.14,71.79,837.1,105.4
Wheat,Uttar Pradesh,Rabi,47.76,176.63,722.6,114.0
Chickpea,Goa,Rabi,45.64,70.68,200.0,20.0
Wheat,Gujarat,Kharif,11.85,51.48,285.7,116.0
Chickpea,Goa,Kharif,16.24,36.15,445.8,66.7
Chickpea,Goa,Whole Year,22.85,34.56,326.6,66.6
Potato,Haryana,Kharif,41.46,809.05,659.5,170.4
Maize,Rajasthan,Zaid,40.14,146.95,791.2,88.8
Potato,Rajasthan,Zaid,33.62,581.54,817.0,147.5
Rice,Tamil Nadu,Zaid,4.76,17.05,842.1,80.7
Wheat,Haryana,Kharif,31.21,116.18,480.7,136.4
Grapes,Madhya Pradesh,Kharif,30.95,479.03,522.6,152.1
Wheat,Punjab,Whole Year,49.22,162.9,365.4,111.7
Cotton,Goa,Whole Year,19.85,44.3,792.7,80.6
Cotton,Rajasthan,Kharif,25.41,42.76,678.9,20.0
Cotton,Maharashtra,Rabi,6.7,15.49,638.0,127.6
Banana,Haryana,Kharif,20.12,756.89,1003.1,237.4
Wheat,Uttar Pradesh,Zaid,23.83,77.84,424.3,109.9
Banana,Gujarat,Kharif,27.25,1156.48,1608.3,181.7
Grapes,Rajasthan,Kharif,12.67,158.92,723.8,167.5
Wheat,Madhya Pradesh,Zaid,41.45,155.86,660.9,139.9
Rice,Goa,Zaid,35.4,168.22,1105.7,144.1
Wheat,Madhya Pradesh,Whole Year,5.6,19.61,335.4,119.6
Maize,Tamil Nadu,Whole Year,28.4,81.02,425.7,145.9
Cotton,Gujarat,Rabi,28.26,61.28,733.6,92.2
Apple,Tamil Nadu,Kharif,16.76,149.11,817.1,123.6
Potato,Gujarat,Kharif,25.49,412.23,450.4,201.1
Maize,Punjab,Rabi,28.42,122.75,642.3,137.6
Cotton,Rajasthan,Whole Year,49.54,111.49,962.5,102.1
Potato,Goa,Rabi,20.78,409.14,279.6,188.0
Wheat,Punjab,Whole Year,4.37,18.2,705.8,109.0
Chickpea,Haryana,Kharif,13.49,27.44,549.4,33.2
Wheat,Gujarat,Kharif,4.25,15.52,345.5,146.0
Rice,Haryana,Zaid,29.62,115.12,993.8,119.9
Chickpea,Rajasthan,Kharif,8.37,13.73,500.1,20.0
Tomato,Karnataka,Rabi,22.52,442.13,638.6,139.0
Rice,Karnataka,Zaid,38.96,89.6,894.8,30.0
Wheat,Maharashtra,Rabi,49.61,190.12,379.2,143.3
Cotton,Maharashtra,Whole Year,45.24,125.14,949.2,128.6
Wheat,Maharashtra,Zaid,23.23,89.61,581.5,117.5
Apple,Maharashtra,Rabi,3.72,41.03,961.5,95.1
Maize,Karnataka,Zaid,31.28,152.42,676.0,147.3
Potato,Gujarat,Kharif,49.45,808.1,754.7,186.4
Potato,Gujarat,Rabi,18.14,389.95,727.6,161.1
Banana,Punjab,Kharif,25.77,959.68,1101.4,172.2
Potato,Gujarat,Kharif,38.85,828.59,555.0,131.0
Maize,Gujarat,Rabi,37.21,130.22,591.0,108.8
Potato,Uttar Pradesh,Kharif,17.08,282.69,400.0,158.3
Apple,Rajasthan,Rabi,7.7,108.59,1094.9,108.3
Rice,Rajasthan,Whole Year,25.4,86.44,1176.8,102.1
Maize,Haryana,Kharif,37.79,181.92,674.2,79.1
Apple,Karnataka,Whole Year,35.19,529.69,901.9,104.1
Wheat,Karnataka,Whole Year,19.03,47.82,307.2,94.2
Cotton,Gujarat,Rabi,21.26,58.82,825.0,99.3
Wheat,Haryana,Whole Year,16.82,66.9,439.4,136.1
Cotton,Haryana,Kharif,22.32,65.66,549.2,92.9
Potato,Madhya Pradesh,Zaid,16.67,338.39,631.5,163.0
Tomato,Karnataka,Whole Year,25.84,531.18,728.9,177.7
Grapes,Haryana,Zaid,24.38,338.6,707.9,155.0
Tomato,Maharashtra,Kharif,2.04,53.57,794.0,195.5
Potato,Gujarat,Kharif,22.69,456.67,603.3,184.8
Tomato,Goa,Whole Year,33.93,758.48,641.3,180.3
Chickpea,Uttar Pradesh,Rabi,29.19,68.87,306.6,53.1
Grapes,Gujarat,Rabi,7.61,121.95,455.3,104.8
Rice,Tamil Nadu,Rabi,47.87,181.04,846.1,137.8
Wheat,Punjab,Whole Year,17.76,103.85,495.5,166.7
Banana,Madhya Pradesh,Kharif,22.51,882.4,1304.1,156.9
Rice,Goa,Zaid,38.5,133.65,969.3,142.3
Banana,Rajasthan,Rabi,34.36,1382.14,1322.4,211.1
Wheat,Gujarat,Kharif,15.95,62.01,347.2,156.0
Grapes,Rajasthan,Rabi,14.78,241.19,592.1,116.5
Cotton,Punjab,Kharif,24.58,62.28,1191.0,92.7
Rice,Karnataka,Rabi,12.7,40.54,1015.9,121.5
Chickpea,Uttar Pradesh,Whole Year,34.44,66.02,619.2,48.6
Maize,Uttar Pradesh,Kharif,38.85,138.9,561.2,90.2
Tomato,Punjab,Whole Year,11.33,213.42,929.0,161.8
Rice,Haryana,Rabi,29.31,73.39,1021.6,112.0
Maize,Punjab,Kharif,4.3,14.6,598.0,89.2
Apple,Maharashtra,Zaid,4.08,45.0,875.9,104.8
Grapes,Gujarat,Rabi,34.29,691.72,908.5,150.7
Chickpea,Gujarat,Rabi,32.74,55.35,536.6,20.0
Chickpea,Haryana,Whole Year,12.3,22.31,390.3,53.9
Potato,Tamil Nadu,Kharif,17.61,268.52,513.2,153.8
Apple,Maharashtra,Whole Year,18.02,233.1,935.1,88.8
Rice,Gujarat,Zaid,1.28,4.76,925.9,141.3
Tomato,Haryana,Whole Year,16.84,404.5,924.8,184.1
Grapes,Rajasthan,Kharif,21.34,264.13,678.7,134.5
Tomato,Madhya Pradesh,Kharif,18.52,456.42,861.7,155.2
Grapes,Maharashtra,Kharif,29.23,382.55,682.7,133.2
Wheat,Goa,Zaid,25.34,100.38,488.3,147.6
Grapes,Madhya Pradesh,Kharif,24.87,340.22,640.6,131.0
Banana,Rajasthan,Rabi,40.93,1796.64,1140.7,216.5
Tomato,Uttar Pradesh,Kharif,25.0,573.95,616.3,196.6
Chickpea,Gujarat,Kharif,41.62,93.87,401.0,33.7
Chickpea,Haryana,Zaid,47.46,92.43,504.0,42.3
Tomato,Haryana,Zaid,12.18,195.77,621.7,135.0
Chickpea,Gujarat,Rabi,1.67,2.89,200.0,27.9
Tomato,Punjab,Whole Year,40.83,805.76,772.2,211.4
Apple,Uttar Pradesh,Whole Year,3.89,37.09,831.2,83.9
Maize,Gujarat,Rabi,31.48,119.81,821.5,131.5
Tomato,Madhya Pradesh,Zaid,42.23,1291.66,979.0,178.1
Rice,Punjab,Kharif,34.31,183.28,864.7,191.6
Wheat,Tamil Nadu,Zaid,6.61,26.56,411.1,121.1
Apple,Punjab,Rabi,45.2,428.91,959.9,85.4
Wheat,Uttar Pradesh,Whole Year,14.51,60.2,692.8,124.0
Chickpea,Uttar Pradesh,Kharif,48.85,105.87,521.3,53.5
Cotton,Punjab,Kharif,26.16,51.99,887.7,48.6
Wheat,Karnataka,Zaid,21.37,74.96,659.0,134.2
Potato,Haryana,Rabi,29.64,416.11,309.7,124.7
Apple,Uttar Pradesh,Whole Year,49.46,510.52,881.9,133.3
Wheat,Madhya Pradesh,Zaid,19.91,58.94,276.8,117.9
Chickpea,Goa,Zaid,13.57,27.69,273.9,59.7
Apple,Haryana,Whole Year,26.04,299.51,912.8,98.2
Wheat,Punjab,Kharif,29.56,132.91,617.5,149.3
Cotton,Rajasthan,Rabi,33.56,81.21,768.2,104.1
Maize,Maharashtra,Zaid,5.25,20.77,700.3,101.6
Banana,Tamil Nadu,Rabi,29.87,1062.53,1096.6,188.6
Cotton,Gujarat,Whole Year,16.06,32.85,975.7,122.8
Chickpea,Karnataka,Rabi,19.58,40.19,402.3,82.2
Tomato,Goa,Kharif,12.28,272.33,771.3,137.3
Cotton,Goa,Whole Year,41.82,106.27,891.2,52.9
Wheat,Rajasthan,Rabi,45.03,184.43,704.0,125.6
Chickpea,Goa,Whole Year,44.26,105.98,200.0,71.2
Cotton,Tamil Nadu,Whole Year,2.4,4.05,757.3,127.4
Banana,Uttar Pradesh,Whole Year,4.72,167.87,983.4,207.2
Apple,Haryana,Zaid,21.35,293.7,758.8,110.3
Maize,Haryana,Rabi,7.76,35.38,846.4,130.1
Wheat,Goa,Zaid,26.63,99.35,646.7,94.6
Tomato,Maharashtra,Zaid,15.81,454.38,952.8,125.3
Chickpea,Haryana,Kharif,41.08,81.99,773.9,49.0
Rice,Gujarat,Whole Year,23.88,100.14,905.4,110.5
Banana,Rajasthan,Whole Year,8.38,266.97,1310.3,180.5
Maize,Gujarat,Zaid,48.89,198.43,854.5,98.5
Cotton,Rajasthan,Whole Year,8.88,24.82,969.9,79.9
Potato,Rajasthan,Zaid,36.38,606.48,501.8,166.1
Chickpea,Madhya Pradesh,Kharif,33.67,52.74,498.1,52.0
Banana,Punjab,Whole Year,2.65,72.59,1212.8,218.1
Tomato,Haryana,Zaid,35.62,720.94,674.4,136.8
Grapes,Haryana,Zaid,28.21,414.26,685.7,187.2
Chickpea,Uttar Pradesh,Whole Year,47.48,89.21,397.2,55.5
Maize,Punjab,Whole Year,37.08,168.16,881.4,124.5
Tomato,Tamil Nadu,Whole Year,40.07,896.3,886.2,201.0
Potato,Tamil Nadu,Rabi,5.74,103.3,649.0,205.2
Chickpea,Uttar Pradesh,Kharif,49.45,104.24,761.7,91.3
Rice,Rajasthan,Zaid,42.77,160.81,974.1,107.4
Grapes,Gujarat,Zaid,7.74,128.26,735.6,171.9
Wheat,Maharashtra,Kharif,9.93,48.28,453.1,167.5
Tomato,Gujarat,Whole Year,24.71,537.08,814.7,152.8
Wheat,Goa,Zaid,17.57,83.07,443.4,128.6
Rice,Goa,Whole Year,13.3,58.11,889.0,101.7
Potato,Gujarat,Zaid,46.73,720.58,242.2,174.4
Grapes,Punjab,Whole Year,46.34,275.15,507.4,94.7
Grapes,Goa,Zaid,0.62,8.84,478.7,136.6
Grapes,Karnataka,Rabi,6.07,78.33,662.4,99.4
Grapes,Gujarat,Kharif,10.5,197.87,861.7,177.5
Apple,Haryana,Zaid,2.86,28.83,1197.8,91.8
Rice,Goa,Zaid,28.47,125.96,987.4,84.9
Grapes,Maharashtra,Zaid,13.74,157.72,622.5,134.9
Cotton,Uttar Pradesh,Kharif,4.12,10.95,943.0,113.6
Apple,Karnataka,Rabi,47.45,422.97,794.0,84.3
Cotton,Uttar Pradesh,Rabi,24.75,42.41,637.9,92.1
Wheat,Gujarat,Kharif,47.8,167.51,426.6,119.4
Apple,Madhya Pradesh,Rabi,35.34,417.19,911.9,111.7
Potato,Gujarat,Rabi,9.79,172.76,451.3,154.6
Apple,Tamil Nadu,Kharif,45.45,594.11,674.5,103.8
Wheat,Punjab,Whole Year,15.42,69.99,513.5,108.0
Chickpea,Gujarat,Whole Year,4.04,7.22,455.2,73.1
Rice,Goa,Kharif,25.9,89.29,1101.2,143.7
Grapes,Uttar Pradesh,Whole Year,22.75,303.72,339.1,120.1
Apple,Goa,Rabi,25.05,330.89,1070.4,97.9
Potato,Uttar Pradesh,Kharif,19.71,427.92,495.4,183.4
Rice,Uttar Pradesh,Whole Year,7.2,19.9,1116.6,106.8
Cotton,Tamil Nadu,Rabi,6.57,12.75,502.3,95.9
Potato,Tamil Nadu,Zaid,6.12,92.65,521.9,161.0
Apple,Karnataka,Kharif,43.74,506.15,884.5,121.2
Cotton,Gujarat,Rabi,48.61,138.35,1195.5,91.0
Banana,Uttar Pradesh,Kharif,42.07,1623.76,1265.3,229.1
Apple,Maharashtra,Whole Year,5.78,53.93,798.2,40.1
Potato,Punjab,Rabi,30.65,307.29,426.4,103.1
Grapes,Karnataka,Kharif,17.46,314.5,772.8,139.0
Potato,Madhya Pradesh,Zaid,7.49,92.71,455.5,160.4
Banana,Tamil Nadu,Rabi,11.34,286.47,1009.7,156.1
Apple,Gujarat,Rabi,31.64,378.62,747.9,96.0
Maize,Rajasthan,Whole Year,47.85,233.11,701.6,104.2
Chickpea,Tamil Nadu,Rabi,19.62,33.82,512.8,20.5
Chickpea,Rajasthan,Zaid,32.57,67.72,582.8,41.7
Apple,Maharashtra,Kharif,36.11,427.51,872.7,76.3
Apple,Goa,Whole Year,21.03,266.22,987.8,93.2
Banana,Uttar Pradesh,Rabi,18.72,658.07,970.5,245.8
Banana,Madhya Pradesh,Rabi,19.73,510.46,1290.6,177.3
Tomato,Maharashtra,Kharif,28.46,550.31,655.5,168.7
Wheat,Punjab,Zaid,49.77,212.88,430.2,93.8
Chickpea,Tamil Nadu,Zaid,43.09,99.03,544.2,49.4
Apple,Haryana,Kharif,38.71,491.53,816.2,106.6
Maize,Haryana,Kharif,17.85,54.14,624.3,96.4
Cotton,Rajasthan,Rabi,14.68,34.12,742.1,113.2
Banana,Haryana,Zaid,6.48,193.58,1265.4,174.1
Tomato,Madhya Pradesh,Rabi,24.89,630.33,881.7,156.5
Maize,Haryana,Kharif,14.49,83.26,434.8,109.4
Potato,Punjab,Rabi,49.26,892.66,708.4,193.6
Chickpea,Goa,Rabi,42.05,87.76,368.5,47.2
Banana,Maharashtra,Whole Year,42.64,1354.06,1082.4,206.6
Potato,Goa,Rabi,16.2,395.77,840.0,178.0
Tomato,Gujarat,Rabi,16.51,196.21,712.1,178.9
Tomato,Uttar Pradesh,Zaid,42.3,963.83,749.7,167.4
Chickpea,Punjab,Rabi,22.37,41.33,251.1,51.3
Rice,Goa,Zaid,8.57,36.12,1102.4,135.8
Cotton,Gujarat,Whole Year,17.92,39.47,738.5,105.1
Maize,Goa,Kharif,32.94,160.37,716.2,112.3
Grapes,Rajasthan,Whole Year,16.16,353.09,961.6,156.1
Maize,Haryana,Rabi,27.14,118.49,200.0,112.0
Potato,Punjab,Whole Year,15.14,239.05,479.8,136.5
Maize,Goa,Kharif,10.46,33.88,791.8,98.8
Chickpea,Goa,Zaid,19.72,37.45,501.5,23.1
Rice,Uttar Pradesh,Whole Year,13.81,41.08,881.9,136.0
Banana,Uttar Pradesh,Rabi,4.27,180.57,1236.0,187.3
Chickpea,Uttar Pradesh,Kharif,45.48,59.77,416.9,20.0
Banana,Rajasthan,Zaid,11.38,415.27,1345.0,158.7
Rice,Goa,Zaid,5.78,20.07,1138.2,131.2
Wheat,Haryana,Whole Year,31.3,130.18,827.9,119.2
Cotton,Haryana,Whole Year,29.88,49.95,801.0,108.4
Maize,Punjab,Zaid,2.62,11.34,613.2,58.9
Grapes,Punjab,Rabi,11.94,167.01,787.1,159.7
Potato,Punjab,Whole Year,21.28,409.59,455.3,190.4
Grapes,Karnataka,Rabi,8.56,153.1,623.9,139.7
Tomato,Rajasthan,Kharif,37.2,742.35,547.6,142.4
Tomato,Punjab,Kharif,33.63,912.58,1256.6,150.0
Cotton,Rajasthan,Zaid,40.32,57.66,641.6,79.8
Chickpea,Uttar Pradesh,Zaid,15.63,32.86,467.2,24.4
Apple,Madhya Pradesh,Rabi,24.2,295.58,934.4,128.0
Tomato,Goa,Kharif,23.73,651.43,672.2,166.7
Apple,Karnataka,Whole Year,39.97,313.84,887.0,95.3
Cotton,Punjab,Whole Year,7.25,13.84,925.5,85.1
Banana,Uttar Pradesh,Zaid,25.53,693.91,1318.9,181.2
Wheat,Punjab,Zaid,41.61,161.54,420.2,156.4
Chickpea,Tamil Nadu,Whole Year,20.5,49.07,506.7,21.9
Apple,Haryana,Kharif,6.94,97.48,770.4,119.5
Cotton,Uttar Pradesh,Whole Year,24.0,61.62,1006.2,82.1
Apple,Tamil Nadu,Whole Year,17.55,199.92,749.4,26.4
Chickpea,Maharashtra,Kharif,13.12,20.46,296.4,53.8
Rice,Karnataka,Zaid,29.52,127.31,986.7,72.3
Rice,Punjab,Whole Year,45.88,204.12,1328.6,140.1
Chickpea,Punjab,Zaid,27.94,60.19,746.1,75.7
Potato,Uttar Pradesh,Whole Year,38.32,865.75,754.9,145.3
Rice,Haryana,Kharif,14.6,49.28,891.8,108.0
Chickpea,Rajasthan,Kharif,1.27,1.97,569.7,70.8
Banana,Tamil Nadu,Kharif,2.84,102.08,1103.8,247.8
Grapes,Maharashtra,Kharif,28.15,469.76,1054.7,117.4
Chickpea,Haryana,Kharif,0.64,1.28,579.6,28.7
Potato,Goa,Kharif,38.01,618.93,726.1,145.3
Maize,Punjab,Whole Year,38.85,111.99,398.5,97.7
Apple,Gujarat,Whole Year,24.79,349.28,1146.2,145.2
Apple,Karnataka,Whole Year,10.82,134.97,876.0,141.6
Apple,Karnataka,Whole Year,31.61,366.01,881.3,101.4
Potato,Goa,Rabi,25.82,544.15,622.5,178.6
Wheat,Haryana,Whole Year,40.39,149.2,558.2,155.8
Apple,Punjab,Rabi,8.75,95.91,922.3,66.2
Wheat,Maharashtra,Whole Year,18.03,100.33,497.6,132.2
Maize,Karnataka,Zaid,8.3,31.15,401.5,76.7
Wheat,Maharashtra,Rabi,23.97,103.84,547.4,120.6
Potato,Tamil Nadu,Whole Year,23.74,390.08,373.9,182.1
Rice,Rajasthan,Whole Year,31.59,153.14,1115.6,130.7
Banana,Madhya Pradesh,Kharif,45.23,1443.24,1191.5,223.9
Potato,Tamil Nadu,Kharif,40.05,752.2,511.1,135.9
Potato,Haryana,Zaid,32.89,525.63,401.5,156.4
Potato,Punjab,Zaid,30.0,618.25,652.7,171.9
Wheat,Maharashtra,Kharif,19.81,89.37,744.0,139.6
Apple,Goa,Whole Year,10.41,122.02,762.6,90.3
Tomato,Punjab,Kharif,48.17,888.96,722.4,99.0
Chickpea,Rajasthan,Rabi,36.92,67.76,310.8,20.0
Potato,Gujarat,Zaid,15.35,293.47,615.3,155.8
Rice,Rajasthan,Rabi,0.96,3.63,1186.4,122.3
Banana,Tamil Nadu,Rabi,19.65,726.2,1444.5,163.5
Potato,Madhya Pradesh,Zaid,49.55,868.34,412.0,135.3
Wheat,Tamil Nadu,Rabi,9.18,37.2,736.1,127.1
Chickpea,Gujarat,Kharif,22.11,45.26,584.4,29.1
Cotton,Punjab,Whole Year,46.34,105.33,901.5,94.2
Tomato,Madhya Pradesh,Whole Year,47.76,1216.53,924.7,165.8
Rice,Madhya Pradesh,Whole Year,0.8,1.95,1202.9,115.8
Banana,Gujarat,Whole Year,27.94,911.17,944.1,251.3
Banana,Gujarat,Zaid,33.58,1342.62,1178.0,199.0
Grapes,Karnataka,Whole Year,4.52,59.14,689.1,113.6
Tomato,Haryana,Whole Year,5.56,125.48,740.3,167.4
Maize,Punjab,Kharif,27.94,116.5,623.5,96.3
Potato,Tamil Nadu,Whole Year,37.08,594.0,510.3,173.6
Wheat,Haryana,Zaid,45.15,208.36,495.1,145.3
Tomato,Goa,Whole Year,30.96,541.34,483.1,137.4
Wheat,Maharashtra,Whole Year,21.54,74.32,488.2,110.8
Potato,Rajasthan,Rabi,6.94,130.74,556.8,168.5
Cotton,Gujarat,Rabi,33.18,73.94,829.2,93.9
Maize,Uttar Pradesh,Kharif,3.83,19.3,580.7,122.8
Potato,Tamil Nadu,Rabi,11.51,198.35,403.3,144.1
Potato,Madhya Pradesh,Whole Year,28.06,666.09,699.8,128.7
Banana,Gujarat,Rabi,49.4,1231.47,1249.9,180.3
Maize,Rajasthan,Kharif,23.69,88.45,567.1,121.3
Cotton,Goa,Kharif,42.82,106.36,909.8,62.5
Tomato,Uttar Pradesh,Rabi,47.09,1243.92,620.3,160.6
Tomato,Gujarat,Rabi,0.68,13.97,425.7,141.2
Maize,Rajasthan,Zaid,22.65,88.67,848.3,82.4
Tomato,Haryana,Zaid,27.04,542.49,960.2,175.1
Maize,Rajasthan,Zaid,26.28,132.34,688.6,95.9
Grapes,Goa,Rabi,22.99,348.97,560.8,123.5
Maize,Tamil Nadu,Kharif,47.77,149.54,722.9,95.6
Maize,Madhya Pradesh,Whole Year,29.34,123.46,497.8,165.4
Banana,Maharashtra,Zaid,22.69,703.41,1486.9,199.2
Banana,Tamil Nadu,Kharif,26.73,1118.77,1313.6,249.6
Wheat,Maharashtra,Rabi,5.65,19.62,585.7,105.4
Banana,Haryana,Zaid,6.76,237.24,1054.3,231.7
Apple,Haryana,Rabi,43.95,547.95,751.9,86.1
Rice,Maharashtra,Zaid,38.31,109.18,1181.4,133.4
Potato,Tamil Nadu,Zaid,11.36,224.56,975.8,176.6
Rice,Haryana,Rabi,19.27,59.16,960.5,167.4
Grapes,Gujarat,Kharif,44.67,607.22,807.2,132.4
Wheat,Haryana,Whole Year,16.87,67.29,589.0,115.0
Banana,Karnataka,Kharif,3.39,131.92,1235.7,214.6
Potato,Gujarat,Kharif,47.42,725.3,634.8,139.2
Chickpea,Gujarat,Whole Year,44.43,96.38,354.9,82.2
Potato,Madhya Pradesh,Whole Year,47.56,790.37,630.3,144.2
Grapes,Punjab,Kharif,37.66,402.43,388.3,114.6
Chickpea,Rajasthan,Rabi,6.22,12.82,481.8,41.9
Wheat,Tamil Nadu,Rabi,21.76,62.82,367.7,118.9
Banana,Rajasthan,Kharif,16.01,715.12,1407.5,212.0
Chickpea,Maharashtra,Zaid,34.8,82.61,545.8,67.7
Apple,Rajasthan,Whole Year,8.98,107.5,996.9,108.3
Chickpea,Rajasthan,Kharif,23.84,38.96,347.4,20.0
Grapes,Haryana,Zaid,16.72,276.35,938.9,141.5
Chickpea,Haryana,Whole Year,8.42,15.04,384.7,79.5
Wheat,Haryana,Kharif,21.19,83.0,388.7,96.8
Maize,Goa,Zaid,1.9,8.54,841.4,110.2
Cotton,Maharashtra,Kharif,40.41,94.68,1122.2,81.2
Grapes,Punjab,Rabi,9.05,155.65,589.8,169.1
Grapes,Maharashtra,Whole Year,31.8,335.15,681.3,163.2
Apple,Gujarat,Whole Year,47.25,643.83,1084.6,100.5
Wheat,Haryana,Whole Year,10.31,34.5,241.7,141.1
Apple,Punjab,Kharif,25.7,376.64,961.6,110.3
Chickpea,Haryana,Zaid,31.96,58.31,510.9,46.4
Chickpea,Tamil Nadu,Kharif,13.48,22.81,200.0,25.3
Cotton,Tamil Nadu,Whole Year,36.53,59.3,707.3,94.3
Tomato,Maharashtra,Whole Year,42.37,1028.11,710.1,175.7
Maize,Rajasthan,Kharif,2.5,9.36,378.8,156.6
Tomato,Madhya Pradesh,Kharif,17.04,303.5,968.2,154.8
Banana,Haryana,Whole Year,48.37,1842.81,1220.4,248.4
Banana,Madhya Pradesh,Zaid,26.6,1049.79,1134.6,195.0
Rice,Karnataka,Kharif,26.96,85.35,1051.8,93.3
Apple,Punjab,Rabi,32.16,440.35,1287.9,80.9
Wheat,Tamil Nadu,Rabi,41.17,143.04,670.7,145.3
Maize,Tamil Nadu,Zaid,42.46,153.26,323.7,153.8
Potato,Karnataka,Rabi,4.64,86.53,687.3,138.5
Cotton,Karnataka,Whole Year,39.33,73.06,798.2,85.8
Grapes,Haryana,Kharif,44.36,706.63,759.0,102.6
Maize,Punjab,Rabi,5.06,24.39,581.5,149.6
Chickpea,Rajasthan,Kharif,38.48,82.61,628.6,42.9
Tomato,Karnataka,Whole Year,23.56,590.61,699.1,165.3
Maize,Maharashtra,Rabi,10.45,35.22,597.3,126.2
Grapes,Maharashtra,Whole Year,42.22,776.28,877.3,132.8
Wheat,Gujarat,Zaid,28.0,121.3,324.8,102.2
Chickpea,Goa,Rabi,45.2,71.08,526.4,21.6
Maize,Goa,Kharif,42.8,218.88,584.4,150.4
Potato,Tamil Nadu,Zaid,10.66,139.11,637.8,154.6
Rice,Rajasthan,Kharif,26.96,86.52,966.9,64.9
Cotton,Goa,Rabi,30.92,66.6,636.7,61.9
Maize,Punjab,Zaid,25.81,123.47,679.3,124.1
Banana,Tamil Nadu,Rabi,6.27,257.27,1146.6,170.6
Rice,Uttar Pradesh,Kharif,18.67,88.54,1018.9,121.7
Potato,Karnataka,Zaid,49.24,1077.28,719.5,115.0
Cotton,Uttar Pradesh,Kharif,29.35,56.51,928.9,81.9
Rice,Uttar Pradesh,Kharif,21.01,81.09,1057.7,102.8
Potato,Maharashtra,Rabi,7.65,153.74,835.4,178.0
Wheat,Uttar Pradesh,Whole Year,36.21,170.84,448.7,159.8
Banana,Haryana,Whole Year,22.7,869.18,1266.9,205.2
Maize,Tamil Nadu,Zaid,26.72,99.27,531.4,69.9
Apple,Maharashtra,Kharif,2.08,27.05,1024.7,57.8
Maize,Rajasthan,Zaid,5.21,25.67,531.8,118.2
Potato,Gujarat,Zaid,40.38,861.31,622.1,200.9
Wheat,Rajasthan,Kharif,13.93,56.61,579.6,135.0
Banana,Punjab,Kharif,25.62,1247.14,1335.9,199.1
Wheat,Punjab,Rabi,7.15,21.4,484.4,95.0
Cotton,Rajasthan,Kharif,21.26,39.13,711.8,129.8
Apple,Rajasthan,Whole Year,31.29,454.34,1161.6,116.0
Wheat,Rajasthan,Whole Year,27.18,134.9,561.4,135.1
Grapes,Punjab,Zaid,3.44,45.58,633.2,118.1
Grapes,Madhya Pradesh,Kharif,39.89,653.98,600.7,110.8
Apple,Punjab,Zaid,6.52,84.45,996.6,114.2
Chickpea,Karnataka,Zaid,47.43,80.57,329.9,63.1
Grapes,Punjab,Whole Year,41.46,665.5,691.6,144.8
Banana,Haryana,Whole Year,1.0,50.74,1143.4,196.5
Tomato,Goa,Zaid,1.22,27.62,812.0,182.7
Banana,Punjab,Whole Year,23.27,827.03,1180.4,188.7
Wheat,Gujarat,Rabi,21.06,62.32,264.6,83.0
Grapes,Haryana,Kharif,39.03,715.04,614.1,145.2
Rice,Haryana,Kharif,14.54,57.0,887.3,82.9
Chickpea,Uttar Pradesh,Kharif,46.29,112.83,582.7,53.3
Wheat,Gujarat,Zaid,48.21,177.43,485.1,112.7
Apple,Tamil Nadu,Kharif,34.51,422.56,853.4,51.1
Maize,Tamil Nadu,Rabi,12.97,54.39,792.9,123.5
Banana,Uttar Pradesh,Rabi,7.1,236.01,1390.4,183.6
Rice,Uttar Pradesh,Whole Year,18.21,79.12,1024.5,127.4
Cotton,Goa,Kharif,39.38,70.36,605.7,114.3
Maize,Goa,Rabi,23.89,96.11,690.3,124.5
Cotton,Punjab,Zaid,28.42,66.72,828.1,115.4
Chickpea,Tamil Nadu,Whole Year,5.04,11.41,393.7,69.5
Grapes,Haryana,Kharif,44.8,809.91,748.5,120.3
Tomato,Haryana,Whole Year,31.22,746.65,698.5,125.6
Banana,Gujarat,Whole Year,28.46,936.22,1174.3,228.9
Rice,Madhya Pradesh,Whole Year,49.51,160.52,1177.5,143.9
Rice,Maharashtra,Zaid,5.81,21.24,1033.8,89.9
Tomato,Uttar Pradesh,Rabi,44.86,897.16,851.9,152.5
Grapes,Rajasthan,Whole Year,14.67,194.66,586.4,87.1
Apple,Rajasthan,Rabi,25.58,203.12,726.2,93.1
Grapes,Madhya Pradesh,Rabi,46.17,833.14,784.6,127.1
Rice,Rajasthan,Kharif,39.1,116.27,877.6,149.7
Tomato,Rajasthan,Kharif,8.69,212.86,845.3,172.4
Rice,Gujarat,Whole Year,5.71,17.1,870.0,69.6
Tomato,Rajasthan,Kharif,3.34,79.4,865.1,172.2
Rice,Maharashtra,Whole Year,41.98,165.04,1012.7,128.3
Chickpea,Punjab,Whole Year,41.1,72.38,459.9,57.8
Wheat,Maharashtra,Rabi,35.36,150.77,572.7,132.0
Grapes,Karnataka,Zaid,24.6,412.98,851.4,149.5
Cotton,Goa,Zaid,37.55,66.29,932.5,73.8
Grapes,Madhya Pradesh,Kharif,32.25,502.41,700.4,113.0
Tomato,Uttar Pradesh,Zaid,43.88,800.93,692.6,128.9
Chickpea,Uttar Pradesh,Zaid,45.47,92.0,591.5,37.8
Maize,Uttar Pradesh,Rabi,3.76,12.19,618.1,109.5
Apple,Uttar Pradesh,Zaid,6.46,76.87,988.8,135.5
Tomato,Maharashtra,Rabi,39.29,855.55,739.5,178.0
Banana,Madhya Pradesh,Kharif,26.78,878.13,1088.8,210.9
Potato,Madhya Pradesh,Whole Year,21.11,411.86,525.1,153.0
Grapes,Punjab,Rabi,21.64,262.83,536.9,186.7
Rice,Uttar Pradesh,Whole Year,46.52,129.24,977.4,70.0
Banana,Punjab,Zaid,7.25,196.88,1219.9,205.2
Grapes,Punjab,Kharif,23.67,334.75,694.4,94.6
Grapes,Madhya Pradesh,Kharif,43.89,641.84,401.4,129.4
Chickpea,Goa,Zaid,12.13,20.72,491.7,81.8
Potato,Rajasthan,Rabi,24.21,479.11,395.1,151.1
Apple,Rajasthan,Kharif,23.75,250.61,634.8,102.0
Wheat,Karnataka,Whole Year,37.85,146.38,450.0,141.6
Cotton,Karnataka,Whole Year,34.3,65.43,885.0,59.4
Maize,Punjab,Rabi,41.65,178.89,644.3,56.1
Rice,Maharashtra,Rabi,36.26,142.54,1260.7,110.3
Wheat,Rajasthan,Whole Year,41.23,165.08,480.7,138.5
Potato,Gujarat,Whole Year,7.87,149.15,554.7,143.4
Potato,Maharashtra,Whole Year,49.29,653.26,438.6,126.6
Chickpea,Goa,Kharif,47.78,100.78,529.6,101.1
Banana,Maharashtra,Zaid,5.87,196.77,1293.5,173.6
Wheat,Madhya Pradesh,Kharif,45.04,178.52,353.5,135.4
Cotton,Karnataka,Zaid,47.24,109.59,685.2,79.4
Apple,Maharashtra,Zaid,19.16,241.71,984.7,61.6
Grapes,Uttar Pradesh,Kharif,18.05,239.79,527.0,118.0
Cotton,Haryana,Rabi,21.16,49.92,777.1,97.1
Rice,Karnataka,Whole Year,36.5,103.23,923.8,164.1
Chickpea,Rajasthan,Kharif,26.39,55.86,702.5,70.6
Rice,Madhya Pradesh,Kharif,43.2,116.76,981.4,92.8
Maize,Maharashtra,Kharif,18.11,70.46,497.3,126.1
Potato,Haryana,Kharif,5.65,91.59,619.0,124.9
Banana,Maharashtra,Whole Year,30.45,918.49,1203.4,204.4
Banana,Uttar Pradesh,Rabi,12.22,376.77,1192.7,215.7
Wheat,Punjab,Kharif,17.02,75.6,571.5,186.0
Wheat,Maharashtra,Whole Year,3.52,15.94,776.3,165.4
Tomato,Uttar Pradesh,Kharif,33.75,706.01,601.8,168.7
Wheat,Goa,Whole Year,4.95,20.75,527.7,125.0
Rice,Uttar Pradesh,Zaid,4.58,13.74,1035.6,134.0
Tomato,Uttar Pradesh,Zaid,46.56,907.61,668.0,136.5
Apple,Rajasthan,Kharif,4.14,47.03,725.6,126.3
Banana,Maharashtra,Zaid,41.82,1614.7,1155.0,223.8
Banana,Karnataka,Kharif,41.35,1404.24,1238.5,196.5
Cotton,Gujarat,Zaid,46.52,93.07,568.2,106.7
Banana,Haryana,Rabi,12.49,552.02,1280.1,207.4
Wheat,Madhya Pradesh,Zaid,34.77,131.86,721.9,120.2
Potato,Tamil Nadu,Rabi,35.02,609.03,722.6,183.2
Grapes,Goa,Kharif,31.76,527.34,642.3,147.7
Tomato,Goa,Whole Year,37.06,962.35,703.9,154.4
Banana,Haryana,Zaid,38.94,1360.72,1324.0,197.5
Wheat,Maharashtra,Kharif,22.78,87.54,398.2,171.7
Chickpea,Tamil Nadu,Rabi,23.0,53.67,383.3,88.1
Cotton,Uttar Pradesh,Rabi,15.07,25.38,776.8,112.3
Potato,Rajasthan,Kharif,22.91,486.05,615.2,149.5
Wheat,Haryana,Whole Year,32.14,150.26,397.3,169.7
Grapes,Haryana,Kharif,8.44,147.02,811.0,159.1
Maize,Rajasthan,Zaid,49.62,150.56,676.7,61.4
Cotton,Haryana,Zaid,38.75,92.04,947.0,84.9
Apple,Haryana,Kharif,14.99,157.94,951.3,128.7
Maize,Gujarat,Rabi,22.59,80.51,722.3,47.0
Tomato,Haryana,Whole Year,18.12,304.74,494.9,135.6
Banana,Rajasthan,Rabi,25.06,919.61,1299.9,195.1
Grapes,Goa,Kharif,22.07,385.99,494.7,180.2
Banana,Maharashtra,Kharif,36.92,1251.09,1304.2,201.2
Tomato,Gujarat,Rabi,47.28,1003.73,794.3,186.8
Chickpea,Punjab,Whole Year,12.37,23.65,414.1,49.7
Potato,Rajasthan,Zaid,20.33,365.57,595.6,120.5
Maize,Karnataka,Rabi,4.12,20.39,902.0,110.8
Apple,Gujarat,Whole Year,11.01,139.21,932.5,99.8
Wheat,Karnataka,Whole Year,7.04,25.14,226.2,140.1
Tomato,Madhya Pradesh,Rabi,32.75,701.9,941.7,122.9
Tomato,Haryana,Zaid,26.47,637.14,884.5,155.2
Maize,Madhya Pradesh,Kharif,38.47,143.82,689.4,81.8
Chickpea,Gujarat,Whole Year,41.23,65.41,346.5,20.0
Potato,Tamil Nadu,Whole Year,44.34,878.14,377.7,147.1
Grapes,Rajasthan,Whole Year,46.78,741.4,655.6,137.4
Grapes,Rajasthan,Whole Year,4.88,67.79,718.5,120.3
Grapes,Maharashtra,Kharif,45.22,817.18,736.0,117.6
Grapes,Punjab,Zaid,31.19,467.67,788.4,158.1
Apple,Rajasthan,Rabi,23.17,360.18,1123.5,60.1
Grapes,Goa,Kharif,13.85,184.67,599.6,178.6
Wheat,Uttar Pradesh,Whole Year,21.88,74.82,247.4,103.4
Apple,Haryana,Whole Year,31.98,429.5,878.8,140.1
Banana,Tamil Nadu,Whole Year,36.13,1714.67,1139.4,234.4
Chickpea,Uttar Pradesh,Kharif,37.97,68.83,430.3,99.8
Grapes,Haryana,Whole Year,47.28,599.76,597.9,157.4
Rice,Haryana,Rabi,26.89,107.49,1182.5,152.0
Grapes,Gujarat,Zaid,49.74,669.67,465.6,108.4
Rice,Maharashtra,Rabi,26.25,102.25,948.8,107.5
Cotton,Maharashtra,Zaid,44.38,92.76,1006.7,108.3
Tomato,Haryana,Rabi,6.14,146.45,863.8,151.4
Wheat,Uttar Pradesh,Whole Year,46.2,253.68,563.1,168.3
Grapes,Haryana,Rabi,22.49,346.21,809.3,153.5
Rice,Goa,Whole Year,8.1,36.39,1136.6,120.4
Banana,Tamil Nadu,Kharif,32.68,1417.45,1187.5,218.2
Grapes,Uttar Pradesh,Rabi,14.68,204.49,436.7,85.2
Banana,Madhya Pradesh,Rabi,35.72,1297.33,1290.8,200.4
Apple,Madhya Pradesh,Kharif,47.23,610.69,777.8,114.3
Chickpea,Goa,Zaid,38.08,96.43,633.1,74.9
Grapes,Madhya Pradesh,Kharif,33.16,395.96,691.1,146.1
Wheat,Haryana,Kharif,22.54,101.18,471.0,116.7
Grapes,Haryana,Rabi,12.57,189.49,769.5,124.7
Potato,Gujarat,Whole Year,42.9,728.74,637.3,145.6
Maize,Tamil Nadu,Rabi,18.82,68.35,444.3,99.3
Apple,Rajasthan,Kharif,45.04,548.76,822.6,88.0
Banana,Rajasthan,Zaid,2.51,104.78,1234.8,216.5
Maize,Goa,Rabi,27.56,109.51,655.7,124.4
Potato,Maharashtra,Kharif,15.61,351.54,686.1,157.8
Banana,Haryana,Whole Year,8.55,305.22,1118.8,229.8
Tomato,Rajasthan,Kharif,31.91,858.22,910.2,176.8
Apple,Gujarat,Kharif,27.73,263.06,711.9,98.4
Apple,Tamil Nadu,Kharif,39.76,412.32,951.3,106.8
Wheat,Tamil Nadu,Zaid,4.49,15.41,594.7,131.1
Maize,Rajasthan,Kharif,13.04,67.19,643.4,137.6
Chickpea,Rajasthan,Kharif,17.15,26.5,296.0,36.7
Grapes,Haryana,Zaid,24.22,343.43,591.7,137.6
Grapes,Haryana,Kharif,24.76,371.02,624.3,148.3
Chickpea,Gujarat,Kharif,23.58,40.08,508.8,20.0
Tomato,Punjab,Rabi,41.49,700.18,609.1,200.3
Wheat,Karnataka,Kharif,35.87,128.46,552.0,145.5
Maize,Uttar Pradesh,Kharif,44.49,225.14,930.6,71.8
Cotton,Karnataka,Rabi,17.03,41.39,731.3,27.8
Tomato,Rajasthan,Rabi,34.73,696.6,676.4,148.1
Wheat,Maharashtra,Rabi,45.73,187.52,244.3,102.0
Tomato,Karnataka,Zaid,44.94,1040.01,787.1,113.9
Potato,Maharashtra,Whole Year,22.77,437.65,461.4,113.7
Cotton,Karnataka,Kharif,18.99,49.26,707.4,103.3
Cotton,Haryana,Rabi,14.94,30.81,840.4,120.2
Tomato,Rajasthan,Kharif,16.9,358.42,793.0,149.7
Chickpea,Maharashtra,Whole Year,11.48,15.58,220.5,73.5
Cotton,Madhya Pradesh,Rabi,34.16,67.1,726.3,94.5
Tomato,Gujarat,Whole Year,35.84,713.22,752.9,115.8
Cotton,Madhya Pradesh,Whole Year,49.07,109.66,810.3,106.3
Tomato,Karnataka,Kharif,38.79,921.81,553.1,189.4
Maize,Haryana,Zaid,18.73,54.81,574.2,68.2
Grapes,Goa,Whole Year,36.82,571.1,640.2,159.5
Grapes,Punjab,Whole Year,23.02,281.97,605.0,112.3
Rice,Gujarat,Zaid,16.23,66.69,851.3,129.6
Maize,Goa,Whole Year,46.07,218.93,579.0,68.1
Potato,Rajasthan,Rabi,20.85,357.25,402.8,139.1
Chickpea,Maharashtra,Kharif,10.63,14.81,324.6,38.1
Chickpea,Maharashtra,Whole Year,1.46,2.2,412.3,119.2
Grapes,Haryana,Kharif,8.52,126.16,741.7,177.3
Chickpea,Karnataka,Kharif,44.86,76.44,551.0,26.7
Rice,Maharashtra,Zaid,21.08,67.81,1268.1,71.9
Banana,Haryana,Kharif,28.47,978.7,1391.8,237.4
Potato,Punjab,Zaid,2.98,39.82,502.3,175.8
Tomato,Maharashtra,Zaid,26.02,530.81,809.6,149.4
Potato,Goa,Zaid,27.17,514.5,771.5,142.3
Potato,Karnataka,Whole Year,14.0,256.8,705.3,128.9
Wheat,Goa,Kharif,40.63,154.73,564.3,67.0
Wheat,Karnataka,Rabi,4.92,18.5,633.8,130.5
Cotton,Karnataka,Rabi,2.83,6.27,565.0,98.4
Rice,Tamil Nadu,Zaid,49.68,163.25,850.8,168.8
Rice,Uttar Pradesh,Zaid,48.99,139.02,1019.5,102.2
Banana,Gujarat,Zaid,29.27,1167.11,1327.0,210.5
Apple,Tamil Nadu,Rabi,2.73,35.94,1049.3,55.8
Wheat,Tamil Nadu,Zaid,34.76,151.75,555.9,150.8
Grapes,Karnataka,Zaid,47.83,714.0,938.5,165.8
Maize,Gujarat,Whole Year,42.57,184.28,687.1,137.0
Apple,Karnataka,Zaid,34.51,315.06,857.3,61.6
Potato,Tamil Nadu,Kharif,16.39,253.73,435.3,138.4
Maize,Maharashtra,Kharif,33.49,104.33,714.5,99.8
Apple,Madhya Pradesh,Zaid,31.17,308.39,954.3,63.9
Grapes,Haryana,Zaid,5.77,99.96,683.8,166.9
Cotton,Uttar Pradesh,Rabi,41.73,89.1,753.5,125.3
Maize,Tamil Nadu,Rabi,38.46,167.74,776.4,131.8
Tomato,Haryana,Rabi,44.45,1041.44,718.2,194.8
Wheat,Karnataka,Whole Year,2.69,10.44,359.8,130.5
Potato,Madhya Pradesh,Rabi,44.09,868.59,666.7,184.9
Potato,Punjab,Kharif,28.39,572.01,649.6,146.0
Cotton,Punjab,Kharif,26.3,61.57,750.2,105.2
Chickpea,Gujarat,Whole Year,25.53,46.13,298.9,62.0
Tomato,Tamil Nadu,Zaid,27.21,606.27,822.4,106.0
Chickpea,Madhya Pradesh,Zaid,45.13,86.59,390.7,68.7
Potato,Madhya Pradesh,Whole Year,22.7,461.9,812.1,185.6
Rice,Tamil Nadu,Rabi,7.76,22.59,1166.6,123.5
Banana,Rajasthan,Rabi,18.31,762.72,1400.3,191.9
Chickpea,Punjab,Rabi,17.35,29.45,224.1,59.2
Tomato,Goa,Zaid,46.63,886.45,799.7,145.3
Rice,Goa,Zaid,28.25,102.75,690.3,94.4
Tomato,Rajasthan,Rabi,22.02,478.02,773.6,150.0
Apple,Karnataka,Rabi,14.61,129.58,711.1,73.3
Grapes,Karnataka,Whole Year,19.96,257.77,705.0,121.9
Apple,Maharashtra,Kharif,43.54,655.65,1054.1,143.7
Wheat,Gujarat,Kharif,38.17,157.17,727.1,127.0
Rice,Maharashtra,Rabi,21.84,84.95,1025.5,119.2
Chickpea,Maharashtra,Kharif,25.25,42.29,378.7,65.9
Potato,Uttar Pradesh,Whole Year,42.58,770.42,707.3,166.0
Grapes,Maharashtra,Whole Year,41.38,623.68,618.9,100.3
Tomato,Karnataka,Rabi,7.13,152.52,570.3,205.1
Maize,Maharashtra,Zaid,44.57,194.0,903.4,100.3
Potato,Gujarat,Rabi,42.48,702.74,683.8,127.3
Chickpea,Goa,Zaid,25.18,52.57,316.1,20.0
Chickpea,Goa,Rabi,27.56,48.94,466.2,59.6
Banana,Goa,Kharif,43.17,1618.27,1242.0,207.3
Maize,Rajasthan,Kharif,27.26,120.03,830.3,112.9
Banana,Tamil Nadu,Whole Year,7.75,170.01,1108.1,175.6
Rice,Haryana,Rabi,2.44,8.67,1129.4,170.7
Cotton,Uttar Pradesh,Zaid,16.45,43.02,704.5,83.0
Wheat,Gujarat,Zaid,38.6,141.72,517.2,94.5
Chickpea,Madhya Pradesh,Zaid,24.77,34.46,434.4,70.7
Chickpea,Punjab,Rabi,25.51,43.88,304.2,43.7
Maize,Gujarat,Zaid,41.08,150.71,439.1,145.9
Chickpea,Uttar Pradesh,Zaid,37.7,72.36,392.8,36.2
Apple,Karnataka,Whole Year,7.74,85.1,962.4,95.7
Wheat,Karnataka,Kharif,36.25,135.8,616.7,135.7
Maize,Madhya Pradesh,Whole Year,16.31,82.08,707.9,129.5
Cotton,Gujarat,Zaid,0.51,1.12,857.2,85.0
Tomato,Rajasthan,Rabi,18.84,450.69,788.8,157.6
Potato,Gujarat,Rabi,5.03,65.47,815.0,118.8
Potato,Uttar Pradesh,Whole Year,7.29,134.29,585.9,132.9
Maize,Gujarat,Whole Year,14.59,56.32,421.3,149.4
Wheat,Uttar Pradesh,Rabi,16.41,61.42,504.7,76.8
Maize,Uttar Pradesh,Whole Year,48.2,251.36,718.1,149.8
Cotton,Goa,Whole Year,20.47,35.95,734.7,104.6
Rice,Goa,Whole Year,33.56,134.01,776.2,126.9
Banana,Haryana,Rabi,14.7,500.9,1379.3,195.9
Apple,Punjab,Zaid,4.19,51.09,931.4,106.7
Chickpea,Gujarat,Whole Year,34.13,52.66,508.9,39.2
Maize,Gujarat,Kharif,13.99,64.9,886.4,79.8
Potato,Tamil Nadu,Whole Year,43.69,816.28,849.8,151.6
Apple,Maharashtra,Zaid,38.9,429.63,926.3,133.1
Cotton,Goa,Whole Year,9.45,23.26,948.6,136.2
Wheat,Maharashtra,Rabi,1.94,8.87,439.4,148.2
Cotton,Haryana,Kharif,24.5,52.9,647.0,30.2
Tomato,Maharashtra,Rabi,5.77,100.91,781.1,153.8
Chickpea,Rajasthan,Whole Year,10.72,21.53,628.6,96.2
Chickpea,Punjab,Kharif,35.32,84.14,604.4,39.9
Chickpea,Madhya Pradesh,Rabi,11.09,20.1,775.8,73.8
Rice,Goa,Whole Year,25.8,87.75,821.7,99.5
Banana,Punjab,Kharif,25.6,1006.52,1177.2,204.4
Wheat,Rajasthan,Whole Year,39.28,141.94,271.2,160.8
Potato,Madhya Pradesh,Rabi,3.44,55.74,529.8,170.5
Chickpea,Goa,Zaid,43.57,74.33,256.6,75.5
Maize,Haryana,Kharif,32.94,153.3,613.9,118.2
Grapes,Gujarat,Rabi,26.96,410.92,861.3,125.8
Tomato,Uttar Pradesh,Rabi,5.12,109.6,861.9,176.8
Rice,Punjab,Zaid,23.24,75.2,1054.1,68.7
Rice,Karnataka,Kharif,41.31,137.79,966.0,133.9
Cotton,Tamil Nadu,Whole Year,23.48,59.11,579.1,140.2
Tomato,Tamil Nadu,Kharif,8.87,177.29,699.6,145.6
Wheat,Karnataka,Whole Year,24.36,116.35,585.7,109.9
Wheat,Punjab,Whole Year,27.78,97.82,515.5,141.8
Tomato,Gujarat,Zaid,33.52,785.92,1073.5,172.9
Cotton,Gujarat,Rabi,39.76,77.2,715.8,80.6
Potato,Maharashtra,Whole Year,38.36,520.76,660.8,81.4
Tomato,Madhya Pradesh,Whole Year,22.84,397.46,863.0,119.7
Chickpea,Rajasthan,Kharif,49.76,75.02,670.0,41.5
Potato,Rajasthan,Whole Year,35.51,708.18,640.4,111.7
Chickpea,Rajasthan,Zaid,3.79,7.13,511.2,20.0
Cotton,Goa,Kharif,9.3,21.78,919.8,38.5
Banana,Madhya Pradesh,Zaid,10.89,461.66,1387.9,192.2
Cotton,Maharashtra,Rabi,11.71,21.61,732.3,92.6
Apple,Uttar Pradesh,Zaid,36.85,431.24,985.5,99.1
Rice,Rajasthan,Zaid,9.86,33.68,1190.3,65.1
Maize,Karnataka,Zaid,37.5,196.6,828.6,100.5
Chickpea,Rajasthan,Kharif,48.86,65.57,515.1,20.0
Apple,Goa,Kharif,17.74,239.73,919.2,112.5
Rice,Madhya Pradesh,Rabi,2.85,8.21,719.0,107.5
Maize,Karnataka,Whole Year,37.58,140.52,852.3,120.2
Chickpea,Haryana,Zaid,45.59,88.35,352.8,75.7
Chickpea,Madhya Pradesh,Kharif,24.6,49.44,477.3,37.3
Maize,Rajasthan,Kharif,4.83,18.98,598.0,79.3
Wheat,Rajasthan,Kharif,31.34,173.9,370.5,190.0
Potato,Punjab,Kharif,11.23,212.47,585.4,200.1
Chickpea,Goa,Whole Year,2.19,2.96,439.8,32.7
Cotton,Maharashtra,Whole Year,44.64,95.45,1024.5,88.1
Wheat,Gujarat,Kharif,29.44,113.94,244.8,124.0
Maize,Tamil Nadu,Zaid,18.03,74.48,709.6,116.6
Apple,Gujarat,Kharif,4.99,60.1,975.3,92.7
Potato,Goa,Kharif,31.05,667.31,632.2,157.9
Tomato,Karnataka,Kharif,19.63,548.56,778.9,176.9
Maize,Uttar Pradesh,Rabi,47.19,232.04,895.7,120.5
Wheat,Madhya Pradesh,Rabi,47.13,186.07,695.7,84.0
Apple,Tamil Nadu,Whole Year,35.17,404.45,942.2,98.7
Tomato,Karnataka,Kharif,23.46,606.91,661.2,165.7
Apple,Punjab,Whole Year,2.28,22.94,842.6,97.2
Apple,Goa,Kharif,34.1,441.97,928.1,106.7
Tomato,Madhya Pradesh,Rabi,29.57,631.27,509.8,134.3
Apple,Tamil Nadu,Whole Year,30.93,470.04,746.0,137.1
Wheat,Tamil Nadu,Rabi,30.42,116.11,498.9,137.1
Cotton,Tamil Nadu,Whole Year,35.63,67.33,948.2,55.4
Rice,Madhya Pradesh,Whole Year,20.33,51.46,1148.8,100.5
Apple,Maharashtra,Whole Year,22.2,257.6,897.3,61.9
Grapes,Madhya Pradesh,Rabi,44.48,927.52,604.7,152.1
Apple,Madhya Pradesh,Whole Year,18.48,190.42,865.4,94.3
Wheat,Madhya Pradesh,Whole Year,15.81,76.8,592.2,133.1
Apple,Uttar Pradesh,Whole Year,42.86,504.82,863.1,62.8
Cotton,Tamil Nadu,Kharif,31.13,76.09,801.0,104.7
Tomato,Maharashtra,Whole Year,35.96,932.42,983.7,139.8
Rice,Karnataka,Zaid,24.5,62.37,838.7,86.4
Rice,Punjab,Rabi,40.66,131.83,807.3,136.9
Potato,Rajasthan,Whole Year,15.73,299.75,590.1,161.4
Rice,Rajasthan,Rabi,42.46,131.01,1089.2,93.4
Grapes,Uttar Pradesh,Zaid,42.39,642.19,685.7,131.9
Banana,Maharashtra,Whole Year,32.32,1043.52,1087.4,200.6
Grapes,Madhya Pradesh,Whole Year,32.35,421.65,443.7,140.1
Chickpea,Rajasthan,Whole Year,19.57,40.0,258.4,59.7
Wheat,Punjab,Zaid,30.6,148.23,313.2,161.7
Wheat,Rajasthan,Zaid,45.1,169.06,562.8,126.4
Potato,Maharashtra,Rabi,16.42,278.52,660.9,173.1
Potato,Punjab,Zaid,18.95,308.45,381.0,120.9
Chickpea,Tamil Nadu,Whole Year,1.58,2.96,547.6,64.3
Banana,Rajasthan,Whole Year,22.23,843.69,1097.7,171.1
Chickpea,Punjab,Rabi,5.73,8.47,471.5,37.9
Wheat,Uttar Pradesh,Whole Year,19.58,90.32,431.3,138.4
Apple,Karnataka,Rabi,23.66,283.15,825.6,119.3
Maize,Punjab,Kharif,47.39,155.23,487.1,96.2
Apple,Rajasthan,Rabi,17.04,214.07,948.8,105.0
Wheat,Karnataka,Whole Year,17.4,72.14,640.0,122.5
Tomato,Karnataka,Rabi,10.35,83.57,483.9,177.6
Maize,Madhya Pradesh,Rabi,13.46,51.91,486.3,117.1
Chickpea,Madhya Pradesh,Rabi,8.85,17.78,688.1,42.4
Potato,Rajasthan,Whole Year,30.56,605.71,725.5,154.1
Potato,Maharashtra,Whole Year,13.99,216.3,760.7,138.6
Maize,Rajasthan,Zaid,40.38,165.72,467.9,118.1
Chickpea,Tamil Nadu,Rabi,2.77,4.24,701.5,54.8
Grapes,Tamil Nadu,Kharif,35.7,566.19,773.4,125.0
Grapes,Gujarat,Zaid,11.76,154.77,506.6,144.5
Grapes,Maharashtra,Whole Year,27.08,453.4,642.3,171.1
Rice,Maharashtra,Zaid,28.87,109.23,822.5,117.1
Grapes,Karnataka,Rabi,40.35,591.09,995.8,152.6
Maize,Rajasthan,Whole Year,27.97,118.15,503.3,130.6
Grapes,Karnataka,Whole Year,46.37,643.26,339.2,164.4
Rice,Goa,Whole Year,38.43,134.23,894.7,105.9
Maize,Madhya Pradesh,Whole Year,29.65,134.59,680.0,138.0
Grapes,Karnataka,Rabi,5.67,71.65,650.3,142.9
Tomato,Karnataka,Whole Year,2.14,53.1,794.3,187.7
Tomato,Karnataka,Rabi,33.58,674.13,681.1,139.8
Chickpea,Madhya Pradesh,Rabi,44.76,62.43,200.0,20.0
Tomato,Uttar Pradesh,Rabi,17.53,325.49,652.0,173.1
Rice,Punjab,Rabi,31.95,99.04,931.7,99.6
Maize,Madhya Pradesh,Rabi,4.79,26.34,858.2,164.1
Wheat,Haryana,Whole Year,0.56,1.86,350.2,159.2
Cotton,Tamil Nadu,Zaid,8.44,17.13,1000.2,62.3
Cotton,Tamil Nadu,Zaid,11.72,22.75,735.4,58.7
Rice,Karnataka,Kharif,11.45,36.09,1037.6,126.7
Cotton,Uttar Pradesh,Kharif,22.04,47.61,704.1,107.1
Cotton,Tamil Nadu,Whole Year,49.53,100.26,703.7,107.2
Banana,Rajasthan,Kharif,38.84,1268.69,1071.3,214.8
Wheat,Tamil Nadu,Zaid,13.08,63.36,808.1,143.9
Rice,Uttar Pradesh,Kharif,10.55,32.73,1079.6,131.8
Chickpea,Haryana,Kharif,42.04,79.66,445.5,52.9
Tomato,Maharashtra,Rabi,33.82,726.32,807.0,162.9
Potato,Karnataka,Rabi,28.82,466.76,415.8,151.5
Cotton,Uttar Pradesh,Whole Year,40.95,97.37,847.8,124.8
Tomato,Uttar Pradesh,Rabi,6.98,133.16,545.9,207.4
Potato,Madhya Pradesh,Rabi,30.01,567.88,606.9,192.8
Banana,Tamil Nadu,Kharif,12.75,464.92,1267.2,170.0
Apple,Tamil Nadu,Kharif,28.87,307.84,879.0,72.6
Potato,Goa,Whole Year,34.73,719.05,432.1,156.4
Wheat,Maharashtra,Zaid,36.49,145.52,445.5,152.9
Potato,Madhya Pradesh,Zaid,42.0,674.11,483.3,146.6
Maize,Uttar Pradesh,Whole Year,40.95,206.55,941.9,103.2
Grapes,Uttar Pradesh,Whole Year,48.55,652.4,705.5,163.4
Banana,Maharashtra,Whole Year,4.86,145.09,1345.6,199.0
Banana,Gujarat,Rabi,36.33,1647.41,1548.4,215.9
Wheat,Gujarat,Whole Year,5.37,26.33,532.8,165.4
Potato,Gujarat,Kharif,34.48,681.57,719.4,132.1
Grapes,Uttar Pradesh,Kharif,26.79,398.96,847.4,147.2
Chickpea,Tamil Nadu,Rabi,19.82,29.98,464.3,45.3
Potato,Tamil Nadu,Zaid,44.54,874.76,342.2,155.7
Apple,Karnataka,Whole Year,11.0,112.7,821.9,101.2
Banana,Punjab,Zaid,25.03,964.81,1303.2,194.1
Banana,Gujarat,Rabi,8.39,301.07,1073.1,182.4
Maize,Uttar Pradesh,Kharif,6.09,25.2,709.0,91.9
Cotton,Maharashtra,Whole Year,47.81,90.96,928.7,97.8
Apple,Maharashtra,Zaid,39.0,537.78,814.9,52.2
Wheat,Goa,Kharif,36.38,168.03,774.7,180.6
Chickpea,Madhya Pradesh,Kharif,34.33,47.76,200.0,20.0
Grapes,Tamil Nadu,Kharif,19.77,349.54,845.1,135.0
Chickpea,Madhya Pradesh,Whole Year,9.17,13.65,316.5,55.7
Banana,Punjab,Zaid,37.0,1428.34,1304.6,206.4
Tomato,Goa,Zaid,45.17,1034.85,847.6,134.1
Maize,Madhya Pradesh,Whole Year,38.98,166.07,582.4,83.2
Grapes,Uttar Pradesh,Kharif,41.55,707.32,888.4,134.1
Grapes,Madhya Pradesh,Rabi,33.1,488.88,648.5,127.8
Banana,Uttar Pradesh,Whole Year,0.82,29.5,1063.1,181.8
Maize,Tamil Nadu,Whole Year,23.89,130.11,790.6,131.1
Tomato,Gujarat,Whole Year,44.19,887.79,1001.1,146.5
Rice,Goa,Whole Year,11.0,30.93,736.0,94.7
Grapes,Gujarat,Zaid,34.21,531.14,728.9,127.4
Cotton,Madhya Pradesh,Rabi,47.62,90.83,741.1,60.2
Potato,Uttar Pradesh,Rabi,27.69,374.54,452.9,105.6
Tomato,Tamil Nadu,Zaid,34.22,888.0,778.7,195.8
Maize,Maharashtra,Kharif,0.69,3.4,879.1,72.5
Grapes,Madhya Pradesh,Kharif,33.86,478.76,544.2,90.0
Chickpea,Punjab,Whole Year,22.95,39.49,348.2,66.1
Wheat,Karnataka,Kharif,40.69,187.95,516.6,115.1
Potato,Haryana,Zaid,0.89,14.24,750.1,130.7
Tomato,Rajasthan,Rabi,39.17,976.12,872.8,138.8
Maize,Uttar Pradesh,Kharif,6.55,25.13,502.6,131.3
Apple,Uttar Pradesh,Kharif,15.07,159.5,906.2,120.6
Rice,Gujarat,Kharif,41.42,182.66,892.8,131.5
Grapes,Madhya Pradesh,Whole Year,18.47,362.53,740.6,178.6
Tomato,Uttar Pradesh,Whole Year,2.11,58.46,864.8,161.6
Maize,Rajasthan,Rabi,23.58,73.78,661.7,116.1
Chickpea,Goa,Whole Year,40.6,85.85,573.5,47.9
Apple,Madhya Pradesh,Kharif,19.65,166.08,818.8,112.6
Banana,Gujarat,Rabi,38.28,1225.31,1154.3,187.6
Wheat,Maharashtra,Whole Year,37.91,172.7,797.9,145.5
Maize,Karnataka,Whole Year,15.05,62.97,661.1,104.6
Chickpea,Maharashtra,Kharif,19.42,36.06,468.0,29.3
Banana,Maharashtra,Zaid,19.44,745.75,1268.6,205.2
Banana,Rajasthan,Kharif,12.5,367.24,1295.5,155.7
Wheat,Gujarat,Whole Year,3.65,14.02,334.3,102.6
Grapes,Punjab,Rabi,15.74,232.51,397.7,134.4
Apple,Uttar Pradesh,Whole Year,10.23,119.09,921.0,64.0
Wheat,Tamil Nadu,Zaid,20.13,74.05,767.3,152.1
Rice,Haryana,Rabi,33.1,121.64,958.5,118.7
Apple,Punjab,Rabi,23.66,263.7,847.1,105.4
Potato,Maharashtra,Rabi,6.82,129.82,748.2,122.1
Rice,Maharashtra,Rabi,38.06,124.32,953.4,142.9
Wheat,Rajasthan,Whole Year,12.68,40.89,553.8,103.0
Chickpea,Tamil Nadu,Whole Year,14.38,27.82,253.9,96.2
Chickpea,Tamil Nadu,Kharif,46.44,94.6,539.9,89.2
Chickpea,Maharashtra,Whole Year,33.12,59.91,242.7,25.8
Wheat,Tamil Nadu,Whole Year,35.2,124.58,434.2,167.7
Apple,Madhya Pradesh,Zaid,17.81,174.36,752.9,38.5
Cotton,Gujarat,Rabi,26.5,67.4,901.0,130.0
Apple,Tamil Nadu,Zaid,30.59,427.5,812.5,90.0
Chickpea,Tamil Nadu,Zaid,31.54,47.35,200.0,55.0
Potato,Punjab,Zaid,38.03,696.09,518.1,128.5
Cotton,Uttar Pradesh,Rabi,1.27,3.32,788.5,87.3
Apple,Punjab,Whole Year,9.86,112.21,1179.6,82.6
Grapes,Madhya Pradesh,Rabi,38.16,578.27,607.8,142.2
Potato,Rajasthan,Rabi,39.99,668.54,665.1,161.1
Rice,Tamil Nadu,Whole Year,34.2,117.77,1375.5,91.9
Cotton,Punjab,Whole Year,12.32,24.96,558.9,107.5
Banana,Punjab,Kharif,46.98,997.27,1270.9,196.8
Rice,Gujarat,Rabi,6.84,24.07,827.5,124.2
Apple,Madhya Pradesh,Whole Year,44.48,463.66,771.7,74.1
Rice,Rajasthan,Zaid,48.39,126.52,928.7,93.7
Cotton,Punjab,Kharif,1.12,1.87,952.7,44.2
Rice,Punjab,Whole Year,17.28,56.41,1112.9,115.5
Wheat,Rajasthan,Whole Year,1.63,7.41,533.9,109.4
Wheat,Gujarat,Rabi,29.16,78.73,477.5,100.8
Maize,Punjab,Kharif,23.09,82.79,705.1,100.2
Chickpea,Haryana,Rabi,13.8,22.99,238.8,38.6
Tomato,Rajasthan,Rabi,9.09,181.99,585.4,186.4
Banana,Tamil Nadu,Whole Year,26.03,779.64,1381.8,212.6
Grapes,Goa,Zaid,22.04,326.98,692.5,135.8
Tomato,Punjab,Whole Year,29.78,738.14,825.2,98.1
Chickpea,Tamil Nadu,Zaid,17.25,27.4,295.3,52.9
Tomato,Tamil Nadu,Whole Year,13.91,374.98,886.5,204.2
Tomato,Rajasthan,Zaid,22.11,465.97,650.8,168.9
Maize,Uttar Pradesh,Whole Year,6.23,32.64,782.4,108.1
Chickpea,Goa,Whole Year,17.02,31.42,237.1,78.0
Grapes,Tamil Nadu,Whole Year,21.33,310.43,742.8,158.4
Rice,Goa,Kharif,36.41,117.98,808.4,192.9
Apple,Punjab,Whole Year,29.78,350.72,1217.5,105.8
Apple,Goa,Whole Year,41.99,520.31,1061.6,93.4
Chickpea,Haryana,Rabi,47.39,89.53,534.8,41.6
Apple,Maharashtra,Whole Year,28.32,392.77,1093.7,125.8
Potato,Gujarat,Whole Year,28.66,566.23,632.1,157.3
Chickpea,Karnataka,Rabi,5.92,12.6,449.9,51.4
Apple,Goa,Whole Year,35.51,430.16,673.9,137.9
Cotton,Madhya Pradesh,Zaid,20.15,44.86,753.4,72.8
Rice,Madhya Pradesh,Zaid,28.2,73.17,983.2,136.7
Rice,Rajasthan,Kharif,18.02,36.65,1134.5,95.9
Rice,Gujarat,Zaid,23.64,105.93,1078.2,149.7
Banana,Rajasthan,Rabi,38.99,1312.51,890.8,195.0
Chickpea,Tamil Nadu,Rabi,12.76,23.11,588.7,81.9
Wheat,Gujarat,Rabi,28.02,96.11,420.1,132.2
Grapes,Uttar Pradesh,Rabi,39.55,510.1,470.4,163.9
Chickpea,Tamil Nadu,Kharif,0.9,1.46,226.5,22.4
Banana,Rajasthan,Rabi,4.07,117.35,1172.3,229.0
Rice,Madhya Pradesh,Zaid,14.25,50.92,1252.9,141.0
Apple,Madhya Pradesh,Rabi,38.43,572.98,977.3,88.0
Grapes,Rajasthan,Whole Year,19.37,293.09,450.1,127.0
Apple,Haryana,Zaid,37.38,429.07,900.9,120.0
Maize,Rajasthan,Kharif,36.82,148.19,779.2,134.9
Cotton,Goa,Whole Year,40.31,92.62,597.2,91.2
Tomato,Haryana,Rabi,20.32,430.16,684.6,153.4
Apple,Haryana,Kharif,39.88,541.21,1034.2,101.0
Chickpea,Karnataka,Whole Year,5.54,10.84,564.6,46.1
Banana,Punjab,Rabi,33.86,1126.74,1181.3,189.3
Chickpea,Tamil Nadu,Rabi,11.69,19.99,394.9,62.6
Potato,Uttar Pradesh,Rabi,6.38,117.9,741.0,199.2
Wheat,Uttar Pradesh,Whole Year,28.54,124.74,517.8,144.3
Potato,Madhya Pradesh,Kharif,42.96,860.01,778.4,153.4
Wheat,Madhya Pradesh,Whole Year,35.74,154.21,656.3,128.4
Tomato,Madhya Pradesh,Kharif,43.8,969.47,797.1,163.0
Wheat,Goa,Rabi,10.75,37.04,412.0,130.2
Tomato,Gujarat,Zaid,42.91,713.11,541.2,135.0
Maize,Tamil Nadu,Zaid,34.24,137.36,715.5,105.6
Chickpea,Tamil Nadu,Rabi,31.24,66.01,686.2,20.0
Apple,Haryana,Zaid,3.69,42.57,1186.1,111.1
Rice,Maharashtra,Rabi,7.15,27.2,855.2,167.2
Tomato,Uttar Pradesh,Whole Year,30.29,663.04,752.2,128.2
Wheat,Maharashtra,Whole Year,15.1,62.77,607.1,126.1
Rice,Karnataka,Kharif,17.41,65.2,915.0,106.9
Potato,Goa,Kharif,6.45,138.39,737.3,133.7
Potato,Punjab,Kharif,2.98,68.48,769.9,108.3
Wheat,Goa,Whole Year,29.45,140.79,589.9,136.3
Tomato,Gujarat,Zaid,36.61,642.13,777.3,153.1
Banana,Karnataka,Kharif,17.81,689.95,1274.7,203.5
Maize,Tamil Nadu,Whole Year,19.21,75.72,583.8,136.6
Wheat,Maharashtra,Whole Year,17.13,76.61,477.5,177.4
Banana,Uttar Pradesh,Zaid,15.43,649.76,1076.7,198.3
Chickpea,Haryana,Zaid,2.3,3.54,280.9,36.8
Grapes,Goa,Kharif,7.7,83.79,552.3,90.0
Cotton,Karnataka,Whole Year,20.24,50.48,699.0,105.4
Cotton,Punjab,Rabi,43.94,103.71,917.2,125.0
Grapes,Tamil Nadu,Whole Year,33.94,467.52,421.3,143.5
Cotton,Madhya Pradesh,Zaid,37.03,111.95,904.1,68.5
Maize,Tamil Nadu,Kharif,21.04,77.87,401.3,122.5
Cotton,Madhya Pradesh,Whole Year,14.48,28.69,813.1,93.1
Cotton,Gujarat,Whole Year,5.28,9.46,613.6,96.1
Apple,Haryana,Kharif,7.04,90.16,747.7,116.1
Chickpea,Punjab,Rabi,11.81,19.2,714.7,20.0
Cotton,Uttar Pradesh,Whole Year,35.97,72.71,849.6,84.4
Wheat,Goa,Whole Year,22.57,106.28,586.3,133.6
Cotton,Uttar Pradesh,Rabi,10.02,22.26,774.2,109.8
Rice,Gujarat,Zaid,35.92,128.47,1142.5,178.7
Tomato,Maharashtra,Zaid,30.05,641.01,699.7,162.5
Banana,Madhya Pradesh,Zaid,21.75,907.25,1138.2,169.3
Cotton,Karnataka,Rabi,4.21,10.18,426.3,104.5
Maize,Haryana,Rabi,2.4,11.55,646.1,137.2
Wheat,Punjab,Rabi,6.69,31.06,429.5,108.5
Wheat,Rajasthan,Whole Year,25.56,91.28,219.5,123.2
Chickpea,Madhya Pradesh,Rabi,18.21,34.49,629.8,48.0
Wheat,Punjab,Rabi,16.63,69.46,656.8,119.5
Maize,Karnataka,Zaid,15.7,68.8,873.2,91.2
Rice,Goa,Whole Year,40.24,119.38,1026.7,120.1
Banana,Tamil Nadu,Zaid,25.35,838.05,1200.5,186.8
Banana,Goa,Rabi,5.95,250.24,1232.6,231.8
Maize,Punjab,Rabi,30.97,144.06,858.4,110.2
Cotton,Madhya Pradesh,Zaid,31.14,58.7,798.0,90.3
Chickpea,Maharashtra,Kharif,20.71,35.35,444.0,62.7
Cotton,Maharashtra,Rabi,34.77,71.58,612.5,117.7
Tomato,Tamil Nadu,Rabi,33.19,772.83,797.3,185.7
Rice,Karnataka,Rabi,2.61,7.25,1026.9,126.3
Rice,Punjab,Zaid,39.51,132.26,1242.5,111.3
Wheat,Madhya Pradesh,Kharif,46.51,176.1,418.8,122.0
Tomato,Rajasthan,Kharif,39.25,882.75,823.0,145.4
Potato,Gujarat,Rabi,17.33,293.31,442.4,169.3
Maize,Goa,Whole Year,8.57,32.05,768.3,104.4
Apple,Goa,Rabi,22.0,251.03,1078.0,122.9
Banana,Haryana,Kharif,22.75,1072.01,1120.2,187.7
Banana,Maharashtra,Zaid,21.24,642.36,1451.6,189.3
Cotton,Haryana,Zaid,5.16,9.0,697.0,65.3
Banana,Madhya Pradesh,Rabi,29.29,852.73,1093.7,193.3
Chickpea,Punjab,Zaid,14.64,33.08,633.6,79.0
Apple,Tamil Nadu,Kharif,43.7,501.23,913.9,113.1
Potato,Maharashtra,Zaid,13.06,186.34,654.4,126.2
Chickpea,Rajasthan,Rabi,33.98,78.74,622.9,25.2
Maize,Goa,Zaid,30.89,133.96,866.0,119.8
Rice,Tamil Nadu,Rabi,41.71,152.72,1091.8,86.6
Rice,Uttar Pradesh,Whole Year,6.85,27.26,963.6,121.8
Tomato,Madhya Pradesh,Whole Year,4.2,70.66,633.9,135.4
Tomato,Punjab,Whole Year,5.26,98.66,586.8,162.1
Maize,Tamil Nadu,Kharif,49.86,152.86,660.9,92.4
Cotton,Gujarat,Whole Year,46.99,111.74,987.1,92.2
Apple,Rajasthan,Zaid,8.79,132.24,1100.1,138.5
Maize,Tamil Nadu,Rabi,21.93,103.1,703.4,111.9
Tomato,Karnataka,Zaid,10.04,214.14,467.6,150.2
Tomato,Karnataka,Kharif,18.44,365.17,605.7,131.7
Chickpea,Punjab,Whole Year,38.32,65.97,238.2,47.6
Maize,Goa,Kharif,8.14,40.63,530.7,134.2
Cotton,Gujarat,Kharif,11.95,25.12,1117.6,51.0
Grapes,Rajasthan,Rabi,27.91,382.12,366.2,143.6
Rice,Karnataka,Whole Year,10.84,35.02,987.1,125.7
Apple,Tamil Nadu,Zaid,14.97,181.1,1069.6,76.3
Chickpea,Maharashtra,Kharif,39.21,69.74,371.0,88.5
Chickpea,Punjab,Whole Year,23.45,33.17,206.6,70.4
Wheat,Goa,Whole Year,4.39,12.8,324.2,157.4
Grapes,Goa,Kharif,12.78,202.87,440.9,186.7
Maize,Madhya Pradesh,Whole Year,48.04,168.84,278.4,111.7
Maize,Punjab,Rabi,29.87,147.27,753.1,121.2
Grapes,Punjab,Whole Year,49.49,675.0,756.9,130.3
Chickpea,Madhya Pradesh,Rabi,3.52,4.2,255.3,20.0
Chickpea,Tamil Nadu,Whole Year,6.08,11.2,222.8,75.2
Apple,Goa,Zaid,43.26,616.05,884.6,93.4
Wheat,Tamil Nadu,Kharif,26.09,105.52,591.7,119.0
Maize,Madhya Pradesh,Kharif,8.33,30.78,1045.0,106.2
Rice,Haryana,Rabi,6.11,21.86,1098.5,152.2
Tomato,Goa,Rabi,45.84,927.78,472.8,200.7
Maize,Uttar Pradesh,Rabi,22.03,73.2,761.8,79.8
Wheat,Haryana,Whole Year,11.22,42.25,472.0,140.8
Tomato,Tamil Nadu,Rabi,10.6,196.82,709.7,169.7
Grapes,Gujarat,Whole Year,3.14,36.99,576.9,210.0
Chickpea,Punjab,Whole Year,48.22,88.94,259.9,28.9
Wheat,Karnataka,Whole Year,40.92,160.15,559.8,138.0
Grapes,Karnataka,Whole Year,42.36,608.17,594.4,133.0
Maize,Maharashtra,Zaid,20.96,99.65,750.4,130.9
Banana,Madhya Pradesh,Rabi,41.27,1600.5,1332.7,212.5
Grapes,Madhya Pradesh,Zaid,38.05,554.62,828.3,149.0
Cotton,Punjab,Kharif,44.46,91.09,622.1,68.6
Tomato,Karnataka,Zaid,45.26,907.91,819.3,113.7
Grapes,Tamil Nadu,Zaid,1.53,22.86,549.2,168.4
Potato,Punjab,Whole Year,13.25,242.42,807.5,178.1
Potato,Madhya Pradesh,Zaid,34.82,675.84,644.2,154.5
Maize,Karnataka,Whole Year,36.95,118.1,892.2,103.4
Banana,Rajasthan,Kharif,7.77,290.37,1267.2,189.5
Maize,Rajasthan,Rabi,21.85,98.99,879.7,143.8
Maize,Punjab,Kharif,25.08,123.51,592.9,142.5
Potato,Uttar Pradesh,Zaid,24.88,520.0,782.2,195.3
Chickpea,Haryana,Zaid,26.32,45.54,220.7,41.7
Rice,Tamil Nadu,Whole Year,46.92,119.86,881.0,92.1
Rice,Haryana,Zaid,16.4,58.36,995.8,108.5
Banana,Rajasthan,Rabi,11.11,383.75,1360.4,185.0
Banana,Gujarat,Rabi,25.12,1112.45,1233.9,180.3
Apple,Goa,Kharif,47.87,443.1,845.6,108.4
Tomato,Gujarat,Rabi,1.23,25.47,785.2,154.5
Chickpea,Haryana,Zaid,44.49,89.68,322.4,20.0
Chickpea,Karnataka,Whole Year,4.41,8.99,317.0,85.9
Chickpea,Gujarat,Rabi,13.02,24.4,660.6,20.5
Cotton,Karnataka,Kharif,12.29,28.98,542.7,113.7
Chickpea,Punjab,Kharif,6.93,14.66,577.8,49.8
Chickpea,Haryana,Rabi,33.67,66.25,359.9,51.6
Chickpea,Uttar Pradesh,Zaid,40.53,59.8,319.1,48.5
Apple,Uttar Pradesh,Zaid,47.26,606.05,823.5,63.1
Chickpea,Haryana,Zaid,28.95,57.62,370.5,54.4
Wheat,Tamil Nadu,Kharif,31.08,116.33,514.3,109.2
Chickpea,Gujarat,Kharif,26.38,39.91,213.4,69.5
Tomato,Madhya Pradesh,Rabi,49.32,1180.57,711.1,119.0
Apple,Uttar Pradesh,Rabi,26.78,347.9,823.4,87.4
Chickpea,Gujarat,Rabi,48.6,100.79,436.7,76.7
Wheat,Rajasthan,Rabi,40.91,217.73,706.7,103.1
Grapes,Goa,Zaid,5.43,69.11,337.4,153.0
Tomato,Tamil Nadu,Rabi,4.61,121.95,686.8,175.3
Tomato,Uttar Pradesh,Zaid,28.25,623.02,644.0,174.7
Cotton,Maharashtra,Zaid,35.23,66.96,772.6,67.7
Grapes,Punjab,Whole Year,15.64,220.37,967.4,169.4
Rice,Uttar Pradesh,Whole Year,27.6,64.24,963.2,71.9
Cotton,Goa,Whole Year,32.68,90.6,912.3,91.2
Banana,Rajasthan,Whole Year,44.86,1106.2,1171.0,205.0
Banana,Tamil Nadu,Rabi,15.44,594.69,1210.7,200.7
Apple,Uttar Pradesh,Kharif,36.04,312.82,834.7,82.3
Banana,Uttar Pradesh,Zaid,44.6,936.54,1033.7,142.7
Wheat,Rajasthan,Rabi,29.58,108.0,422.3,138.4
Rice,Punjab,Whole Year,35.25,127.27,515.1,95.4
Cotton,Gujarat,Kharif,33.05,51.86,738.1,65.0
Chickpea,Tamil Nadu,Zaid,17.64,29.56,471.5,74.3
Apple,Maharashtra,Rabi,9.98,125.14,1151.7,90.2
Apple,Goa,Zaid,47.26,376.82,758.8,95.5
Tomato,Haryana,Rabi,16.18,417.03,798.8,156.0
Maize,Punjab,Kharif,49.1,154.63,531.2,53.8
Maize,Uttar Pradesh,Whole Year,38.78,158.81,678.2,109.9
Cotton,Tamil Nadu,Whole Year,15.02,37.01,664.5,100.2
Grapes,Gujarat,Zaid,46.7,873.76,602.0,150.8
Cotton,Rajasthan,Whole Year,13.2,19.37,939.9,128.9
Banana,Rajasthan,Zaid,5.76,285.41,1319.2,239.5
Rice,Karnataka,Zaid,18.27,80.87,1236.8,150.9
Maize,Goa,Kharif,24.67,123.26,999.1,143.7
Chickpea,Goa,Kharif,6.16,10.92,403.9,20.0
Rice,Haryana,Whole Year,23.85,58.69,813.0,121.9
Grapes,Rajasthan,Rabi,6.48,120.18,771.2,121.5
Tomato,Karnataka,Zaid,18.61,442.69,908.6,182.9
Maize,Gujarat,Whole Year,28.87,103.49,631.7,66.4
Wheat,Madhya Pradesh,Kharif,21.98,91.78,508.2,117.6
Wheat,Punjab,Zaid,11.5,34.25,458.3,151.3
Potato,Karnataka,Rabi,5.47,114.33,606.6,137.9
Banana,Maharashtra,Whole Year,3.88,140.99,1276.9,185.8
Grapes,Goa,Kharif,7.43,105.32,789.6,141.1
Maize,Gujarat,Zaid,31.18,114.54,698.2,95.6
Cotton,Punjab,Zaid,33.96,76.75,693.0,102.7
Cotton,Gujarat,Kharif,13.92,28.65,832.2,87.5
Apple,Punjab,Zaid,20.17,246.31,914.4,91.5
Rice,Goa,Whole Year,30.83,100.13,1255.8,119.9
Grapes,Maharashtra,Kharif,3.05,44.92,414.0,138.4
Wheat,Karnataka,Rabi,22.85,80.06,458.3,102.1
Potato,Madhya Pradesh,Rabi,34.46,558.15,517.1,157.0
Chickpea,Madhya Pradesh,Rabi,23.67,42.63,492.7,85.9
Wheat,Goa,Zaid,23.81,97.73,746.8,123.7
Potato,Maharashtra,Rabi,40.9,627.55,497.3,132.8
Cotton,Uttar Pradesh,Zaid,11.5,18.82,608.1,75.1
Maize,Uttar Pradesh,Whole Year,45.58,177.66,788.7,89.3
Rice,Uttar Pradesh,Whole Year,15.01,65.2,1190.5,114.8
Tomato,Gujarat,Rabi,48.27,879.03,655.4,152.9
Wheat,Madhya Pradesh,Rabi,5.15,19.93,469.3,147.3
Tomato,Goa,Rabi,13.2,282.5,634.6,139.7
Cotton,Uttar Pradesh,Zaid,1.54,3.05,949.2,57.1
Wheat,Rajasthan,Zaid,23.25,86.55,299.5,126.3
Maize,Haryana,Rabi,4.48,22.62,692.5,101.8
Chickpea,Goa,Whole Year,1.9,2.96,330.8,54.4
Wheat,Gujarat,Zaid,24.65,111.47,694.8,144.9
Potato,Goa,Kharif,12.83,294.38,691.5,167.2
Grapes,Madhya Pradesh,Rabi,2.37,38.4,750.1,91.3
Chickpea,Punjab,Zaid,40.92,56.9,317.1,20.0
Cotton,Karnataka,Zaid,13.21,28.43,727.7,71.8
Apple,Gujarat,Whole Year,20.11,233.16,1062.2,121.6
Banana,Haryana,Whole Year,21.28,829.73,1397.4,178.9
Wheat,Uttar Pradesh,Whole Year,21.05,85.97,571.0,132.1
Grapes,Gujarat,Kharif,34.8,548.83,599.6,153.1
Apple,Maharashtra,Whole Year,13.17,125.15,796.8,62.2
Banana,Karnataka,Whole Year,2.02,60.76,1061.0,190.6
Chickpea,Rajasthan,Zaid,38.29,65.64,532.3,20.0
Maize,Rajasthan,Rabi,45.06,175.57,574.8,67.4
Tomato,Karnataka,Kharif,45.1,923.01,645.5,146.4
Cotton,Rajasthan,Rabi,4.52,10.29,584.5,98.6
Maize,Karnataka,Whole Year,8.9,35.66,697.3,90.0
Maize,Maharashtra,Kharif,3.94,14.64,546.5,96.8
Cotton,Madhya Pradesh,Zaid,21.33,59.77,595.7,130.6
Rice,Rajasthan,Kharif,34.55,99.83,1005.3,113.5
Grapes,Karnataka,Whole Year,24.22,284.07,574.6,120.7
Grapes,Karnataka,Rabi,9.48,177.59,588.9,134.8
Maize,Uttar Pradesh,Kharif,45.46,187.8,715.4,80.9
Cotton,Gujarat,Kharif,29.12,58.78,903.0,63.2
Chickpea,Uttar Pradesh,Zaid,24.32,35.12,549.0,20.0
Chickpea,Madhya Pradesh,Kharif,39.3,65.54,553.2,23.8
Wheat,Rajasthan,Kharif,18.16,72.9,681.5,152.9
Banana,Maharashtra,Whole Year,0.63,29.56,1086.7,219.8
Potato,Tamil Nadu,Kharif,35.34,723.99,753.9,132.7
Grapes,Punjab,Whole Year,35.82,517.37,549.4,147.9
Grapes,Uttar Pradesh,Zaid,4.54,65.03,683.7,86.2
Cotton,Haryana,Rabi,42.45,63.78,354.0,93.3
Tomato,Haryana,Zaid,18.88,423.3,793.7,141.3
Apple,Karnataka,Kharif,45.59,473.8,995.3,95.7
Chickpea,Rajasthan,Kharif,30.49,60.84,521.2,65.3
Grapes,Karnataka,Whole Year,5.59,96.19,924.6,135.4
Rice,Haryana,Rabi,20.05,75.48,1037.2,95.8
Wheat,Goa,Rabi,12.03,51.82,663.4,115.3
Chickpea,Karnataka,Zaid,19.2,30.85,495.0,20.0
Potato,Punjab,Rabi,21.77,430.48,741.6,163.4
Rice,Madhya Pradesh,Rabi,30.47,124.66,973.2,161.6
Grapes,Gujarat,Whole Year,45.41,785.12,635.4,160.1
Apple,Punjab,Whole Year,31.44,284.58,836.6,85.1
Grapes,Gujarat,Whole Year,1.25,22.57,698.8,146.0
Chickpea,Madhya Pradesh,Kharif,12.93,19.78,407.3,69.8
Maize,Haryana,Kharif,40.89,203.49,866.6,120.8
Chickpea,Madhya Pradesh,Rabi,44.07,77.32,418.2,77.1
Grapes,Uttar Pradesh,Zaid,11.27,160.41,641.6,121.6
Chickpea,Karnataka,Zaid,40.12,71.1,430.6,55.2
Wheat,Rajasthan,Whole Year,20.35,82.62,641.2,110.6
Wheat,Goa,Rabi,43.29,131.22,387.9,125.6
Rice,Haryana,Whole Year,28.6,84.76,1083.2,152.7
Grapes,Punjab,Rabi,13.43,221.27,788.4,159.1
Potato,Rajasthan,Zaid,42.13,665.24,632.5,190.0
Rice,Punjab,Rabi,40.04,131.55,1036.7,129.1
Tomato,Haryana,Zaid,46.53,1128.23,499.9,174.3
Tomato,Karnataka,Whole Year,38.63,760.3,602.3,138.0
Chickpea,Karnataka,Rabi,23.3,38.48,474.6,60.8
Chickpea,Punjab,Zaid,3.73,5.97,280.0,37.3
Apple,Maharashtra,Zaid,43.56,618.13,899.4,126.9
Banana,Tamil Nadu,Kharif,3.95,140.79,1111.8,236.4
Grapes,Madhya Pradesh,Rabi,22.12,306.17,866.7,194.3
Grapes,Tamil Nadu,Rabi,48.42,830.45,650.1,149.7
Cotton,Madhya Pradesh,Rabi,37.6,68.13,674.1,71.4
Apple,Goa,Rabi,22.45,223.85,1022.3,85.7
Apple,Madhya Pradesh,Rabi,11.69,145.8,631.6,84.4
Tomato,Karnataka,Whole Year,16.03,354.13,700.9,191.8
Potato,Gujarat,Kharif,41.24,853.85,821.2,161.3
Tomato,Haryana,Whole Year,28.98,462.29,507.2,142.6
Banana,Karnataka,Rabi,44.07,1547.63,1101.7,201.8
Potato,Karnataka,Rabi,10.66,143.57,441.3,136.2
Chickpea,Maharashtra,Whole Year,5.1,12.65,583.3,89.1
Rice,Goa,Whole Year,46.92,198.07,935.5,133.5
Grapes,Tamil Nadu,Zaid,5.58,83.86,683.1,139.2
Chickpea,Tamil Nadu,Whole Year,16.24,31.74,690.7,20.0
Chickpea,Gujarat,Whole Year,37.4,69.89,440.7,58.2
Potato,Uttar Pradesh,Zaid,35.31,509.66,692.5,135.1
Chickpea,Uttar Pradesh,Rabi,44.1,79.77,534.2,54.7
Potato,Haryana,Kharif,47.8,713.37,451.3,159.3
Tomato,Punjab,Whole Year,45.64,764.22,851.8,165.9
Rice,Madhya Pradesh,Zaid,45.2,153.9,918.5,133.1
Potato,Maharashtra,Rabi,43.61,816.07,472.3,116.5
Banana,Rajasthan,Zaid,6.71,227.08,1142.6,200.8
Grapes,Punjab,Zaid,45.93,711.67,716.1,152.2
Tomato,Tamil Nadu,Whole Year,3.39,86.53,895.6,187.3
Rice,Gujarat,Whole Year,32.02,120.98,1098.6,121.4
Rice,Uttar Pradesh,Kharif,34.86,114.78,1134.9,146.5
Wheat,Goa,Kharif,22.28,94.53,394.8,102.9
Potato,Punjab,Whole Year,2.93,52.39,659.2,110.6
Rice,Karnataka,Zaid,49.2,148.93,1027.1,149.1
Banana,Haryana,Kharif,42.64,1220.96,1022.7,176.0
Cotton,Gujarat,Kharif,16.46,41.97,625.2,85.4
Rice,Karnataka,Whole Year,15.56,63.83,1201.9,86.9
Potato,Goa,Kharif,4.29,82.25,495.9,172.5
Wheat,Rajasthan,Zaid,45.04,174.05,636.6,98.1
Apple,Gujarat,Whole Year,2.09,13.87,716.4,89.8
Apple,Maharashtra,Kharif,17.89,201.29,1066.9,74.0
Wheat,Karnataka,Whole Year,16.38,84.65,598.3,125.8
Potato,Uttar Pradesh,Whole Year,40.3,530.3,454.1,183.1
Cotton,Madhya Pradesh,Whole Year,16.26,44.66,1140.3,149.0
Rice,Goa,Kharif,24.83,83.74,1144.5,88.2
Cotton,Rajasthan,Kharif,20.33,48.52,934.2,87.2
Wheat,Punjab,Whole Year,36.84,151.1,451.3,100.4
Apple,Tamil Nadu,Whole Year,17.29,244.29,939.3,112.8
Grapes,Madhya Pradesh,Zaid,1.95,14.15,676.8,131.0
Potato,Uttar Pradesh,Whole Year,40.25,690.75,714.6,138.8
Chickpea,Goa,Kharif,35.17,68.39,293.8,38.3
Chickpea,Tamil Nadu,Kharif,14.2,20.59,573.8,63.7
Tomato,Haryana,Whole Year,21.67,446.86,708.0,156.0
Banana,Uttar Pradesh,Kharif,42.43,1605.45,1148.1,184.6
Banana,Tamil Nadu,Zaid,48.14,1780.87,1466.6,152.2
Potato,Uttar Pradesh,Kharif,25.17,371.88,736.0,148.9
Apple,Punjab,Whole Year,6.35,88.86,881.8,83.4
Cotton,Tamil Nadu,Rabi,39.41,80.58,867.5,88.8
Maize,Maharashtra,Whole Year,35.37,185.57,951.6,122.2
Cotton,Madhya Pradesh,Rabi,23.22,56.86,901.3,88.0
Potato,Tamil Nadu,Whole Year,11.47,256.24,766.8,162.7
Rice,Punjab,Rabi,31.25,105.55,1096.3,116.8
Banana,Punjab,Kharif,38.61,1257.08,1159.6,176.9
Banana,Uttar Pradesh,Zaid,27.11,512.95,1329.0,158.5
Chickpea,Uttar Pradesh,Zaid,28.28,59.26,675.3,117.9
Banana,Uttar Pradesh,Rabi,7.73,250.43,1245.4,200.2
Maize,Maharashtra,Rabi,40.12,166.65,678.4,114.8
Tomato,Karnataka,Whole Year,32.98,693.52,553.0,164.5
Maize,Punjab,Rabi,7.5,30.92,719.3,114.1
Rice,Madhya Pradesh,Whole Year,36.53,137.44,947.0,148.4
Rice,Rajasthan,Kharif,47.88,183.23,988.1,152.4
Banana,Maharashtra,Rabi,10.02,354.99,1385.6,197.6
Tomato,Goa,Zaid,41.91,858.06,734.5,192.1
Grapes,Uttar Pradesh,Zaid,5.5,91.85,604.3,157.0
Potato,Gujarat,Whole Year,11.94,170.84,600.8,81.8
Cotton,Goa,Kharif,19.73,36.28,717.0,63.4
Wheat,Maharashtra,Rabi,19.81,77.93,294.9,128.8
Banana,Uttar Pradesh,Kharif,0.83,34.93,1242.1,234.2
Cotton,Maharashtra,Rabi,36.99,113.19,985.5,117.4
Apple,Tamil Nadu,Rabi,20.63,262.46,792.2,87.5
Wheat,Goa,Kharif,35.82,193.96,616.4,147.7
Chickpea,Uttar Pradesh,Kharif,22.94,36.04,513.9,50.3
Maize,Haryana,Zaid,31.8,139.63,649.5,163.4
Cotton,Tamil Nadu,Zaid,24.05,44.67,703.3,81.3
Maize,Haryana,Rabi,31.54,105.25,495.1,96.9
Chickpea,Madhya Pradesh,Zaid,43.26,98.84,560.3,98.7
Maize,Karnataka,Zaid,28.84,106.06,975.1,139.4
Apple,Gujarat,Rabi,47.28,472.02,779.4,69.3
Tomato,Haryana,Kharif,36.31,797.06,683.0,152.5
Wheat,Uttar Pradesh,Kharif,18.47,47.5,391.6,130.9
Banana,Gujarat,Zaid,18.15,564.49,1117.6,175.2
Maize,Maharashtra,Whole Year,35.89,113.34,626.4,81.8
Wheat,Madhya Pradesh,Rabi,8.31,27.2,339.0,126.9
Banana,Haryana,Kharif,15.21,424.67,1177.0,167.3
Cotton,Karnataka,Zaid,2.22,5.14,860.9,112.7
Maize,Uttar Pradesh,Kharif,1.59,7.22,757.1,90.1
Cotton,Rajasthan,Zaid,20.35,51.41,1040.6,93.6
Wheat,Punjab,Whole Year,9.57,44.13,520.0,152.8
Tomato,Gujarat,Rabi,40.18,876.86,681.2,140.1
Banana,Uttar Pradesh,Kharif,10.89,459.32,1276.1,208.6
Wheat,Maharashtra,Rabi,32.28,118.71,353.8,94.4
Maize,Gujarat,Zaid,16.14,80.88,1206.7,91.9
Chickpea,Karnataka,Kharif,9.59,15.55,372.7,48.0
Wheat,Maharashtra,Rabi,43.71,164.02,516.8,130.8
Potato,Karnataka,Zaid,31.86,719.46,801.6,143.2
Chickpea,Uttar Pradesh,Rabi,34.7,64.52,248.8,56.3
Wheat,Uttar Pradesh,Zaid,41.5,207.44,705.5,168.9
Maize,Karnataka,Whole Year,7.94,38.94,708.0,145.6
Grapes,Haryana,Whole Year,18.36,324.58,693.8,123.0
Cotton,Punjab,Kharif,42.6,88.7,670.8,75.3
Tomato,Madhya Pradesh,Kharif,18.32,382.82,847.4,154.3
Tomato,Tamil Nadu,Zaid,31.49,842.43,556.5,203.0
Wheat,Rajasthan,Kharif,46.44,170.28,230.6,110.9
Banana,Haryana,Zaid,33.75,809.24,1033.6,193.6
Potato,Goa,Kharif,7.82,159.24,746.4,149.8
Tomato,Tamil Nadu,Rabi,20.58,461.93,821.8,161.4
Grapes,Maharashtra,Rabi,47.64,596.12,436.9,104.3
Tomato,Haryana,Kharif,33.38,840.02,877.6,156.0
Grapes,Gujarat,Rabi,17.63,214.34,608.0,155.1
Cotton,Punjab,Kharif,18.59,28.05,878.8,100.3
Chickpea,Haryana,Whole Year,41.65,70.83,346.3,29.1
Maize,Karnataka,Kharif,32.74,127.4,694.3,89.9
Apple,Punjab,Whole Year,47.35,490.87,792.5,96.0
Grapes,Madhya Pradesh,Kharif,16.23,255.32,707.0,113.0
Potato,Punjab,Whole Year,38.8,686.28,828.1,130.7
Tomato,Karnataka,Rabi,4.28,70.03,653.7,198.3
Cotton,Madhya Pradesh,Whole Year,40.01,91.24,837.3,100.1
Apple,Punjab,Kharif,11.81,126.07,894.8,83.9
Cotton,Haryana,Rabi,33.65,77.75,926.2,82.4
Apple,Uttar Pradesh,Zaid,32.09,373.01,865.2,115.2
Wheat,Maharashtra,Rabi,20.83,35.63,444.5,101.2
Tomato,Madhya Pradesh,Whole Year,2.41,55.74,737.7,145.2
Potato,Uttar Pradesh,Zaid,43.99,534.71,652.2,143.3
Maize,Tamil Nadu,Whole Year,33.09,102.9,448.1,108.6
Apple,Haryana,Kharif,45.73,605.67,1091.4,95.3
Grapes,Haryana,Zaid,12.99,174.02,647.1,140.5
Grapes,Punjab,Whole Year,39.7,467.01,714.1,126.4
Chickpea,Punjab,Zaid,39.68,81.13,391.7,64.8
Potato,Karnataka,Rabi,2.37,37.77,349.0,174.0
Maize,Maharashtra,Whole Year,24.68,74.71,428.1,88.6
Rice,Gujarat,Zaid,31.61,158.98,1091.4,181.0
Wheat,Madhya Pradesh,Rabi,12.55,47.73,388.7,150.7
Potato,Punjab,Whole Year,14.11,244.45,665.6,164.7
Apple,Goa,Whole Year,20.19,254.73,1393.2,62.3
Maize,Goa,Kharif,48.18,192.74,717.0,101.9
Potato,Karnataka,Rabi,27.5,517.48,793.0,153.1
Banana,Karnataka,Zaid,24.5,741.63,1175.8,170.9
Wheat,Haryana,Rabi,2.6,11.86,675.7,165.6
Chickpea,Maharashtra,Kharif,35.85,57.24,266.1,20.0
Chickpea,Tamil Nadu,Whole Year,32.31,53.97,393.8,58.4
Wheat,Madhya Pradesh,Whole Year,1.43,3.5,496.5,115.2
Potato,Gujarat,Zaid,34.95,690.69,505.9,122.5
Tomato,Punjab,Rabi,12.04,265.28,777.1,139.7
Potato,Rajasthan,Zaid,32.06,642.29,789.4,182.4
Chickpea,Punjab,Whole Year,42.52,69.66,350.4,38.1
Banana,Goa,Zaid,35.34,1318.72,1283.0,189.1
Grapes,Goa,Whole Year,19.21,393.53,838.9,154.8
Tomato,Maharashtra,Zaid,45.67,1007.67,914.9,163.1
Apple,Rajasthan,Zaid,9.01,136.04,1059.2,129.6
Wheat,Uttar Pradesh,Whole Year,49.4,151.27,399.7,132.4
Wheat,Madhya Pradesh,Whole Year,46.72,190.72,730.0,129.0
Potato,Rajasthan,Zaid,9.95,185.3,726.6,169.6
Tomato,Karnataka,Rabi,25.26,417.62,313.7,192.9
Grapes,Karnataka,Rabi,39.98,580.35,527.0,117.1
Wheat,Karnataka,Whole Year,39.17,175.75,559.1,137.3
Banana,Uttar Pradesh,Kharif,33.64,1126.82,1017.3,176.2
Tomato,Tamil Nadu,Kharif,45.87,1052.96,514.4,144.2
Apple,Gujarat,Kharif,8.4,117.73,1133.6,134.9
Banana,Tamil Nadu,Kharif,11.42,398.36,1405.5,215.6
Wheat,Goa,Kharif,24.36,117.42,541.3,157.8
Grapes,Maharashtra,Whole Year,42.58,703.37,844.4,144.7
Rice,Haryana,Whole Year,10.1,30.01,1217.8,82.9
Tomato,Gujarat,Zaid,11.93,324.13,736.5,191.3
Banana,Punjab,Rabi,49.16,1982.87,1264.5,228.4
Apple,Gujarat,Whole Year,40.15,456.9,597.9,110.6
Chickpea,Uttar Pradesh,Whole Year,32.29,45.36,475.7,22.1
Wheat,Haryana,Whole Year,0.67,3.14,740.7,100.4
Grapes,Gujarat,Rabi,29.24,425.85,677.7,139.9
Rice,Maharashtra,Rabi,11.19,44.92,898.6,134.2
Cotton,Karnataka,Whole Year,7.17,15.33,737.0,83.7
Chickpea,Tamil Nadu,Zaid,46.16,75.16,499.3,35.2
Potato,Karnataka,Kharif,22.11,386.13,782.4,161.7
Chickpea,Punjab,Zaid,9.07,15.49,519.2,46.7
Cotton,Madhya Pradesh,Whole Year,7.86,20.94,883.3,101.6
Maize,Karnataka,Rabi,44.66,165.3,558.6,94.9
Maize,Rajasthan,Whole Year,3.63,12.24,784.7,85.8
Potato,Goa,Zaid,4.02,85.15,794.4,208.3
Maize,Tamil Nadu,Kharif,45.79,259.29,454.5,131.7
Wheat,Haryana,Whole Year,28.65,78.68,481.9,115.2
Banana,Madhya Pradesh,Kharif,26.31,911.5,1034.0,212.2
Tomato,Gujarat,Rabi,13.82,244.34,588.3,146.4
Maize,Karnataka,Rabi,40.96,144.72,507.8,115.6
Maize,Karnataka,Rabi,30.46,156.33,1090.4,126.6
Rice,Punjab,Zaid,16.42,54.16,944.9,97.1
Apple,Goa,Rabi,1.15,14.57,1035.5,91.3
Chickpea,Punjab,Rabi,43.06,95.34,402.8,72.7
Tomato,Punjab,Rabi,37.15,1041.64,604.3,155.8
Grapes,Rajasthan,Whole Year,49.3,577.92,539.2,94.4
Maize,Tamil Nadu,Zaid,19.84,119.22,971.0,172.7
Wheat,Goa,Kharif,24.89,114.28,863.9,121.7
Grapes,Karnataka,Whole Year,17.62,277.38,677.0,164.4
Tomato,Punjab,Rabi,33.84,796.04,718.6,153.7
Wheat,Rajasthan,Whole Year,3.38,16.81,495.3,139.2
Chickpea,Rajasthan,Kharif,42.16,81.25,526.5,20.0
Chickpea,Karnataka,Whole Year,7.41,14.48,440.3,78.7
Wheat,Uttar Pradesh,Kharif,46.25,198.18,723.7,154.6
Wheat,Haryana,Kharif,48.69,150.03,751.8,136.7
Wheat,Madhya Pradesh,Zaid,35.32,168.87,719.9,112.7
Apple,Karnataka,Zaid,44.48,466.37,832.7,113.1
Apple,Rajasthan,Whole Year,29.49,334.7,1132.2,85.2
Cotton,Haryana,Zaid,44.1,106.48,686.9,92.5
Rice,Punjab,Kharif,14.4,36.09,985.4,106.5
Apple,Uttar Pradesh,Rabi,32.42,280.49,901.2,59.7
Wheat,Punjab,Whole Year,22.69,81.25,200.0,182.6
Cotton,Maharashtra,Whole Year,3.53,6.36,745.2,90.4
Banana,Tamil Nadu,Rabi,38.7,1171.12,1051.4,176.1
Cotton,Tamil Nadu,Whole Year,49.14,138.22,811.7,138.8
Tomato,Punjab,Whole Year,47.59,686.33,917.1,172.7
Apple,Haryana,Zaid,42.37,487.02,1096.1,92.4
Apple,Haryana,Rabi,48.66,633.33,1122.6,144.1
Banana,Karnataka,Zaid,8.14,237.82,1048.0,187.4
Rice,Uttar Pradesh,Whole Year,23.43,60.62,1064.3,89.2
Rice,Madhya Pradesh,Whole Year,11.2,31.72,1094.2,135.1
Tomato,Uttar Pradesh,Whole Year,40.55,1082.08,827.0,198.7
Cotton,Rajasthan,Rabi,14.71,37.51,893.4,71.0
Wheat,Gujarat,Whole Year,29.14,127.25,800.3,127.5
Cotton,Haryana,Zaid,1.16,2.96,844.0,118.5
Tomato,Haryana,Kharif,35.57,643.92,805.7,118.2
Cotton,Rajasthan,Rabi,21.08,46.56,1061.6,68.8
Potato,Punjab,Rabi,35.56,472.74,546.1,124.9
Chickpea,Goa,Zaid,25.45,51.29,345.6,85.8
Potato,Uttar Pradesh,Whole Year,24.6,498.2,525.0,183.9
Tomato,Tamil Nadu,Rabi,36.74,969.07,1116.9,134.2
Cotton,Gujarat,Kharif,45.12,93.16,684.1,85.2
Maize,Goa,Whole Year,35.45,132.07,992.9,101.5
Wheat,Uttar Pradesh,Zaid,38.44,151.97,497.2,133.4
Maize,Uttar Pradesh,Whole Year,42.79,201.35,682.6,107.3
Wheat,Haryana,Zaid,16.71,39.71,562.8,145.2
Rice,Madhya Pradesh,Kharif,17.23,62.56,751.7,127.5
Maize,Maharashtra,Zaid,3.34,13.93,561.1,146.9
Maize,Goa,Kharif,15.6,68.13,885.3,95.0
Cotton,Goa,Kharif,19.75,49.59,862.1,133.2
Apple,Uttar Pradesh,Rabi,34.5,322.74,1022.7,101.7
Rice,Uttar Pradesh,Zaid,30.85,119.84,989.5,122.1
Rice,Uttar Pradesh,Kharif,3.59,11.87,844.2,115.3
Potato,Punjab,Rabi,3.19,55.6,311.2,122.9
Rice,Gujarat,Whole Year,11.09,48.34,1070.1,134.5
Wheat,Goa,Kharif,15.04,53.66,285.3,113.4
Potato,Rajasthan,Zaid,10.42,174.94,473.7,141.3
Apple,Goa,Whole Year,43.07,424.12,624.6,84.7
Tomato,Gujarat,Rabi,15.3,287.86,784.7,131.6
Grapes,Madhya Pradesh,Kharif,7.3,134.65,890.6,167.8
Maize,Uttar Pradesh,Kharif,20.77,106.99,925.8,71.2
Rice,Gujarat,Whole Year,13.42,45.93,1198.4,120.5
Maize,Karnataka,Rabi,21.28,101.16,586.0,63.3
Apple,Goa,Rabi,42.02,469.19,899.9,62.7
Maize,Gujarat,Zaid,32.51,131.8,633.5,97.2
Wheat,Uttar Pradesh,Rabi,46.23,173.84,286.7,115.9
Grapes,Rajasthan,Kharif,22.86,333.04,780.4,166.8
Cotton,Goa,Kharif,7.84,20.0,757.4,58.7
Maize,Madhya Pradesh,Rabi,1.57,7.9,805.6,126.1
Rice,Gujarat,Whole Year,45.15,177.9,1018.1,130.5
Chickpea,Tamil Nadu,Whole Year,39.95,73.16,237.8,36.3
Cotton,Haryana,Zaid,34.59,86.35,632.3,120.9
Wheat,Haryana,Kharif,38.53,148.14,499.7,172.0
Wheat,Goa,Zaid,36.21,128.75,417.4,133.1
Wheat,Goa,Whole Year,36.93,108.25,259.4,140.8
Banana,Goa,Rabi,17.98,661.74,1196.7,200.5
Maize,Gujarat,Whole Year,32.02,159.8,715.7,156.9
Banana,Goa,Zaid,16.82,533.83,1315.2,175.6
Banana,Madhya Pradesh,Kharif,30.42,1228.3,1183.7,201.8
Maize,Punjab,Kharif,22.68,76.19,357.5,77.3
Grapes,Karnataka,Kharif,4.28,78.01,672.8,151.7
Apple,Haryana,Whole Year,25.86,200.97,815.4,110.9
Wheat,Haryana,Rabi,33.02,128.86,654.2,124.1
Grapes,Madhya Pradesh,Zaid,19.28,251.04,713.2,140.7
Banana,Gujarat,Rabi,4.22,159.36,1445.6,215.6
Potato,Madhya Pradesh,Kharif,7.61,83.14,590.0,121.8
Grapes,Haryana,Zaid,10.84,209.51,717.8,148.4
Tomato,Goa,Rabi,31.79,615.17,811.3,155.2
Apple,Karnataka,Whole Year,33.57,356.25,671.2,91.1
Cotton,Tamil Nadu,Zaid,10.87,21.64,844.9,82.4
Wheat,Punjab,Kharif,1.39,5.22,450.0,132.1
Cotton,Maharashtra,Zaid,32.74,80.67,806.1,92.0
Wheat,Haryana,Whole Year,19.72,75.03,447.5,127.0
Rice,Uttar Pradesh,Rabi,20.93,91.76,946.0,102.1
Chickpea,Maharashtra,Rabi,39.9,63.47,408.2,27.2
Maize,Karnataka,Whole Year,24.58,104.74,650.3,103.8
Apple,Tamil Nadu,Zaid,33.33,422.34,1055.6,57.2
Tomato,Rajasthan,Kharif,11.71,177.53,409.6,128.9
Banana,Tamil Nadu,Zaid,7.59,314.9,1587.0,193.9
Cotton,Goa,Kharif,18.94,36.28,696.6,44.8
Tomato,Goa,Kharif,15.12,310.42,552.8,166.3
Apple,Maharashtra,Rabi,25.13,287.53,734.4,82.1
Wheat,Haryana,Kharif,39.09,181.79,626.2,149.3
Tomato,Punjab,Rabi,38.42,890.64,857.2,147.6
Chickpea,Punjab,Rabi,29.91,48.7,358.2,53.3
Tomato,Uttar Pradesh,Kharif,48.94,1247.43,1116.0,161.8
Banana,Punjab,Whole Year,37.06,1113.13,1075.1,184.7
Rice,Gujarat,Kharif,28.79,123.62,940.1,174.4
Cotton,Karnataka,Kharif,11.15,27.27,839.2,80.6
Chickpea,Madhya Pradesh,Whole Year,33.14,71.07,353.8,35.7
Grapes,Madhya Pradesh,Whole Year,4.49,81.01,768.6,164.6
Maize,Maharashtra,Kharif,47.94,225.59,1002.7,121.5
Chickpea,Tamil Nadu,Rabi,18.87,28.52,232.4,64.4
Wheat,Punjab,Kharif,2.99,7.35,691.1,100.0
Rice,Punjab,Whole Year,16.47,41.53,550.9,109.9
Maize,Madhya Pradesh,Rabi,45.16,208.11,907.7,97.7
Chickpea,Gujarat,Rabi,36.34,66.0,609.9,29.2
Maize,Rajasthan,Kharif,6.95,23.33,519.6,110.9
Grapes,Uttar Pradesh,Zaid,30.51,445.1,657.0,119.4
Cotton,Madhya Pradesh,Zaid,4.39,6.65,857.8,128.6
Rice,Karnataka,Rabi,7.2,20.24,782.5,126.6
Cotton,Maharashtra,Whole Year,34.54,54.96,700.5,69.7
Wheat,Maharashtra,Zaid,27.36,109.46,288.4,135.1
Banana,Haryana,Kharif,30.84,1089.44,1000.6,255.9
Apple,Tamil Nadu,Kharif,7.43,85.3,854.9,36.9
Tomato,Gujarat,Whole Year,46.01,1187.2,761.6,178.0
Wheat,Karnataka,Whole Year,32.54,146.57,756.8,193.7
Banana,Punjab,Kharif,33.12,889.2,1139.1,163.7
Chickpea,Gujarat,Rabi,4.53,7.82,272.8,61.3
Apple,Punjab,Kharif,13.34,143.36,884.9,121.0
Rice,Haryana,Zaid,35.27,114.2,718.2,149.4
Banana,Karnataka,Zaid,3.72,133.56,1202.4,199.0
Grapes,Punjab,Whole Year,0.73,10.66,644.7,155.3
Rice,Haryana,Kharif,3.46,12.96,908.3,109.8
Cotton,Tamil Nadu,Zaid,17.24,38.25,927.0,73.8
Cotton,Goa,Kharif,13.45,26.42,892.8,77.0
Grapes,Rajasthan,Kharif,49.77,710.81,681.9,156.0
Tomato,Madhya Pradesh,Zaid,33.4,899.86,832.0,173.2
Banana,Haryana,Rabi,6.55,206.64,1273.7,224.2
Grapes,Maharashtra,Whole Year,34.93,629.6,439.5,201.2
Wheat,Rajasthan,Whole Year,49.24,187.14,323.9,140.8
Grapes,Karnataka,Kharif,45.78,650.82,845.8,138.0
Grapes,Goa,Zaid,2.95,50.54,299.6,133.5
Maize,Haryana,Rabi,30.63,121.68,749.0,83.2
Maize,Goa,Rabi,19.22,103.5,821.5,107.5
Rice,Goa,Rabi,30.39,116.09,1098.3,126.3
Grapes,Maharashtra,Whole Year,40.37,721.38,580.6,165.4
Rice,Uttar Pradesh,Kharif,10.37,36.49,1162.4,147.8
Potato,Goa,Zaid,20.04,287.4,635.9,145.8
Chickpea,Karnataka,Zaid,42.98,86.79,448.2,89.9
Chickpea,Haryana,Rabi,37.62,55.59,251.0,35.6
Grapes,Maharashtra,Kharif,29.95,478.71,751.0,145.5
Tomato,Tamil Nadu,Rabi,23.42,554.74,699.4,168.7
Cotton,Maharashtra,Zaid,27.17,73.36,905.7,127.1
Apple,Goa,Whole Year,16.54,156.89,674.5,107.4
Grapes,Karnataka,Whole Year,12.49,203.89,648.4,151.4
Grapes,Uttar Pradesh,Rabi,3.53,69.12,758.9,181.9
Potato,Haryana,Zaid,43.61,753.42,478.9,152.4
Apple,Punjab,Rabi,16.5,227.4,1133.7,79.9
Cotton,Rajasthan,Rabi,27.24,46.66,985.4,103.0
Banana,Haryana,Whole Year,39.16,1328.57,1003.4,214.7
Maize,Rajasthan,Rabi,37.22,163.89,799.3,102.2
Apple,Haryana,Zaid,2.26,31.09,809.7,133.6
Apple,Karnataka,Zaid,2.68,25.63,654.7,104.1
Cotton,Tamil Nadu,Whole Year,38.51,94.23,966.8,86.3
Chickpea,Karnataka,Whole Year,24.31,54.17,429.0,20.8
Tomato,Haryana,Zaid,14.31,335.17,700.9,162.8
Maize,Tamil Nadu,Zaid,6.88,31.59,631.6,129.1
Grapes,Goa,Kharif,3.72,58.11,757.9,131.8
Cotton,Goa,Zaid,19.98,38.09,686.1,102.0
Apple,Haryana,Kharif,1.17,15.25,888.1,123.6
Rice,Madhya Pradesh,Rabi,8.39,27.42,1134.8,112.3
Grapes,Punjab,Rabi,12.79,231.09,767.9,136.6
Grapes,Haryana,Rabi,29.66,493.39,944.0,126.9
Wheat,Rajasthan,Zaid,15.0,54.42,555.4,103.9
Cotton,Haryana,Kharif,3.59,8.14,793.6,100.9
Chickpea,Haryana,Kharif,37.24,55.34,598.5,27.2
Banana,Karnataka,Zaid,0.95,39.95,1255.1,172.3
Wheat,Maharashtra,Rabi,36.57,171.87,605.1,121.2
Cotton,Rajasthan,Rabi,27.99,53.15,753.3,110.4
Cotton,Uttar Pradesh,Zaid,5.0,11.6,760.6,34.8
Potato,Gujarat,Rabi,8.12,121.72,705.0,121.9
Wheat,Uttar Pradesh,Rabi,21.17,79.46,606.2,132.7
Chickpea,Karnataka,Zaid,16.69,32.92,387.7,54.3
Tomato,Madhya Pradesh,Rabi,21.03,577.45,758.5,165.9
Rice,Maharashtra,Whole Year,6.74,23.34,896.4,136.6
Potato,Madhya Pradesh,Zaid,0.99,24.56,612.0,148.1
Apple,Rajasthan,Kharif,1.92,19.48,594.6,109.3
Rice,Uttar Pradesh,Kharif,13.98,28.89,950.5,71.7
Maize,Gujarat,Kharif,27.0,107.23,471.9,88.2
Grapes,Tamil Nadu,Whole Year,14.7,220.05,695.4,140.0
Banana,Karnataka,Zaid,35.34,1535.78,1277.0,165.1
Cotton,Punjab,Kharif,33.19,57.47,736.1,100.2
Maize,Rajasthan,Whole Year,32.08,153.06,768.0,87.3
Banana,Madhya Pradesh,Whole Year,23.53,951.33,1320.0,206.5
Banana,Rajasthan,Whole Year,6.78,242.48,1101.2,212.7
Chickpea,Punjab,Rabi,9.72,17.64,452.6,28.8
Chickpea,Maharashtra,Kharif,1.9,3.75,253.5,92.0
Rice,Gujarat,Rabi,7.36,31.76,1113.8,157.0
Grapes,Madhya Pradesh,Zaid,18.8,260.77,844.8,154.7
Potato,Maharashtra,Kharif,44.43,484.9,599.0,115.4
Banana,Karnataka,Whole Year,19.98,735.33,1383.1,230.8
Tomato,Rajasthan,Rabi,42.03,911.65,739.1,150.7
Potato,Gujarat,Zaid,28.14,509.36,683.7,153.2
Chickpea,Maharashtra,Whole Year,13.63,23.95,516.9,73.6
Banana,Tamil Nadu,Rabi,24.23,841.15,996.3,233.4
Grapes,Tamil Nadu,Zaid,47.89,763.09,541.5,164.2
Rice,Tamil Nadu,Rabi,27.89,95.43,870.9,133.6
Potato,Karnataka,Zaid,35.65,842.3,517.2,146.1
Tomato,Haryana,Zaid,17.86,372.52,900.7,140.9
Tomato,Madhya Pradesh,Whole Year,39.57,911.96,765.4,132.8
Apple,Rajasthan,Zaid,20.32,379.92,1134.3,123.0
Tomato,Haryana,Kharif,28.72,663.86,650.5,166.3
Grapes,Tamil Nadu,Rabi,44.2,552.74,788.9,133.3
Rice,Punjab,Whole Year,37.84,119.77,1128.4,179.2
Potato,Tamil Nadu,Kharif,11.2,237.44,722.4,132.3
Chickpea,Goa,Rabi,27.23,33.33,557.0,20.0
Rice,Karnataka,Zaid,14.19,47.82,1166.8,117.8
Rice,Gujarat,Rabi,39.98,117.61,1021.9,82.3
Potato,Haryana,Whole Year,25.42,400.67,467.2,165.7
Rice,Gujarat,Kharif,12.76,39.41,1025.5,69.5
Maize,Madhya Pradesh,Zaid,9.47,43.89,729.1,80.3
Tomato,Karnataka,Zaid,30.02,688.35,790.2,154.6
Chickpea,Gujarat,Rabi,33.11,57.33,758.5,20.0
Wheat,Gujarat,Zaid,16.08,67.31,615.4,146.4
Maize,Haryana,Zaid,40.95,142.55,736.9,125.2
Chickpea,Uttar Pradesh,Zaid,6.78,10.82,358.1,41.7
Wheat,Tamil Nadu,Kharif,24.06,117.97,669.0,97.4
Wheat,Maharashtra,Zaid,28.86,121.73,690.6,154.5
Wheat,Punjab,Kharif,26.34,108.5,383.2,114.1
Banana,Goa,Kharif,18.2,765.8,1188.4,205.7
Tomato,Uttar Pradesh,Kharif,23.73,459.58,624.2,170.1
Apple,Uttar Pradesh,Kharif,16.75,233.89,1056.3,117.0
Apple,Karnataka,Whole Year,21.02,311.4,1145.3,147.4
Maize,Punjab,Whole Year,6.26,22.11,503.5,89.0
Grapes,Tamil Nadu,Rabi,33.7,597.71,924.0,158.8
Tomato,Maharashtra,Whole Year,0.53,13.3,713.2,189.2
Cotton,Karnataka,Kharif,38.85,76.08,503.1,110.6
Tomato,Rajasthan,Rabi,41.49,803.5,791.2,183.7
Cotton,Goa,Rabi,37.12,69.51,745.1,29.2
Wheat,Madhya Pradesh,Zaid,13.56,56.31,521.5,107.9
Banana,Haryana,Rabi,27.96,714.81,846.6,216.8
Banana,Karnataka,Kharif,20.06,761.02,1285.8,192.4
Maize,Rajasthan,Rabi,15.39,61.87,642.5,121.8
Banana,Maharashtra,Kharif,32.99,993.1,1315.2,181.8
Banana,Haryana,Rabi,46.98,1718.63,1231.2,221.3
Grapes,Punjab,Whole Year,5.84,70.87,446.7,123.6
Tomato,Gujarat,Rabi,3.43,63.93,394.6,151.7
Chickpea,Uttar Pradesh,Rabi,21.42,38.45,535.1,73.1
Grapes,Karnataka,Whole Year,23.04,345.49,566.6,141.2
Chickpea,Tamil Nadu,Zaid,29.87,64.45,595.3,88.5
Maize,Gujarat,Kharif,14.41,45.76,812.5,97.7
Apple,Haryana,Zaid,39.76,536.64,987.6,93.7
Cotton,Haryana,Rabi,46.14,103.26,844.2,106.7
Potato,Tamil Nadu,Zaid,27.9,430.5,457.1,163.4
Cotton,Tamil Nadu,Rabi,31.37,50.86,826.0,91.5
Chickpea,Haryana,Zaid,35.92,67.63,565.9,61.4
Tomato,Goa,Whole Year,42.14,958.52,647.6,219.4
Tomato,Punjab,Kharif,7.43,151.6,738.6,150.1
Apple,Goa,Kharif,39.86,425.88,818.0,64.8
Rice,Haryana,Rabi,11.09,52.82,1330.3,150.7
Cotton,Uttar Pradesh,Rabi,25.11,50.05,695.6,70.6
Wheat,Haryana,Whole Year,12.37,43.67,475.2,174.6
Potato,Gujarat,Zaid,22.34,447.39,713.6,137.5
Tomato,Punjab,Zaid,32.6,487.53,852.5,155.0
Apple,Gujarat,Kharif,7.81,86.13,1029.1,102.6
Wheat,Gujarat,Zaid,36.88,164.14,220.0,109.1
Cotton,Punjab,Kharif,18.91,44.32,836.2,72.0
Maize,Karnataka,Whole Year,39.38,163.37,676.9,147.8
Grapes,Tamil Nadu,Whole Year,4.33,67.6,842.6,144.3
Maize,Punjab,Zaid,14.82,43.55,468.9,86.1
Banana,Rajasthan,Rabi,21.16,694.42,1151.9,221.6
Apple,Madhya Pradesh,Kharif,6.69,74.83,912.8,82.1
Tomato,Haryana,Zaid,20.83,585.57,952.4,153.2
Apple,Haryana,Zaid,42.93,421.2,949.1,59.7
Chickpea,Uttar Pradesh,Kharif,25.92,45.24,496.4,43.8
Rice,Uttar Pradesh,Zaid,4.66,17.71,1100.9,125.8
Tomato,Gujarat,Kharif,2.73,43.44,655.6,143.8
Wheat,Haryana,Whole Year,3.27,12.12,794.3,108.7
Tomato,Punjab,Zaid,19.85,409.73,798.0,130.2
Cotton,Punjab,Kharif,27.4,68.48,1011.4,85.1
Apple,Haryana,Kharif,3.68,38.82,836.3,86.8
Wheat,Madhya Pradesh,Rabi,3.48,10.59,453.8,151.9
Rice,Maharashtra,Whole Year,21.53,94.65,769.4,118.8
Potato,Maharashtra,Kharif,31.26,553.25,575.7,125.9
Potato,Tamil Nadu,Whole Year,40.74,759.59,556.5,142.8
Tomato,Maharashtra,Whole Year,47.34,1387.99,865.1,198.2
Chickpea,Madhya Pradesh,Rabi,28.93,51.3,497.6,23.8
Chickpea,Tamil Nadu,Rabi,32.34,60.91,656.4,58.8
Wheat,Rajasthan,Whole Year,21.54,63.51,580.1,119.9
Banana,Punjab,Kharif,49.37,1458.59,1179.9,194.1
Banana,Goa,Rabi,26.12,900.15,1040.7,226.4
Chickpea,Maharashtra,Zaid,27.74,53.62,653.0,57.3
Wheat,Maharashtra,Rabi,4.82,21.15,605.1,153.4
Chickpea,Madhya Pradesh,Rabi,28.88,46.63,234.8,22.8
Wheat,Madhya Pradesh,Whole Year,46.62,209.99,637.9,116.4
Banana,Goa,Whole Year,46.49,1652.05,1026.3,195.4
Cotton,Karnataka,Zaid,7.63,12.89,686.2,64.6
Rice,Maharashtra,Rabi,35.26,128.95,1175.5,116.5
Cotton,Tamil Nadu,Rabi,45.31,98.88,571.2,78.9
Wheat,Karnataka,Whole Year,5.49,20.05,517.6,110.5
Tomato,Rajasthan,Kharif,6.04,136.35,726.4,181.0
Potato,Haryana,Zaid,39.0,879.09,916.0,162.1
Cotton,Rajasthan,Kharif,26.27,53.0,800.5,87.8
Tomato,Punjab,Kharif,0.6,10.72,667.1,136.3
Apple,Karnataka,Kharif,34.9,496.01,739.3,116.3
Cotton,Maharashtra,Zaid,36.19,82.69,803.1,108.8
Tomato,Punjab,Whole Year,28.56,721.04,790.5,146.1
Apple,Madhya Pradesh,Kharif,26.97,324.06,670.0,82.4
Potato,Tamil Nadu,Zaid,13.49,207.8,432.0,158.1
Wheat,Tamil Nadu,Rabi,31.62,110.78,391.3,108.5
Maize,Karnataka,Zaid,25.41,90.03,602.4,103.3
Grapes,Tamil Nadu,Zaid,22.86,325.31,675.2,134.3
Apple,Haryana,Kharif,48.61,491.29,976.2,129.0
Grapes,Tamil Nadu,Zaid,5.91,87.61,740.8,153.1
Maize,Madhya Pradesh,Whole Year,14.12,54.82,701.2,72.6
Grapes,Maharashtra,Rabi,10.74,139.44,432.3,112.0
Wheat,Karnataka,Rabi,23.45,89.78,437.4,124.2
Rice,Karnataka,Kharif,0.85,2.99,934.8,92.4
Apple,Rajasthan,Zaid,6.1,61.23,649.2,91.3
Chickpea,Tamil Nadu,Zaid,27.07,49.03,490.1,23.2
Tomato,Goa,Zaid,40.87,705.23,863.9,118.5
Maize,Karnataka,Zaid,14.33,53.5,692.7,149.0
Maize,Rajasthan,Kharif,22.6,85.42,752.2,81.5
Banana,Goa,Zaid,35.23,1187.28,1441.9,197.6
Banana,Karnataka,Rabi,42.67,1653.96,1413.0,201.5
Apple,Madhya Pradesh,Zaid,17.07,157.29,975.8,59.8
Cotton,Maharashtra,Zaid,44.2,143.8,676.6,125.2
Wheat,Punjab,Rabi,21.19,88.2,380.5,166.7
Potato,Punjab,Kharif,3.05,62.54,717.5,168.8
Chickpea,Maharashtra,Kharif,8.44,15.22,431.6,81.3
Cotton,Karnataka,Whole Year,8.98,21.26,928.8,81.3
Apple,Madhya Pradesh,Rabi,35.28,314.44,1019.3,107.3
Rice,Uttar Pradesh,Kharif,14.43,64.43,1032.8,127.8
Cotton,Karnataka,Rabi,14.63,32.35,1033.6,51.8
Wheat,Goa,Zaid,43.02,203.73,751.4,142.2
Banana,Goa,Rabi,17.51,587.34,1236.3,210.0
Chickpea,Punjab,Zaid,4.82,8.33,342.7,49.3
Chickpea,Rajasthan,Rabi,46.26,78.36,514.4,20.0
Maize,Tamil Nadu,Whole Year,24.99,81.66,733.0,101.6
Maize,Goa,Rabi,31.9,143.35,684.6,158.2
Wheat,Maharashtra,Zaid,19.14,88.88,503.6,105.9
Tomato,Gujarat,Kharif,27.75,715.64,878.2,185.9
Grapes,Punjab,Zaid,30.1,400.3,432.5,131.0
Maize,Gujarat,Rabi,34.33,155.98,857.3,104.1
Apple,Madhya Pradesh,Rabi,37.92,485.08,1079.6,140.3
Tomato,Punjab,Whole Year,4.94,127.86,957.8,115.1
Tomato,Karnataka,Zaid,37.37,868.87,976.4,125.8
Chickpea,Maharashtra,Kharif,17.32,39.98,692.2,54.0
Maize,Punjab,Kharif,9.18,44.2,771.0,126.3
Grapes,Rajasthan,Whole Year,48.3,610.15,641.7,130.0
Maize,Rajasthan,Rabi,12.58,46.05,645.0,101.7
Grapes,Maharashtra,Zaid,45.91,735.17,601.4,143.4
Wheat,Goa,Zaid,42.81,159.84,483.0,89.4
Rice,Tamil Nadu,Zaid,18.88,48.82,974.1,112.2
Potato,Goa,Kharif,9.23,186.24,697.1,158.9
Banana,Karnataka,Kharif,47.85,1897.26,1230.2,226.0
Chickpea,Maharashtra,Kharif,10.15,14.66,553.1,53.9
Maize,Gujarat,Kharif,46.46,128.35,938.0,87.7
Grapes,Karnataka,Rabi,37.18,575.41,825.8,136.5
Chickpea,Maharashtra,Kharif,28.35,47.59,469.4,39.9
Chickpea,Gujarat,Zaid,5.37,10.99,347.5,50.8
Tomato,Rajasthan,Zaid,33.75,636.49,730.0,195.6
Wheat,Rajasthan,Kharif,22.23,92.6,472.4,116.9
Cotton,Rajasthan,Kharif,37.58,81.98,684.6,64.8
Apple,Rajasthan,Rabi,4.95,48.65,806.8,123.5
Maize,Rajasthan,Zaid,14.67,71.44,817.5,192.1
Cotton,Punjab,Whole Year,47.46,121.94,781.3,111.7
Wheat,Madhya Pradesh,Whole Year,6.34,25.24,513.7,134.0
Cotton,Gujarat,Rabi,24.59,47.26,1090.7,53.8
Potato,Goa,Zaid,5.0,70.04,568.1,116.0
Cotton,Punjab,Kharif,8.74,22.64,903.2,88.7
Rice,Rajasthan,Whole Year,5.18,18.76,954.2,140.4
Chickpea,Uttar Pradesh,Whole Year,26.51,49.2,200.0,60.2
Potato,Goa,Zaid,38.57,665.35,906.1,113.6
Banana,Goa,Rabi,41.99,1266.33,1084.5,195.4
Banana,Tamil Nadu,Whole Year,7.79,251.86,1341.1,256.9
Maize,Goa,Rabi,12.28,56.05,879.0,147.6
Potato,Madhya Pradesh,Kharif,5.7,134.47,597.8,157.7
Apple,Goa,Kharif,39.45,427.27,921.9,80.1
Maize,Gujarat,Kharif,10.26,36.62,1028.7,74.2
Banana,Punjab,Rabi,45.96,1404.0,938.9,205.5
Apple,Goa,Whole Year,12.08,155.38,776.3,110.5
Maize,Rajasthan,Rabi,18.06,94.29,874.0,103.3
Apple,Goa,Rabi,20.01,240.5,911.5,85.3
Rice,Maharashtra,Zaid,34.9,129.5,1002.2,135.5
Tomato,Punjab,Whole Year,13.78,360.06,767.3,153.9
Cotton,Maharashtra,Zaid,24.22,62.47,905.2,106.2
Cotton,Haryana,Kharif,39.96,74.19,847.8,86.2
Grapes,Maharashtra,Rabi,40.2,557.84,232.6,171.7
Apple,Rajasthan,Zaid,24.7,312.88,695.4,128.5
Grapes,Maharashtra,Kharif,22.96,375.84,594.7,123.0
Potato,Maharashtra,Rabi,38.64,536.92,294.8,155.0
Wheat,Tamil Nadu,Zaid,27.46,146.22,567.3,154.4
Maize,Tamil Nadu,Kharif,32.38,196.42,648.7,152.1
Wheat,Goa,Zaid,7.75,26.75,355.6,130.6
Grapes,Gujarat,Whole Year,23.37,420.22,891.1,83.6
Wheat,Karnataka,Zaid,2.14,8.16,465.8,104.6
Apple,Rajasthan,Rabi,19.78,199.73,636.7,76.0
Banana,Uttar Pradesh,Zaid,29.12,1019.12,1141.7,192.0
Potato,Maharashtra,Kharif,21.31,415.54,554.5,185.7
Grapes,Karnataka,Whole Year,19.68,286.1,733.1,158.2
Banana,Gujarat,Rabi,37.35,1124.47,1282.1,202.4
Tomato,Haryana,Zaid,9.78,219.29,964.7,191.6
Cotton,Goa,Rabi,26.4,55.56,896.3,94.8
Chickpea,Punjab,Whole Year,19.46,28.41,474.5,62.0
Chickpea,Karnataka,Zaid,41.63,83.5,285.0,61.5
Potato,Karnataka,Rabi,11.16,234.02,575.8,133.2
Rice,Karnataka,Rabi,41.83,120.64,838.1,132.4
Apple,Tamil Nadu,Kharif,22.26,278.21,959.2,85.0
Apple,Punjab,Rabi,48.55,552.02,724.9,78.9
Grapes,Tamil Nadu,Whole Year,42.55,697.97,973.6,135.5
Maize,Karnataka,Rabi,1.33,4.48,524.4,155.4
Banana,Punjab,Rabi,43.94,1939.19,1378.4,172.0
Potato,Maharashtra,Rabi,23.2,319.35,530.9,130.4
Maize,Punjab,Kharif,47.99,196.56,807.8,64.7
Potato,Rajasthan,Zaid,48.24,1027.74,390.0,150.3
Wheat,Punjab,Whole Year,28.57,89.21,580.0,117.4
Potato,Madhya Pradesh,Kharif,26.57,503.4,643.7,145.2
Apple,Madhya Pradesh,Rabi,1.3,13.42,974.2,103.9
Banana,Karnataka,Zaid,38.36,1409.3,1217.1,204.9
Banana,Uttar Pradesh,Kharif,44.46,1164.94,1009.0,201.8
Potato,Madhya Pradesh,Zaid,2.31,43.66,722.6,94.6
Cotton,Gujarat,Rabi,8.92,14.44,846.0,111.1
Maize,Goa,Rabi,4.79,19.65,725.6,84.3
Tomato,Gujarat,Kharif,26.33,583.39,805.3,154.4
Chickpea,Madhya Pradesh,Kharif,27.56,55.79,354.1,53.0
Chickpea,Gujarat,Zaid,34.82,50.32,250.4,39.2
Tomato,Rajasthan,Kharif,30.78,691.37,899.1,151.3
Tomato,Tamil Nadu,Zaid,13.5,312.51,562.7,155.3
Maize,Uttar Pradesh,Kharif,36.11,179.71,685.0,93.7
Rice,Gujarat,Rabi,13.96,33.55,755.8,132.7
Chickpea,Uttar Pradesh,Kharif,11.56,21.63,268.1,48.4
Wheat,Karnataka,Zaid,2.67,9.65,524.8,131.1
Cotton,Tamil Nadu,Zaid,3.68,9.5,1226.4,133.5
Banana,Karnataka,Zaid,3.51,120.76,1214.6,208.8
Tomato,Tamil Nadu,Zaid,5.76,93.68,587.3,139.2
Chickpea,Madhya Pradesh,Whole Year,13.41,14.73,372.0,60.1
Wheat,Uttar Pradesh,Rabi,36.23,177.16,494.3,141.1
Cotton,Gujarat,Kharif,35.75,48.57,578.2,99.3
Chickpea,Gujarat,Zaid,23.86,46.27,356.2,32.0
Banana,Karnataka,Rabi,9.97,297.27,1370.1,199.8
Banana,Karnataka,Kharif,40.81,1111.11,1308.1,224.1
Grapes,Tamil Nadu,Kharif,14.25,241.37,664.0,173.1
Grapes,Tamil Nadu,Zaid,34.73,435.68,841.3,118.4
Apple,Madhya Pradesh,Kharif,46.25,517.48,1023.1,120.8
Apple,Tamil Nadu,Kharif,31.0,449.26,934.7,149.6
Rice,Haryana,Rabi,19.88,58.12,1317.7,81.8
Wheat,Madhya Pradesh,Kharif,15.07,55.07,350.8,155.6
Rice,Madhya Pradesh,Whole Year,17.11,53.59,1154.1,139.7
Chickpea,Maharashtra,Whole Year,38.95,67.37,606.7,77.3
Chickpea,Rajasthan,Zaid,30.27,50.17,231.5,90.0
Tomato,Rajasthan,Zaid,32.03,722.4,622.0,172.0
Apple,Rajasthan,Rabi,13.6,184.16,871.9,106.0
Apple,Uttar Pradesh,Kharif,15.72,220.89,934.7,94.3
Banana,Gujarat,Whole Year,17.1,540.2,1317.9,219.8
Apple,Haryana,Kharif,47.76,455.31,768.2,113.1
Potato,Haryana,Whole Year,18.97,366.83,464.4,148.2
Apple,Rajasthan,Zaid,24.95,248.78,614.6,120.4
Grapes,Gujarat,Whole Year,10.26,149.97,580.6,103.5
Tomato,Uttar Pradesh,Kharif,47.89,1218.23,661.5,153.9
Rice,Tamil Nadu,Whole Year,47.88,143.92,1185.5,62.4
Chickpea,Madhya Pradesh,Zaid,48.48,105.04,370.9,48.0
Grapes,Haryana,Kharif,18.16,277.32,651.8,109.2
Cotton,Maharashtra,Kharif,6.43,12.11,662.0,49.7
Tomato,Gujarat,Rabi,6.55,124.85,627.7,137.8
Banana,Maharashtra,Zaid,29.94,1235.21,1148.6,216.2
Banana,Maharashtra,Rabi,36.71,1519.74,1012.2,175.1
Grapes,Madhya Pradesh,Whole Year,12.75,123.72,453.4,123.6
Maize,Karnataka,Kharif,42.44,178.32,648.8,136.9
Wheat,Punjab,Rabi,2.2,8.89,651.9,126.0
Apple,Haryana,Kharif,32.8,504.79,920.1,158.6
Apple,Madhya Pradesh,Rabi,18.11,206.56,894.5,120.1
Tomato,Uttar Pradesh,Kharif,26.75,561.23,826.5,168.3
Rice,Goa,Rabi,39.2,188.58,1185.4,124.2
Cotton,Karnataka,Kharif,32.85,74.6,1079.4,111.4
Cotton,Punjab,Rabi,34.28,72.46,1000.8,107.5
Tomato,Madhya Pradesh,Kharif,12.66,252.83,1010.7,147.9
Cotton,Maharashtra,Whole Year,44.31,115.15,1029.2,56.5
Tomato,Madhya Pradesh,Whole Year,8.06,169.12,743.1,170.8
Cotton,Gujarat,Whole Year,43.04,106.13,1037.0,97.0
Chickpea,Rajasthan,Zaid,38.02,72.89,315.3,104.2
Tomato,Gujarat,Kharif,32.75,655.36,587.2,150.7
Rice,Rajasthan,Zaid,28.79,138.04,1078.6,130.4
Banana,Gujarat,Rabi,32.23,1223.78,1372.5,211.6
Chickpea,Tamil Nadu,Rabi,33.62,76.95,809.8,92.0
Potato,Haryana,Zaid,31.53,549.38,517.7,125.2
Potato,Rajasthan,Whole Year,15.36,310.56,704.8,161.4
Banana,Haryana,Zaid,1.77,63.93,1104.6,200.2
Wheat,Punjab,Zaid,34.27,167.09,653.0,176.4
Grapes,Punjab,Rabi,1.51,21.71,594.3,165.7
Tomato,Maharashtra,Zaid,5.76,113.24,731.2,141.3
Wheat,Madhya Pradesh,Zaid,5.16,18.96,428.7,160.2
Wheat,Haryana,Whole Year,37.76,166.13,432.3,178.6
Wheat,Tamil Nadu,Kharif,43.46,201.09,329.5,141.3
Chickpea,Rajasthan,Whole Year,16.71,30.08,683.8,65.9
Banana,Gujarat,Kharif,19.77,724.02,1205.9,202.5
Tomato,Gujarat,Rabi,1.64,25.91,766.6,123.6
Tomato,Rajasthan,Whole Year,15.74,223.17,430.7,169.0
Potato,Maharashtra,Rabi,28.87,451.18,518.0,170.5
Maize,Uttar Pradesh,Zaid,21.63,109.85,749.1,141.8
Chickpea,Tamil Nadu,Whole Year,5.87,10.79,851.9,45.8
Chickpea,Punjab,Whole Year,8.42,12.67,440.8,93.6
Banana,Madhya Pradesh,Zaid,0.87,26.82,1247.2,212.1
Apple,Uttar Pradesh,Rabi,28.34,341.83,896.3,76.9
Wheat,Haryana,Rabi,13.28,45.13,658.0,68.2
Banana,Goa,Rabi,3.52,119.78,1341.2,166.7
Maize,Tamil Nadu,Zaid,46.38,210.43,765.7,140.4
Cotton,Rajasthan,Rabi,3.8,7.96,872.4,86.2
Maize,Goa,Zaid,29.12,117.8,791.5,88.7
Potato,Punjab,Zaid,14.34,266.78,763.4,150.8
Chickpea,Gujarat,Rabi,19.53,36.51,360.1,50.4
Apple,Madhya Pradesh,Kharif,18.18,211.85,1035.1,108.7
Wheat,Haryana,Whole Year,47.26,198.62,618.8,118.6
Potato,Punjab,Whole Year,30.38,414.85,796.0,127.3
Cotton,Maharashtra,Whole Year,48.92,136.16,610.2,109.6
Banana,Maharashtra,Whole Year,18.44,621.13,1372.8,161.4
Wheat,Goa,Whole Year,31.43,136.37,527.8,120.8
Cotton,Tamil Nadu,Kharif,21.51,48.06,677.6,67.4
Maize,Rajasthan,Kharif,14.92,84.25,612.4,67.3
Tomato,Maharashtra,Zaid,38.49,775.11,922.2,135.8
Banana,Haryana,Zaid,22.59,967.92,1298.2,212.7
Potato,Gujarat,Kharif,32.98,588.35,898.3,145.0
Banana,Uttar Pradesh,Whole Year,31.53,943.03,1236.8,205.9
Maize,Uttar Pradesh,Rabi,3.57,13.92,724.2,102.9
Rice,Punjab,Kharif,49.91,220.31,874.2,181.0
Wheat,Punjab,Rabi,21.05,76.82,497.9,151.4
Maize,Tamil Nadu,Whole Year,14.66,41.28,622.3,90.8
Banana,Maharashtra,Zaid,32.41,1230.73,977.6,174.9
Chickpea,Maharashtra,Zaid,25.62,53.25,567.9,65.5
Maize,Rajasthan,Whole Year,26.26,108.36,919.1,114.2
Wheat,Tamil Nadu,Whole Year,47.17,158.65,612.1,132.7
Apple,Madhya Pradesh,Kharif,24.51,346.29,904.3,177.4
Wheat,Maharashtra,Zaid,45.49,201.92,637.2,161.4
Grapes,Haryana,Whole Year,39.93,512.37,424.4,143.3
Grapes,Goa,Rabi,43.92,809.64,716.6,152.9
Rice,Rajasthan,Rabi,17.2,65.62,791.9,117.0
Banana,Maharashtra,Kharif,45.19,1720.31,1334.7,235.9
Cotton,Uttar Pradesh,Kharif,10.54,28.38,1314.3,116.1
Cotton,Karnataka,Zaid,25.76,56.78,712.1,57.2
Grapes,Maharashtra,Rabi,45.07,665.55,675.4,99.9
Wheat,Goa,Whole Year,25.42,128.67,696.5,168.4
Grapes,Punjab,Zaid,36.29,565.63,788.2,85.9
Cotton,Maharashtra,Whole Year,35.76,64.39,540.5,96.4
Chickpea,Tamil Nadu,Rabi,47.99,74.82,200.0,20.8
Potato,Maharashtra,Kharif,5.82,110.31,993.8,130.1
Grapes,Punjab,Rabi,3.59,49.24,414.6,172.3
Cotton,Maharashtra,Kharif,46.6,92.33,663.8,92.4
Tomato,Karnataka,Zaid,23.74,656.47,714.9,154.6
Apple,Rajasthan,Kharif,41.07,552.73,971.9,109.5
Chickpea,Punjab,Whole Year,3.86,6.8,437.6,65.3
Banana,Haryana,Zaid,19.52,839.92,1373.5,204.2
Banana,Gujarat,Zaid,21.71,754.81,1315.2,194.0
Banana,Goa,Whole Year,44.43,1482.05,1129.0,200.8
Tomato,Goa,Rabi,24.74,594.06,763.9,193.5
Rice,Punjab,Zaid,13.33,40.94,953.6,83.8
Maize,Rajasthan,Kharif,1.29,4.85,703.2,89.3
Chickpea,Uttar Pradesh,Zaid,45.58,71.06,468.2,52.0
Chickpea,Haryana,Zaid,27.01,56.45,461.6,40.0
Maize,Gujarat,Kharif,8.43,36.92,600.7,116.4
Chickpea,Uttar Pradesh,Whole Year,3.48,7.57,587.5,92.7
Potato,Madhya Pradesh,Zaid,12.45,282.89,816.0,168.1
Wheat,Haryana,Zaid,14.39,52.62,660.3,144.2
Rice,Madhya Pradesh,Whole Year,48.98,161.52,1023.6,82.4
Chickpea,Rajasthan,Zaid,36.31,47.75,573.9,36.4
Banana,Tamil Nadu,Kharif,27.3,674.53,1127.3,186.6
Apple,Haryana,Zaid,3.01,33.42,696.1,137.4
Rice,Uttar Pradesh,Zaid,17.53,55.73,1096.9,142.7
Cotton,Haryana,Whole Year,12.31,37.84,843.5,107.1
Grapes,Rajasthan,Rabi,11.38,151.13,628.8,150.1
Tomato,Punjab,Rabi,39.2,975.63,626.1,141.4
Potato,Tamil Nadu,Whole Year,33.58,757.59,684.8,150.4
Rice,Tamil Nadu,Whole Year,31.87,105.73,1191.8,61.0
Tomato,Tamil Nadu,Zaid,3.43,65.74,625.7,170.9
Maize,Madhya Pradesh,Zaid,32.07,172.71,1057.7,122.2
Cotton,Maharashtra,Kharif,12.97,27.52,771.2,121.6
Tomato,Maharashtra,Kharif,27.72,384.88,676.8,140.5
Chickpea,Punjab,Rabi,0.7,1.15,365.9,31.9
Maize,Karnataka,Whole Year,17.04,73.05,754.4,113.3
Maize,Karnataka,Whole Year,18.49,61.84,405.5,95.5
Rice,Rajasthan,Kharif,48.94,189.92,1069.9,95.7
Rice,Uttar Pradesh,Whole Year,15.52,57.63,1113.5,143.5
Potato,Tamil Nadu,Rabi,47.12,605.79,487.9,137.0
Apple,Uttar Pradesh,Kharif,24.22,248.44,873.8,124.8
Apple,Tamil Nadu,Whole Year,36.98,410.95,770.0,79.3
Maize,Rajasthan,Rabi,21.58,63.43,647.8,136.7
Banana,Gujarat,Rabi,44.97,1495.0,1176.6,195.3
Banana,Gujarat,Rabi,37.26,1288.84,1232.6,184.3
Apple,Maharashtra,Whole Year,44.23,505.76,961.9,99.4
Banana,Maharashtra,Zaid,6.22,244.17,1407.0,187.8
Tomato,Goa,Kharif,0.61,15.77,933.9,180.7
Chickpea,Gujarat,Kharif,31.13,56.37,213.1,73.2
Wheat,Maharashtra,Whole Year,41.59,200.54,751.7,125.4
Rice,Tamil Nadu,Rabi,3.77,13.33,1055.9,104.2
Potato,Maharashtra,Whole Year,17.88,331.8,447.2,161.4
Cotton,Tamil Nadu,Zaid,23.05,45.27,842.4,84.3
Maize,Uttar Pradesh,Kharif,17.61,64.04,876.1,95.4
Potato,Haryana,Rabi,6.32,94.77,592.3,125.6
Potato,Tamil Nadu,Kharif,3.74,49.47,615.8,127.9
Cotton,Haryana,Whole Year,10.87,26.57,1108.1,64.8
Maize,Tamil Nadu,Kharif,44.61,199.82,762.7,91.3
Chickpea,Maharashtra,Zaid,36.17,77.51,430.9,74.9
Banana,Gujarat,Whole Year,2.97,90.96,1041.6,149.0
Wheat,Goa,Whole Year,28.0,113.6,363.2,138.2
Chickpea,Karnataka,Whole Year,48.28,96.47,408.5,34.4
Rice,Goa,Zaid,47.61,140.3,850.4,142.7
Apple,Haryana,Kharif,22.18,234.09,896.0,89.7
Tomato,Madhya Pradesh,Zaid,9.9,245.8,802.1,186.0
Chickpea,Gujarat,Whole Year,41.03,42.06,625.1,20.0
Tomato,Rajasthan,Rabi,14.08,315.64,890.1,180.9
Chickpea,Rajasthan,Zaid,25.19,48.52,440.5,81.8
Potato,Haryana,Zaid,24.55,601.9,1078.0,158.5
Rice,Tamil Nadu,Whole Year,4.27,15.18,863.1,137.5
Cotton,Uttar Pradesh,Rabi,26.06,58.33,923.3,69.7
Cotton,Goa,Kharif,18.63,33.61,812.2,61.9
Tomato,Punjab,Rabi,32.24,690.17,621.1,163.8
Chickpea,Haryana,Rabi,7.79,13.69,442.0,68.8
Potato,Maharashtra,Whole Year,21.77,343.07,704.6,155.1
Cotton,Tamil Nadu,Rabi,35.42,90.26,997.6,96.5
Maize,Haryana,Zaid,28.08,129.67,796.0,111.4
Banana,Rajasthan,Kharif,3.43,85.66,896.4,218.8
Rice,Goa,Zaid,35.79,130.61,774.2,145.1
Tomato,Uttar Pradesh,Rabi,24.44,532.32,600.6,151.2
Rice,Haryana,Rabi,33.18,117.44,1316.6,125.0
Chickpea,Tamil Nadu,Rabi,28.14,50.08,502.9,86.0
Grapes,Karnataka,Zaid,7.87,126.41,734.9,160.0
Chickpea,Rajasthan,Rabi,35.67,55.39,360.5,56.7
Cotton,Uttar Pradesh,Whole Year,33.79,75.52,766.4,109.0
Potato,Uttar Pradesh,Zaid,46.59,680.57,639.8,157.0
Apple,Maharashtra,Rabi,45.89,572.41,918.2,132.2
Potato,Haryana,Whole Year,32.56,672.42,635.5,160.8
Rice,Gujarat,Rabi,38.42,169.67,1107.7,133.4
Chickpea,Maharashtra,Whole Year,32.12,50.22,425.9,72.1
Rice,Madhya Pradesh,Kharif,20.41,71.56,964.3,161.7
Tomato,Punjab,Rabi,30.6,640.06,800.8,116.6
Tomato,Punjab,Whole Year,4.69,89.75,818.0,122.1
Chickpea,Rajasthan,Zaid,6.01,11.29,364.6,117.3
Wheat,Karnataka,Rabi,24.48,93.79,691.7,108.1
Cotton,Rajasthan,Rabi,15.49,26.87,906.0,71.9
Rice,Punjab,Zaid,28.08,117.58,1267.2,135.6
Maize,Rajasthan,Zaid,21.97,122.49,830.5,125.9
Apple,Madhya Pradesh,Zaid,34.23,499.4,966.0,130.2
Rice,Maharashtra,Rabi,25.45,74.81,1116.4,97.9
Rice,Maharashtra,Whole Year,27.58,87.18,537.6,110.8
Wheat,Rajasthan,Zaid,21.44,92.31,666.7,113.9
Banana,Karnataka,Kharif,11.87,483.25,1037.5,228.1
Banana,Punjab,Zaid,24.36,1072.68,1314.6,252.6
Wheat,Tamil Nadu,Kharif,25.82,113.5,421.3,134.2
Potato,Goa,Kharif,12.83,147.83,537.3,112.3
Apple,Uttar Pradesh,Rabi,38.04,488.2,996.3,82.4
Tomato,Rajasthan,Whole Year,30.25,484.08,775.6,161.3
Cotton,Gujarat,Rabi,36.13,67.71,697.8,80.7
Potato,Uttar Pradesh,Zaid,48.8,791.06,470.9,165.0
Wheat,Haryana,Zaid,29.01,83.46,455.9,77.8
Maize,Tamil Nadu,Whole Year,13.38,54.9,557.3,112.0
Banana,Gujarat,Kharif,23.03,921.01,1450.8,196.4
Wheat,Tamil Nadu,Whole Year,5.67,19.49,310.3,84.0
Banana,Maharashtra,Rabi,36.2,1295.43,754.7,176.8
Tomato,Tamil Nadu,Kharif,6.38,135.92,828.1,178.0
Maize,Tamil Nadu,Zaid,41.38,177.34,594.3,120.7
Grapes,Goa,Rabi,3.76,44.37,877.4,117.0
Potato,Haryana,Zaid,8.38,149.32,605.8,180.8
Cotton,Haryana,Rabi,25.1,68.83,910.0,94.2
Cotton,Punjab,Zaid,21.04,45.54,666.4,97.8
Tomato,Tamil Nadu,Kharif,9.77,276.79,952.2,205.4
Banana,Madhya Pradesh,Kharif,27.99,1219.75,1304.9,219.9
Wheat,Madhya Pradesh,Zaid,14.17,52.52,296.7,118.6
Cotton,Tamil Nadu,Kharif,1.38,2.44,641.7,69.6
Rice,Goa,Zaid,21.85,90.59,1020.4,182.1
Apple,Punjab,Whole Year,19.41,170.72,623.4,69.4
Potato,Karnataka,Whole Year,1.87,39.61,650.1,186.0
Chickpea,Haryana,Kharif,20.94,45.93,361.3,68.5
Potato,Tamil Nadu,Rabi,15.84,313.07,810.9,134.2
Chickpea,Punjab,Kharif,2.45,2.82,337.8,20.0
Chickpea,Goa,Whole Year,41.87,54.48,446.3,79.1
Apple,Haryana,Kharif,25.22,233.65,819.4,109.4
Potato,Rajasthan,Rabi,5.49,103.23,616.1,191.9
Grapes,Gujarat,Kharif,29.76,319.72,423.0,130.0
Banana,Rajasthan,Whole Year,14.78,541.19,1128.9,232.1
Grapes,Rajasthan,Zaid,43.37,604.99,452.3,88.9
Grapes,Madhya Pradesh,Kharif,33.63,655.35,913.0,149.4
Wheat,Maharashtra,Zaid,38.52,148.25,570.9,124.2
Banana,Karnataka,Zaid,24.77,1022.98,1372.4,251.4
Wheat,Karnataka,Zaid,21.6,100.39,716.7,135.0
Wheat,Tamil Nadu,Whole Year,45.4,191.98,200.0,169.0
Wheat,Haryana,Zaid,33.28,171.09,763.5,117.1
Grapes,Punjab,Kharif,2.67,53.59,880.3,140.8
Chickpea,Tamil Nadu,Zaid,3.25,6.5,820.8,51.9
Chickpea,Karnataka,Kharif,45.17,79.28,579.9,44.6
Apple,Tamil Nadu,Zaid,25.93,333.1,1111.4,102.1
Apple,Haryana,Zaid,26.53,263.37,955.1,57.6
Grapes,Goa,Kharif,9.83,190.98,754.4,161.6
Apple,Maharashtra,Kharif,0.65,7.75,1063.5,122.7
Grapes,Punjab,Zaid,44.6,686.05,945.3,160.1
Banana,Gujarat,Whole Year,14.02,460.02,1117.6,245.0
Chickpea,Rajasthan,Kharif,34.98,74.54,557.4,57.4
Potato,Madhya Pradesh,Whole Year,7.36,115.09,665.2,126.0
Banana,Maharashtra,Kharif,49.75,1342.81,1060.7,162.8
Tomato,Rajasthan,Zaid,11.75,221.5,922.8,173.0
Grapes,Gujarat,Kharif,49.15,780.76,473.5,148.8
Tomato,Tamil Nadu,Whole Year,15.82,362.46,592.3,144.4
Wheat,Goa,Rabi,45.42,113.26,452.6,115.3
Grapes,Haryana,Zaid,10.77,175.31,773.1,163.7
Banana,Gujarat,Whole Year,24.14,741.89,1381.4,161.8
Potato,Punjab,Kharif,33.14,582.14,946.8,138.7
Tomato,Goa,Kharif,22.61,557.62,834.3,178.6
Cotton,Uttar Pradesh,Kharif,1.99,4.69,856.5,97.1
Apple,Haryana,Kharif,24.39,254.2,1126.7,98.7
Maize,Punjab,Kharif,24.68,123.64,823.4,135.5
Potato,Maharashtra,Zaid,12.04,167.15,586.1,177.9
Rice,Karnataka,Kharif,4.57,13.47,851.3,118.2
Rice,Gujarat,Rabi,25.26,73.1,928.4,88.9
Banana,Rajasthan,Rabi,24.66,1075.21,1305.0,140.6
Cotton,Uttar Pradesh,Rabi,8.46,18.86,769.6,105.2
Chickpea,Tamil Nadu,Zaid,34.55,60.79,463.5,39.5
Apple,Tamil Nadu,Zaid,36.5,355.06,1152.4,79.0
Tomato,Tamil Nadu,Zaid,42.24,1223.46,734.8,178.0
Cotton,Rajasthan,Zaid,16.68,35.36,746.0,98.5
Rice,Uttar Pradesh,Kharif,23.35,68.29,828.6,121.0
Potato,Goa,Zaid,7.86,124.98,461.6,105.4
Rice,Uttar Pradesh,Rabi,11.69,37.04,703.1,127.5
Banana,Madhya Pradesh,Whole Year,38.21,1238.13,1175.6,214.1
Maize,Karnataka,Rabi,7.17,25.88,618.9,99.7
Tomato,Karnataka,Whole Year,39.77,875.73,1096.2,164.3
Chickpea,Goa,Kharif,1.8,2.85,442.2,42.0
Potato,Gujarat,Kharif,3.87,60.51,244.4,177.5
Wheat,Haryana,Whole Year,42.35,153.25,455.9,150.5
Rice,Maharashtra,Rabi,42.26,161.87,1136.0,131.0
Maize,Goa,Kharif,14.35,55.46,768.4,90.0
Chickpea,Maharashtra,Zaid,35.56,45.64,672.5,68.6
Banana,Haryana,Whole Year,2.23,100.98,939.6,202.8
Chickpea,Rajasthan,Kharif,3.0,5.43,562.0,38.3
Chickpea,Punjab,Whole Year,7.26,15.11,311.7,29.9
Rice,Tamil Nadu,Zaid,37.05,148.29,1291.5,143.9
Maize,Punjab,Kharif,45.36,182.76,659.9,117.2
Potato,Haryana,Whole Year,3.6,54.0,612.6,124.0
Rice,Maharashtra,Whole Year,15.85,59.51,1025.5,131.0
Maize,Punjab,Kharif,5.99,30.08,694.3,151.9
Rice,Tamil Nadu,Zaid,13.37,62.44,1196.0,171.3
Potato,Karnataka,Rabi,28.23,405.08,634.4,142.3
Wheat,Karnataka,Zaid,38.59,160.67,541.2,142.5
Rice,Gujarat,Rabi,47.18,205.14,818.8,145.7
Tomato,Madhya Pradesh,Kharif,32.12,720.43,739.4,182.5
Apple,Tamil Nadu,Kharif,1.23,16.35,1128.1,112.0
Cotton,Tamil Nadu,Rabi,4.67,13.1,802.7,93.6
Grapes,Maharashtra,Zaid,39.96,719.16,645.6,130.8
Rice,Gujarat,Zaid,11.69,37.72,1170.6,123.7
Chickpea,Rajasthan,Kharif,19.75,33.96,672.7,44.9
Maize,Goa,Whole Year,6.54,23.5,738.5,106.2
Tomato,Madhya Pradesh,Whole Year,8.57,186.93,766.9,149.7
Wheat,Haryana,Whole Year,17.31,69.58,731.2,162.0
Grapes,Tamil Nadu,Kharif,49.24,933.13,751.1,142.8
Tomato,Haryana,Zaid,32.28,816.02,793.6,178.0
Apple,Goa,Whole Year,6.63,81.21,760.8,116.8
Apple,Gujarat,Zaid,43.89,570.44,868.9,136.5
Maize,Haryana,Kharif,43.49,161.97,352.9,103.9
Grapes,Uttar Pradesh,Kharif,12.54,154.0,573.1,147.5
Apple,Karnataka,Kharif,5.91,91.22,1014.6,78.0
Banana,Rajasthan,Zaid,17.88,711.46,998.3,234.6
Apple,Madhya Pradesh,Rabi,16.2,169.38,812.7,83.4
Wheat,Rajasthan,Zaid,5.23,22.26,643.9,147.7
Wheat,Punjab,Whole Year,11.06,48.76,569.6,128.0
Rice,Karnataka,Whole Year,42.04,147.73,807.3,149.4
Cotton,Tamil Nadu,Rabi,20.13,40.32,792.4,63.3
Maize,Karnataka,Zaid,23.1,71.65,580.0,108.8
Apple,Rajasthan,Zaid,41.56,411.26,880.3,47.6
Wheat,Tamil Nadu,Zaid,3.4,12.2,698.4,113.1
Wheat,Madhya Pradesh,Whole Year,41.52,141.37,743.6,165.4
Maize,Rajasthan,Whole Year,29.68,68.54,640.0,112.3
Grapes,Karnataka,Whole Year,6.68,126.81,766.2,103.9
Chickpea,Punjab,Kharif,18.92,35.98,498.5,72.6
Potato,Maharashtra,Whole Year,14.27,280.71,922.2,192.1
Rice,Tamil Nadu,Whole Year,43.56,153.05,685.3,70.0
Wheat,Uttar Pradesh,Rabi,10.56,31.14,527.5,128.8
Apple,Punjab,Zaid,20.56,241.86,855.7,81.2
Banana,Uttar Pradesh,Rabi,30.9,882.11,1044.4,190.0
Banana,Tamil Nadu,Zaid,28.67,1167.25,1236.7,230.2
Cotton,Gujarat,Zaid,49.87,81.58,356.9,67.5
Cotton,Punjab,Kharif,47.68,153.69,852.4,68.3
Cotton,Madhya Pradesh,Zaid,24.46,66.9,1210.4,107.4
Wheat,Haryana,Whole Year,46.78,234.15,552.2,114.3
Grapes,Maharashtra,Whole Year,24.17,400.07,563.7,185.7
Maize,Tamil Nadu,Kharif,7.82,39.37,823.7,74.3
Banana,Rajasthan,Kharif,32.23,1157.37,1099.9,201.0
Maize,Maharashtra,Whole Year,46.77,206.5,712.2,120.4
Maize,Madhya Pradesh,Rabi,16.07,77.39,849.4,105.7
Cotton,Gujarat,Rabi,33.6,64.1,648.4,65.4
Tomato,Punjab,Rabi,35.09,731.06,772.2,178.4
Cotton,Tamil Nadu,Kharif,30.86,76.73,750.4,96.5
Rice,Gujarat,Whole Year,1.72,6.24,952.7,128.3
Cotton,Uttar Pradesh,Zaid,11.14,26.97,714.6,122.9
Banana,Karnataka,Kharif,48.14,1545.75,1264.0,198.2
Chickpea,Maharashtra,Whole Year,23.16,38.14,616.2,52.8
Tomato,Gujarat,Whole Year,17.75,273.31,556.3,126.8
Rice,Haryana,Rabi,34.88,112.54,789.1,134.9
Banana,Karnataka,Zaid,20.22,701.98,1262.5,215.5
Banana,Uttar Pradesh,Whole Year,32.73,1123.55,1216.1,204.8
Chickpea,Maharashtra,Kharif,23.09,50.35,785.3,44.7
Banana,Rajasthan,Zaid,32.33,1232.15,1125.5,262.0
Grapes,Karnataka,Zaid,6.58,116.69,528.6,106.7
Grapes,Madhya Pradesh,Rabi,10.26,134.46,937.9,126.9
Rice,Punjab,Rabi,1.01,3.26,948.8,93.7
Apple,Tamil Nadu,Rabi,11.42,137.59,967.6,123.1
Chickpea,Punjab,Rabi,38.58,58.46,402.1,46.7
Tomato,Goa,Zaid,49.56,793.36,904.2,137.8
Tomato,Goa,Rabi,15.61,326.08,698.6,200.4
Wheat,Gujarat,Zaid,4.86,24.72,722.8,148.5
Grapes,Karnataka,Zaid,20.24,247.87,813.0,152.5
Apple,Rajasthan,Zaid,2.6,34.84,763.3,87.0
Chickpea,Gujarat,Whole Year,35.71,70.66,576.8,40.4
Potato,Punjab,Rabi,3.44,69.63,512.0,128.4
Chickpea,Haryana,Whole Year,33.03,50.5,468.7,30.6
Tomato,Goa,Rabi,1.05,19.98,743.1,152.2
Banana,Uttar Pradesh,Rabi,35.72,1047.87,1242.9,176.0
Wheat,Gujarat,Whole Year,34.57,125.2,359.1,109.7
Wheat,Gujarat,Kharif,37.43,150.64,726.0,153.6
Wheat,Haryana,Rabi,6.0,29.4,349.3,183.8
Maize,Uttar Pradesh,Whole Year,7.47,25.51,569.4,92.0
Rice,Maharashtra,Kharif,5.72,22.5,1087.0,118.7
Wheat,Uttar Pradesh,Whole Year,21.28,65.61,351.6,106.4
Rice,Karnataka,Whole Year,5.49,16.19,968.5,117.2
Apple,Karnataka,Kharif,5.0,62.37,1239.4,106.7
Wheat,Punjab,Zaid,34.52,127.0,583.9,119.2
Rice,Madhya Pradesh,Zaid,35.37,157.95,892.2,136.7
Chickpea,Punjab,Zaid,44.1,71.52,357.0,58.6
Maize,Goa,Whole Year,16.91,60.07,905.9,97.2
Apple,Madhya Pradesh,Zaid,10.23,115.27,815.8,83.3
Wheat,Karnataka,Kharif,21.39,73.52,276.3,123.2
Potato,Goa,Kharif,16.93,326.0,505.8,147.5
Cotton,Karnataka,Zaid,28.87,68.41,788.2,113.0
Cotton,Tamil Nadu,Whole Year,24.81,55.88,736.8,36.0
Maize,Rajasthan,Zaid,48.39,261.62,589.4,99.4
Banana,Uttar Pradesh,Zaid,17.06,766.0,1270.1,245.5
Grapes,Rajasthan,Zaid,45.62,535.72,531.9,84.4
Apple,Tamil Nadu,Whole Year,8.52,59.67,826.5,94.1
Wheat,Maharashtra,Rabi,35.95,184.66,581.5,139.7
Grapes,Rajasthan,Zaid,17.61,137.21,519.5,120.3
Cotton,Tamil Nadu,Rabi,18.08,37.16,935.2,82.7
Chickpea,Uttar Pradesh,Whole Year,30.56,61.48,411.5,103.6
Rice,Rajasthan,Whole Year,23.27,52.76,1043.1,85.9
Grapes,Gujarat,Whole Year,6.61,126.03,758.7,157.3
Grapes,Maharashtra,Kharif,33.95,530.03,674.1,114.5
Cotton,Uttar Pradesh,Zaid,19.76,27.15,670.2,101.1
Grapes,Uttar Pradesh,Rabi,41.96,582.53,627.1,148.7
Wheat,Punjab,Kharif,0.89,2.98,493.3,149.1
Grapes,Goa,Whole Year,1.2,21.81,480.7,91.7
Rice,Uttar Pradesh,Zaid,44.76,159.39,1028.3,138.1
Chickpea,Maharashtra,Whole Year,14.24,24.77,625.1,43.8
Apple,Tamil Nadu,Whole Year,20.3,317.69,847.7,114.4
Apple,Goa,Rabi,6.82,82.3,1086.8,118.6
Banana,Maharashtra,Kharif,10.18,376.05,1153.1,226.5
Wheat,Madhya Pradesh,Zaid,18.94,80.71,343.6,170.9
Wheat,Goa,Whole Year,22.26,87.06,578.0,141.0
Apple,Maharashtra,Zaid,7.32,111.12,705.8,152.2
Banana,Haryana,Rabi,26.18,832.09,1485.1,230.4
Grapes,Goa,Zaid,38.29,426.27,873.8,118.3
Banana,Gujarat,Zaid,24.71,801.23,1126.8,159.8
Grapes,Haryana,Zaid,6.29,92.47,622.2,179.8
Apple,Maharashtra,Whole Year,20.88,276.34,970.4,107.8
Tomato,Madhya Pradesh,Zaid,41.91,705.87,456.7,155.6
Chickpea,Tamil Nadu,Kharif,17.24,32.0,478.1,85.5
Banana,Karnataka,Whole Year,40.61,1380.63,1030.5,228.0
Grapes,Goa,Kharif,49.55,744.78,583.8,143.4
Wheat,Madhya Pradesh,Kharif,25.93,99.04,290.1,125.3
Apple,Uttar Pradesh,Kharif,28.56,393.15,924.8,66.8
Banana,Gujarat,Kharif,24.23,775.32,1024.3,193.0
Chickpea,Rajasthan,Whole Year,7.63,13.23,539.2,29.2
Grapes,Punjab,Zaid,20.99,350.98,824.4,182.7
Grapes,Goa,Whole Year,28.26,433.73,591.0,157.9
Tomato,Gujarat,Rabi,47.15,1277.38,865.0,151.0
Chickpea,Madhya Pradesh,Zaid,47.7,104.74,588.3,70.0
Grapes,Rajasthan,Zaid,48.37,893.5,479.1,153.8
Tomato,Punjab,Zaid,17.91,403.5,714.9,205.1
Potato,Karnataka,Whole Year,43.16,796.37,682.6,165.3
Rice,Haryana,Rabi,12.57,45.49,1045.9,88.7
Tomato,Maharashtra,Kharif,39.19,871.88,802.4,178.1
Grapes,Uttar Pradesh,Rabi,18.13,267.34,659.9,164.9
Cotton,Maharashtra,Zaid,48.48,94.4,538.1,85.5
Tomato,Rajasthan,Zaid,1.8,50.6,801.0,177.2
Banana,Tamil Nadu,Zaid,20.67,815.79,1273.1,193.4
Tomato,Punjab,Rabi,0.75,15.96,771.7,218.6
Rice,Uttar Pradesh,Zaid,46.65,176.01,1279.9,141.2
Banana,Maharashtra,Whole Year,40.63,1777.35,1384.3,221.0
Potato,Madhya Pradesh,Zaid,42.54,737.06,495.2,153.1
Potato,Madhya Pradesh,Kharif,45.64,915.13,736.2,161.5
Cotton,Rajasthan,Kharif,37.83,94.46,883.3,80.5
Rice,Uttar Pradesh,Kharif,17.32,57.84,874.6,129.5
Wheat,Karnataka,Zaid,44.74,120.11,292.5,153.7
Apple,Madhya Pradesh,Zaid,12.01,171.42,976.7,137.7
Maize,Madhya Pradesh,Zaid,27.95,119.82,810.6,83.1
Grapes,Madhya Pradesh,Rabi,28.5,431.21,863.6,100.4
Grapes,Rajasthan,Whole Year,9.89,98.05,593.3,130.1
Maize,Karnataka,Rabi,3.98,16.92,739.3,124.8
Wheat,Rajasthan,Kharif,23.92,87.28,292.4,162.0
Cotton,Madhya Pradesh,Whole Year,34.91,73.34,758.2,68.7
Cotton,Karnataka,Zaid,27.38,52.67,748.0,100.8
Chickpea,Goa,Kharif,40.34,88.18,811.7,92.2
Grapes,Gujarat,Whole Year,47.9,583.12,871.3,121.1
Cotton,Gujarat,Kharif,28.16,48.2,695.6,81.6
Chickpea,Gujarat,Kharif,7.5,12.81,320.4,43.0
Cotton,Maharashtra,Kharif,8.79,17.75,706.8,90.7
Potato,Madhya Pradesh,Rabi,6.9,124.52,721.5,144.2
Apple,Maharashtra,Kharif,12.65,175.07,987.9,120.6
Chickpea,Goa,Whole Year,1.27,2.17,282.1,84.7
Chickpea,Tamil Nadu,Whole Year,42.59,50.16,411.4,94.1
Grapes,Gujarat,Kharif,48.73,440.98,670.2,134.9
Grapes,Gujarat,Rabi,6.53,106.15,542.9,173.3
Grapes,Rajasthan,Whole Year,36.97,427.13,456.7,134.4
Grapes,Goa,Zaid,12.62,185.5,812.9,116.6
Wheat,Uttar Pradesh,Rabi,43.06,191.42,359.8,117.0
Chickpea,Goa,Rabi,39.39,85.11,627.7,86.6
Potato,Madhya Pradesh,Kharif,5.64,93.68,417.6,157.2
Maize,Haryana,Kharif,41.04,179.64,426.2,92.9
Tomato,Punjab,Rabi,28.56,723.37,929.4,142.6
Grapes,Gujarat,Rabi,11.18,161.51,741.9,153.9
Chickpea,Madhya Pradesh,Zaid,41.62,85.41,456.5,96.4
Maize,Tamil Nadu,Kharif,19.8,82.93,560.3,93.8
Potato,Goa,Rabi,13.69,187.16,481.6,155.4
Wheat,Haryana,Whole Year,43.2,155.25,679.4,98.3
Maize,Goa,Rabi,7.51,27.76,917.6,101.5
Potato,Tamil Nadu,Zaid,23.05,486.15,484.7,131.8
Apple,Tamil Nadu,Zaid,44.62,669.79,1012.7,149.8
Grapes,Maharashtra,Rabi,30.86,508.63,942.1,125.5
Maize,Punjab,Whole Year,48.38,202.72,684.2,131.3
Tomato,Maharashtra,Zaid,18.2,530.61,831.0,201.6
Apple,Haryana,Whole Year,42.52,452.64,772.7,106.4
Apple,Uttar Pradesh,Rabi,33.74,328.31,806.0,102.6
Banana,Punjab,Rabi,48.74,1801.8,1118.3,230.0
Rice,Rajasthan,Zaid,3.24,13.68,911.8,127.4
Chickpea,Karnataka,Whole Year,46.33,82.8,489.2,22.1
Chickpea,Punjab,Rabi,40.09,77.18,255.5,48.6
Maize,Gujarat,Kharif,1.61,7.53,598.7,128.6
Apple,Goa,Rabi,8.44,84.37,707.9,109.4
Cotton,Karnataka,Zaid,11.5,24.95,846.4,118.5
Banana,Haryana,Zaid,34.63,1051.01,1122.7,178.5
Wheat,Gujarat,Kharif,7.75,32.56,238.7,108.9
Cotton,Punjab,Kharif,4.74,10.55,609.0,114.3
Tomato,Madhya Pradesh,Kharif,19.53,382.97,710.8,137.4
Rice,Haryana,Kharif,16.19,56.82,1300.4,109.3
Grapes,Goa,Kharif,33.38,541.68,535.6,119.8
Banana,Haryana,Kharif,29.51,1136.24,1085.6,158.7
Potato,Madhya Pradesh,Rabi,48.59,1172.57,628.8,156.1
Potato,Gujarat,Kharif,45.16,762.67,493.8,156.2
Apple,Punjab,Zaid,48.43,631.08,1088.4,71.6
Apple,Maharashtra,Zaid,36.8,463.08,1081.9,128.1
Wheat,Tamil Nadu,Zaid,27.64,90.61,492.2,106.4
Banana,Karnataka,Whole Year,8.32,301.08,1369.8,204.1
Tomato,Goa,Kharif,42.33,1046.34,735.9,163.7
Wheat,Goa,Kharif,20.3,76.92,200.0,113.3
Cotton,Gujarat,Rabi,22.46,48.1,867.0,114.7
Chickpea,Goa,Rabi,3.81,6.77,524.2,21.6
Wheat,Rajasthan,Kharif,38.82,145.0,773.4,126.9
Potato,Maharashtra,Zaid,27.92,409.54,604.8,194.4
Grapes,Rajasthan,Rabi,22.25,326.88,793.9,135.5
Tomato,Punjab,Whole Year,2.97,51.63,725.3,123.1
Cotton,Haryana,Whole Year,33.9,67.19,916.0,102.3
Wheat,Madhya Pradesh,Kharif,25.44,88.53,613.5,112.4
Tomato,Uttar Pradesh,Whole Year,1.26,26.21,573.2,132.9
Maize,Madhya Pradesh,Kharif,5.44,22.51,597.4,117.7
Potato,Punjab,Rabi,24.13,321.33,453.9,188.2
Grapes,Karnataka,Zaid,41.57,568.25,633.4,151.4
Grapes,Tamil Nadu,Rabi,33.96,376.51,775.9,156.3
Maize,Punjab,Kharif,4.49,21.86,1047.6,93.7
Potato,Gujarat,Kharif,8.88,174.09,775.9,166.9
Tomato,Tamil Nadu,Kharif,22.83,579.09,857.7,179.9
Tomato,Gujarat,Zaid,7.89,156.79,775.8,151.9
Apple,Rajasthan,Rabi,1.43,14.23,724.7,100.3
Rice,Haryana,Zaid,18.26,55.45,858.4,112.9
Tomato,Haryana,Whole Year,22.38,567.34,810.3,155.9
Maize,Rajasthan,Zaid,29.03,143.59,900.3,98.4
Maize,Haryana,Whole Year,32.57,147.73,723.0,122.6
Chickpea,Madhya Pradesh,Rabi,14.78,34.98,633.5,79.7
Cotton,Gujarat,Kharif,38.7,104.59,883.2,91.0
Tomato,Uttar Pradesh,Rabi,8.71,183.35,702.2,144.4
Wheat,Madhya Pradesh,Kharif,19.34,81.35,637.3,152.5
Wheat,Rajasthan,Zaid,15.28,48.77,536.9,92.3
Apple,Goa,Kharif,20.13,221.67,710.4,62.8
Chickpea,Punjab,Kharif,17.91,35.51,455.8,84.0
Potato,Rajasthan,Zaid,36.65,704.37,368.3,179.6
Chickpea,Punjab,Kharif,12.79,21.92,534.9,49.7
Potato,Uttar Pradesh,Rabi,14.37,313.73,621.1,129.6
Cotton,Tamil Nadu,Rabi,32.46,58.49,723.8,111.5
Apple,Maharashtra,Kharif,39.61,395.35,1097.4,57.9
Banana,Goa,Kharif,32.26,904.61,1398.2,191.9
Rice,Uttar Pradesh,Whole Year,31.19,97.26,962.0,157.3
Chickpea,Gujarat,Kharif,24.86,45.7,341.6,43.8
Banana,Maharashtra,Zaid,35.13,1043.28,913.3,183.8
Tomato,Goa,Whole Year,42.29,710.17,780.6,126.1
Rice,Goa,Zaid,49.61,165.29,1027.4,107.8
Maize,Tamil Nadu,Whole Year,2.46,8.98,802.0,116.3
Tomato,Tamil Nadu,Rabi,15.65,304.39,250.6,158.4
Wheat,Madhya Pradesh,Whole Year,3.96,15.65,352.5,122.5
Cotton,Rajasthan,Zaid,42.96,84.63,728.6,119.3
Wheat,Gujarat,Kharif,42.45,144.17,299.7,134.1
Maize,Madhya Pradesh,Zaid,31.44,103.27,709.3,140.6
Maize,Gujarat,Kharif,32.82,144.3,724.3,65.1
Chickpea,Uttar Pradesh,Kharif,41.09,85.78,517.5,20.0
Grapes,Karnataka,Rabi,43.11,766.49,699.7,187.2
Wheat,Goa,Kharif,25.46,91.82,815.0,76.7
Tomato,Maharashtra,Zaid,5.57,143.21,711.7,136.7
Banana,Gujarat,Zaid,45.88,2032.55,1218.8,255.2
Rice,Karnataka,Whole Year,29.06,119.71,844.3,121.1
Chickpea,Goa,Zaid,21.46,47.62,680.3,34.4
Potato,Maharashtra,Kharif,32.61,849.91,874.3,165.4
Apple,Uttar Pradesh,Whole Year,39.43,319.46,778.7,95.6
Potato,Punjab,Kharif,42.49,965.7,534.0,206.1
Potato,Goa,Whole Year,11.67,194.77,830.7,131.5
Tomato,Tamil Nadu,Kharif,21.76,407.51,718.7,130.2
Maize,Madhya Pradesh,Whole Year,21.58,101.66,692.3,124.9
Potato,Gujarat,Rabi,23.9,373.38,500.2,142.7
Grapes,Goa,Rabi,30.87,377.28,683.8,191.1
Tomato,Gujarat,Rabi,25.22,696.41,764.5,147.0
Cotton,Tamil Nadu,Zaid,27.82,84.01,661.7,115.7
Tomato,Goa,Rabi,1.69,32.76,936.9,159.2
Cotton,Punjab,Kharif,5.07,3.67,588.7,30.0
Wheat,Haryana,Whole Year,14.35,56.05,532.2,182.8
Rice,Haryana,Whole Year,14.49,57.02,1028.4,131.3
Apple,Madhya Pradesh,Rabi,2.83,31.09,856.5,130.2
Rice,Karnataka,Kharif,36.23,138.55,1120.3,140.7
Cotton,Uttar Pradesh,Rabi,17.42,36.57,734.3,144.4
Apple,Gujarat,Rabi,8.81,112.59,798.8,110.5
Wheat,Uttar Pradesh,Rabi,39.55,193.64,440.0,109.2
Potato,Karnataka,Whole Year,2.64,53.2,480.2,139.9
Grapes,Madhya Pradesh,Whole Year,33.06,497.25,546.1,113.7
Chickpea,Tamil Nadu,Rabi,36.57,65.16,633.1,73.5
Chickpea,Haryana,Rabi,49.94,82.52,380.1,64.9
Tomato,Madhya Pradesh,Kharif,49.74,1178.77,667.6,190.1
Grapes,Gujarat,Zaid,11.77,195.01,489.4,143.9
Grapes,Tamil Nadu,Kharif,3.39,49.85,352.1,154.0
Tomato,Karnataka,Kharif,36.36,635.11,914.6,140.7
Cotton,Uttar Pradesh,Rabi,30.55,67.66,854.3,81.1
Banana,Madhya Pradesh,Whole Year,41.15,1753.72,972.2,219.1
Wheat,Haryana,Rabi,1.64,7.99,704.0,143.1
Rice,Haryana,Kharif,9.03,27.09,807.4,119.7
Tomato,Karnataka,Zaid,18.03,416.02,957.8,199.7
Wheat,Goa,Whole Year,33.11,106.78,468.1,59.5
Chickpea,Punjab,Kharif,41.34,85.04,529.3,43.8
Maize,Gujarat,Zaid,1.14,3.83,766.9,134.8
Chickpea,Gujarat,Rabi,44.14,90.8,795.6,41.5
Tomato,Maharashtra,Whole Year,15.02,362.45,803.9,169.2
Rice,Uttar Pradesh,Whole Year,31.21,94.42,964.1,60.4
Banana,Tamil Nadu,Whole Year,6.3,180.63,1207.2,232.0
Banana,Maharashtra,Zaid,46.31,1301.38,1079.4,210.8
Grapes,Gujarat,Whole Year,28.31,497.45,731.4,119.1
Chickpea,Madhya Pradesh,Rabi,49.55,100.21,544.8,62.1
Chickpea,Gujarat,Whole Year,22.35,27.1,554.5,52.5
Banana,Goa,Rabi,49.81,1975.26,1043.3,202.8
Potato,Punjab,Rabi,35.65,492.97,604.6,146.3
Cotton,Tamil Nadu,Rabi,8.69,22.23,894.1,115.4
Wheat,Goa,Rabi,30.2,115.74,384.0,109.7
Wheat,Madhya Pradesh,Zaid,2.07,5.47,565.2,112.6
Tomato,Gujarat,Kharif,17.68,436.56,1019.5,147.8
Potato,Gujarat,Zaid,45.49,611.94,897.8,154.2
Chickpea,Maharashtra,Zaid,11.18,21.53,389.8,29.6
Tomato,Punjab,Rabi,44.14,1121.13,620.1,181.9
Tomato,Haryana,Kharif,2.98,57.65,931.7,149.9
Banana,Haryana,Whole Year,48.64,1923.98,1126.5,196.9
Apple,Gujarat,Kharif,25.02,314.62,893.6,86.9
Tomato,Uttar Pradesh,Kharif,41.69,1007.77,883.0,173.6
Maize,Maharashtra,Zaid,15.3,62.15,647.5,99.5
Banana,Haryana,Kharif,38.15,1346.8,1177.9,206.2
Grapes,Tamil Nadu,Kharif,12.27,180.63,750.1,102.1
Chickpea,Karnataka,Zaid,28.35,40.27,450.0,75.0
Wheat,Rajasthan,Whole Year,13.57,58.86,470.0,121.0
Apple,Rajasthan,Kharif,41.15,481.61,906.2,48.2
Apple,Tamil Nadu,Rabi,30.43,319.99,911.2,83.5
Maize,Tamil Nadu,Rabi,41.9,147.58,638.7,91.8
Banana,Goa,Kharif,40.36,1222.89,1089.8,217.1
Rice,Punjab,Whole Year,37.38,111.52,1144.1,164.2
Maize,Tamil Nadu,Whole Year,44.93,192.72,736.4,90.9
Chickpea,Haryana,Zaid,12.62,25.35,623.8,20.0
Maize,Punjab,Zaid,44.93,217.56,903.5,122.0
Wheat,Tamil Nadu,Zaid,13.12,66.0,733.7,141.2
Banana,Karnataka,Rabi,14.55,451.63,1295.0,179.0
Chickpea,Haryana,Rabi,37.25,56.26,521.5,62.6
Apple,Rajasthan,Whole Year,47.45,535.52,939.8,97.0
Chickpea,Karnataka,Rabi,29.7,56.0,570.9,57.9
Potato,Rajasthan,Rabi,4.13,85.08,807.5,155.6
Tomato,Haryana,Rabi,30.37,713.27,606.3,165.0
Wheat,Karnataka,Rabi,33.7,145.77,692.6,138.3
Wheat,Madhya Pradesh,Whole Year,7.99,30.14,245.0,84.6
Cotton,Maharashtra,Zaid,47.49,105.33,865.5,75.7
Tomato,Punjab,Whole Year,48.97,923.76,735.5,155.8
Banana,Goa,Whole Year,18.81,603.74,1112.3,199.6
Wheat,Rajasthan,Kharif,46.48,206.73,466.0,121.9
Cotton,Goa,Whole Year,37.56,104.97,953.6,86.8
Banana,Rajasthan,Rabi,14.99,585.45,1280.2,221.4
Chickpea,Madhya Pradesh,Rabi,24.12,51.88,463.4,71.6
Apple,Haryana,Kharif,17.29,238.39,846.0,115.4
Rice,Karnataka,Zaid,49.29,160.16,984.1,122.3
Wheat,Maharashtra,Kharif,44.17,209.65,649.5,134.2
Potato,Gujarat,Rabi,7.15,158.99,689.9,158.8
Apple,Goa,Rabi,44.49,607.33,732.7,96.3
Potato,Gujarat,Whole Year,9.89,119.82,496.4,136.8
Potato,Gujarat,Whole Year,18.06,274.08,356.8,164.3
Chickpea,Rajasthan,Kharif,19.55,33.93,558.3,64.7
Apple,Punjab,Rabi,14.04,146.86,769.1,96.6
Tomato,Goa,Zaid,28.22,592.41,674.8,166.7
Rice,Karnataka,Rabi,44.66,164.79,1169.9,83.4
Potato,Gujarat,Rabi,8.96,157.07,793.6,169.8
Chickpea,Punjab,Rabi,28.12,69.75,200.0,41.0
Chickpea,Rajasthan,Rabi,3.13,4.81,605.8,46.3
Apple,Madhya Pradesh,Whole Year,44.21,596.48,1178.6,124.9
Tomato,Tamil Nadu,Zaid,19.46,260.79,729.2,134.7
Wheat,Punjab,Zaid,14.37,59.19,623.1,129.1
Wheat,Karnataka,Whole Year,12.66,55.71,579.1,122.9
Banana,Karnataka,Zaid,14.57,655.99,1213.3,158.5
Apple,Uttar Pradesh,Rabi,41.21,603.62,887.2,66.6
Banana,Punjab,Zaid,3.38,125.76,1123.0,227.6
Tomato,Rajasthan,Zaid,20.07,421.67,637.8,159.9
Potato,Tamil Nadu,Whole Year,2.48,39.23,616.9,143.0
Banana,Goa,Whole Year,36.11,1506.01,1193.8,168.1
Chickpea,Karnataka,Whole Year,16.26,32.27,400.3,52.1
Potato,Gujarat,Kharif,25.29,489.58,880.2,146.0
Banana,Rajasthan,Kharif,48.75,1836.78,1086.8,217.5
Chickpea,Madhya Pradesh,Kharif,30.56,51.49,441.5,56.9
Apple,Madhya Pradesh,Kharif,35.86,462.62,942.4,84.0
Chickpea,Rajasthan,Rabi,11.62,20.93,493.1,46.8
Chickpea,Gujarat,Kharif,31.61,56.82,419.9,52.5
Banana,Rajasthan,Zaid,3.93,171.36,1246.7,267.5
Grapes,Maharashtra,Kharif,40.96,739.91,610.6,151.0
Banana,Punjab,Kharif,32.86,1130.27,1358.3,192.7
Cotton,Rajasthan,Rabi,48.67,85.95,854.8,66.0
Potato,Haryana,Kharif,9.4,156.55,420.9,163.4
Chickpea,Madhya Pradesh,Zaid,13.51,19.92,873.6,20.0
Tomato,Tamil Nadu,Kharif,40.12,1065.62,921.5,160.2
Maize,Punjab,Rabi,37.05,191.55,652.4,131.3
Chickpea,Gujarat,Kharif,18.62,36.57,481.8,72.8
Banana,Tamil Nadu,Rabi,39.69,1568.98,1063.6,192.4
Rice,Punjab,Kharif,23.26,81.63,867.4,152.8
Maize,Punjab,Whole Year,44.64,187.67,695.1,106.4
Tomato,Goa,Whole Year,16.01,312.36,637.9,183.7
Potato,Rajasthan,Whole Year,27.62,423.34,530.6,180.9
Chickpea,Tamil Nadu,Whole Year,22.98,49.4,400.5,37.9
Rice,Uttar Pradesh,Zaid,31.99,136.69,1172.1,143.1
Maize,Punjab,Zaid,25.84,107.08,596.8,133.7
Chickpea,Madhya Pradesh,Whole Year,28.54,53.62,418.4,25.3
Apple,Haryana,Whole Year,7.54,80.94,1096.7,103.4
Potato,Madhya Pradesh,Rabi,31.18,551.68,412.8,162.5
Wheat,Gujarat,Kharif,4.03,17.89,467.8,148.5
Potato,Goa,Zaid,32.18,556.46,350.4,126.0
Banana,Madhya Pradesh,Whole Year,13.46,577.43,1050.6,243.6
Chickpea,Karnataka,Whole Year,47.69,66.3,249.6,51.1
Apple,Madhya Pradesh,Rabi,24.64,232.3,839.3,100.4
Apple,Madhya Pradesh,Zaid,26.04,283.16,773.0,57.6
Chickpea,Rajasthan,Kharif,45.5,82.5,374.8,49.8
Maize,Goa,Kharif,48.12,212.52,759.1,136.0
Tomato,Gujarat,Zaid,32.59,695.08,606.0,183.2
Potato,Uttar Pradesh,Rabi,33.41,524.02,414.5,145.0
Apple,Uttar Pradesh,Whole Year,43.23,436.6,1186.8,48.1
Rice,Goa,Kharif,7.53,30.73,1005.7,159.7
Banana,Maharashtra,Whole Year,9.93,376.23,1231.2,187.8
Apple,Gujarat,Kharif,8.39,101.97,1016.2,116.6
Rice,Tamil Nadu,Zaid,34.15,117.46,760.9,108.0
Wheat,Rajasthan,Whole Year,3.85,18.06,742.4,157.1
Tomato,Gujarat,Rabi,26.8,614.05,495.4,140.8
Apple,Tamil Nadu,Rabi,36.95,381.87,848.9,55.1
Tomato,Tamil Nadu,Zaid,22.22,498.1,755.4,158.3
Potato,Uttar Pradesh,Whole Year,49.96,490.49,602.2,89.6
Apple,Rajasthan,Kharif,21.98,181.48,816.7,118.3
Apple,Rajasthan,Kharif,9.99,133.33,814.5,79.6
Apple,Rajasthan,Zaid,14.97,216.02,951.7,104.9
Apple,Karnataka,Zaid,31.86,432.68,1013.1,97.6
Apple,Punjab,Kharif,35.45,335.57,1120.9,67.8
Chickpea,Tamil Nadu,Kharif,35.58,68.38,222.4,72.9
Banana,Karnataka,Kharif,27.22,995.55,1168.1,246.5
Chickpea,Uttar Pradesh,Kharif,43.96,101.96,400.6,65.3
Tomato,Maharashtra,Kharif,38.0,764.24,702.0,164.8
Cotton,Karnataka,Kharif,48.96,93.98,705.8,66.7
Grapes,Maharashtra,Whole Year,17.65,333.8,551.3,127.8
Chickpea,Tamil Nadu,Rabi,11.64,21.87,472.0,24.2
Tomato,Uttar Pradesh,Whole Year,23.47,512.65,741.2,175.8
Potato,Uttar Pradesh,Rabi,27.09,485.55,640.0,161.3
Banana,Haryana,Rabi,10.93,278.86,1129.8,161.0
Wheat,Haryana,Kharif,3.19,13.04,505.0,113.3
Cotton,Tamil Nadu,Kharif,24.14,62.72,719.4,134.5
Potato,Goa,Kharif,48.11,1004.5,794.4,157.6
Tomato,Rajasthan,Kharif,15.15,306.22,491.5,134.8
Grapes,Gujarat,Zaid,24.61,272.94,503.0,126.8
Cotton,Punjab,Kharif,4.41,9.84,1026.2,94.0
Rice,Uttar Pradesh,Zaid,46.94,136.62,984.7,134.8
Cotton,Punjab,Whole Year,8.68,18.92,635.8,108.4
Tomato,Goa,Rabi,17.45,331.87,884.0,151.5
Cotton,Goa,Rabi,25.03,49.84,674.0,99.8
Rice,Karnataka,Kharif,22.24,77.44,1313.8,29.1
Potato,Haryana,Rabi,44.22,665.93,431.3,130.8
Potato,Rajasthan,Whole Year,15.26,255.29,316.2,167.9
Chickpea,Gujarat,Zaid,35.48,67.03,279.9,94.3
Cotton,Maharashtra,Zaid,9.59,24.42,894.8,145.1
Grapes,Gujarat,Rabi,22.35,403.08,589.9,152.7
Apple,Rajasthan,Zaid,33.53,335.22,606.1,90.0
Cotton,Maharashtra,Rabi,12.92,25.58,757.8,65.8
Chickpea,Uttar Pradesh,Kharif,8.31,16.91,554.3,79.9
Apple,Tamil Nadu,Kharif,31.77,238.27,741.2,99.9
Apple,Maharashtra,Kharif,2.85,35.06,1019.2,102.8
Potato,Karnataka,Zaid,5.57,98.42,669.7,136.6
Cotton,Tamil Nadu,Rabi,8.79,24.82,984.9,132.1
Wheat,Gujarat,Kharif,30.42,131.32,306.5,148.9
Chickpea,Madhya Pradesh,Whole Year,29.35,59.17,541.0,59.4
Rice,Madhya Pradesh,Zaid,19.37,76.79,1405.1,131.3
Banana,Haryana,Rabi,8.44,338.0,1129.4,223.4
Wheat,Goa,Zaid,4.29,22.54,554.7,153.5
Wheat,Karnataka,Zaid,46.6,180.01,426.9,107.9
Chickpea,Punjab,Rabi,17.58,39.39,476.9,72.0
Wheat,Goa,Rabi,35.7,137.36,328.9,113.5
Cotton,Gujarat,Whole Year,25.3,56.58,881.4,88.1
Rice,Tamil Nadu,Zaid,5.03,17.32,988.8,111.5
Tomato,Punjab,Kharif,15.53,312.66,719.5,152.4
Potato,Tamil Nadu,Kharif,3.91,97.83,629.1,171.4
Potato,Rajasthan,Kharif,49.76,1239.46,517.4,154.0
Grapes,Goa,Zaid,24.76,428.58,798.5,150.3
Tomato,Karnataka,Whole Year,15.66,306.61,830.3,175.6
Maize,Uttar Pradesh,Zaid,35.38,138.59,501.3,119.2
Tomato,Haryana,Rabi,41.49,940.16,803.6,141.9
Apple,Karnataka,Kharif,0.97,11.01,943.1,112.0
Grapes,Gujarat,Rabi,3.43,61.15,788.1,133.5
Maize,Madhya Pradesh,Zaid,8.66,27.81,470.4,81.3
Tomato,Madhya Pradesh,Rabi,42.1,896.7,932.2,186.1
Tomato,Haryana,Whole Year,47.22,1205.32,1025.2,167.7
Rice,Punjab,Zaid,23.35,80.04,1149.8,155.5
Potato,Rajasthan,Zaid,45.33,822.29,605.2,145.3
Cotton,Tamil Nadu,Kharif,6.49,8.91,861.3,112.9
Potato,Karnataka,Kharif,28.25,438.47,271.9,117.2
Grapes,Tamil Nadu,Zaid,33.51,442.79,692.5,146.0
Banana,Maharashtra,Rabi,23.09,709.35,1307.4,216.9
Maize,Uttar Pradesh,Zaid,0.8,4.02,700.0,73.3
Wheat,Tamil Nadu,Whole Year,38.0,152.13,584.5,172.5
Grapes,Maharashtra,Kharif,11.63,158.56,582.1,162.2
Rice,Goa,Rabi,11.95,33.58,1015.4,66.4
Tomato,Karnataka,Zaid,1.72,35.07,405.1,162.4
Banana,Gujarat,Rabi,41.97,1477.24,1363.2,139.2
Maize,Tamil Nadu,Rabi,34.34,124.7,784.4,103.0
Tomato,Karnataka,Rabi,41.95,530.87,869.2,161.8
Tomato,Gujarat,Whole Year,18.12,377.57,746.6,148.8
Chickpea,Haryana,Zaid,4.82,8.06,281.4,86.4
Banana,Maharashtra,Whole Year,30.33,992.77,1426.5,152.1
Chickpea,Uttar Pradesh,Rabi,22.58,43.53,442.1,39.0
Banana,Haryana,Kharif,6.93,292.19,1597.2,208.7
Potato,Uttar Pradesh,Whole Year,46.28,743.59,515.8,138.4
Grapes,Tamil Nadu,Rabi,30.66,480.28,656.0,102.5
Potato,Gujarat,Kharif,17.28,360.95,478.9,134.7
Rice,Karnataka,Rabi,40.3,93.46,689.8,84.3
Apple,Gujarat,Whole Year,46.24,491.77,957.9,61.5
Maize,Maharashtra,Kharif,5.38,21.18,872.9,104.5
Wheat,Goa,Rabi,25.53,106.05,726.7,149.4
Banana,Madhya Pradesh,Rabi,1.31,53.39,1163.7,218.4
Banana,Karnataka,Rabi,42.21,1165.14,953.2,160.7
Potato,Haryana,Zaid,12.22,197.84,522.5,127.8
Rice,Madhya Pradesh,Whole Year,29.44,92.13,938.9,138.0
Rice,Tamil Nadu,Kharif,46.72,132.07,884.6,111.2
Tomato,Gujarat,Zaid,28.85,531.38,760.4,119.7
Potato,Uttar Pradesh,Rabi,42.36,687.72,382.9,174.2
Potato,Tamil Nadu,Whole Year,23.54,429.16,459.1,195.3
Chickpea,Haryana,Whole Year,45.71,91.44,247.7,20.0
Cotton,Madhya Pradesh,Rabi,22.78,38.1,820.1,94.3
Potato,Punjab,Zaid,44.0,984.06,773.6,159.0
Chickpea,Haryana,Kharif,8.46,15.68,280.6,66.7
Grapes,Maharashtra,Kharif,11.46,134.85,380.8,156.7
Chickpea,Punjab,Kharif,16.14,24.74,581.4,72.2
Cotton,Tamil Nadu,Rabi,6.0,15.33,814.3,109.9
Banana,Madhya Pradesh,Rabi,48.36,1902.17,1296.8,184.1
Potato,Tamil Nadu,Zaid,35.83,571.37,602.7,141.2
Grapes,Karnataka,Whole Year,17.22,242.52,632.0,181.3
Maize,Karnataka,Kharif,11.71,53.26,719.0,92.1
Apple,Karnataka,Kharif,39.85,508.15,1177.1,66.6
Grapes,Maharashtra,Zaid,39.81,610.23,635.4,151.7
Cotton,Tamil Nadu,Rabi,39.52,90.18,952.7,86.3
Chickpea,Karnataka,Whole Year,15.73,29.68,384.9,69.2
Potato,Madhya Pradesh,Zaid,33.78,540.84,782.5,129.9
Tomato,Goa,Whole Year,25.96,523.46,702.8,151.9
Tomato,Uttar Pradesh,Rabi,48.14,1303.77,702.5,178.1
Apple,Karnataka,Kharif,37.0,377.51,925.4,79.5
Wheat,Tamil Nadu,Whole Year,22.28,88.85,497.6,140.5
Banana,Haryana,Whole Year,1.44,56.34,1101.8,229.7
Rice,Rajasthan,Kharif,8.43,23.23,1016.9,100.8
Tomato,Punjab,Whole Year,8.99,244.32,737.7,143.4
Banana,Maharashtra,Kharif,45.3,1763.88,1448.2,202.5
Wheat,Punjab,Zaid,22.43,100.08,730.9,120.3
Banana,Madhya Pradesh,Whole Year,28.53,943.72,1270.6,183.9
Wheat,Madhya Pradesh,Rabi,43.61,193.1,640.4,80.3
Maize,Maharashtra,Zaid,38.76,174.75,763.3,155.9
Banana,Goa,Kharif,10.94,507.65,1327.5,220.9
Apple,Madhya Pradesh,Whole Year,0.86,9.11,875.2,98.9
Tomato,Madhya Pradesh,Kharif,17.21,406.47,517.8,173.4
Tomato,Haryana,Kharif,1.62,38.37,837.8,174.7
Potato,Gujarat,Kharif,11.33,208.99,730.8,188.3
Tomato,Gujarat,Whole Year,33.09,737.95,618.0,145.3
Chickpea,Gujarat,Kharif,44.28,95.42,612.5,25.0
Wheat,Goa,Rabi,41.51,157.76,472.2,108.0
Banana,Punjab,Rabi,16.63,502.77,1441.4,222.1
Potato,Rajasthan,Zaid,21.25,291.44,560.1,142.0
Wheat,Gujarat,Zaid,6.96,26.54,564.2,117.9
Cotton,Karnataka,Rabi,43.79,105.21,1231.1,51.4
Maize,Madhya Pradesh,Kharif,34.35,143.59,535.3,112.8
Apple,Goa,Zaid,36.93,330.72,616.7,95.9
Tomato,Maharashtra,Zaid,22.47,584.49,1041.6,179.9
Potato,Goa,Zaid,25.09,467.52,576.6,177.6
Maize,Punjab,Kharif,42.33,235.49,949.4,137.3
Potato,Maharashtra,Rabi,30.25,536.46,590.0,123.3
Chickpea,Goa,Whole Year,27.53,55.87,508.2,43.5
Banana,Punjab,Kharif,9.8,369.29,1452.9,225.1
Rice,Madhya Pradesh,Rabi,29.63,127.61,1053.7,85.9
Cotton,Uttar Pradesh,Kharif,33.44,81.77,903.0,78.1
Maize,Punjab,Kharif,43.77,160.19,701.0,114.8
Cotton,Maharashtra,Kharif,1.09,1.86,633.2,33.0
Potato,Gujarat,Zaid,0.56,9.8,584.5,177.4
Potato,Madhya Pradesh,Kharif,32.05,685.76,698.5,127.7
Apple,Madhya Pradesh,Kharif,21.55,222.17,990.9,126.6
Banana,Punjab,Kharif,42.27,1832.04,1492.1,191.2
Chickpea,Punjab,Kharif,41.23,73.62,441.7,20.0
Rice,Punjab,Rabi,13.92,42.52,653.6,100.9
Chickpea,Goa,Zaid,12.45,19.54,332.4,30.3
Potato,Tamil Nadu,Whole Year,37.63,582.77,598.6,146.7
Apple,Punjab,Whole Year,31.87,365.83,636.4,94.5
Potato,Maharashtra,Whole Year,37.39,660.94,556.6,78.6
Grapes,Rajasthan,Rabi,29.95,517.81,757.5,113.5
Potato,Gujarat,Rabi,44.38,316.68,577.3,67.3
Banana,Goa,Kharif,19.52,424.46,1198.9,197.0
Banana,Tamil Nadu,Rabi,2.84,97.58,1242.9,248.1
Maize,Maharashtra,Whole Year,29.95,101.64,430.7,146.6
Wheat,Tamil Nadu,Whole Year,13.85,56.28,770.2,72.5
Potato,Tamil Nadu,Rabi,21.34,435.06,645.2,166.5
Wheat,Rajasthan,Rabi,30.6,126.36,540.6,132.0
Rice,Haryana,Rabi,37.38,131.95,993.0,104.8
Cotton,Tamil Nadu,Whole Year,42.26,68.55,578.3,92.8
Banana,Goa,Rabi,23.0,908.13,1154.0,227.1
Maize,Haryana,Zaid,46.3,146.34,479.0,82.7
Grapes,Gujarat,Whole Year,30.72,531.28,550.2,134.4
Grapes,Rajasthan,Whole Year,42.2,729.75,927.3,144.5
Maize,Punjab,Rabi,20.45,60.16,858.4,49.7
Tomato,Haryana,Zaid,36.2,1033.84,633.8,165.8
Wheat,Uttar Pradesh,Zaid,12.51,51.02,388.7,166.0
Chickpea,Madhya Pradesh,Kharif,45.75,86.91,579.5,56.1
Rice,Maharashtra,Rabi,7.57,24.27,892.4,94.4
Tomato,Haryana,Kharif,14.98,318.04,814.2,190.9
Tomato,Gujarat,Zaid,0.68,17.18,692.0,176.2
Wheat,Gujarat,Whole Year,33.64,165.58,446.2,193.2
Apple,Gujarat,Whole Year,11.77,135.9,883.2,81.4
Potato,Punjab,Whole Year,44.38,842.98,969.5,145.2
Chickpea,Gujarat,Zaid,49.75,91.27,200.0,64.7
Tomato,Gujarat,Whole Year,32.9,475.49,670.9,188.6
Maize,Gujarat,Kharif,49.62,230.78,702.6,109.0
Rice,Haryana,Zaid,41.33,138.15,943.0,170.3
Apple,Uttar Pradesh,Whole Year,20.06,246.12,929.7,70.8
Chickpea,Haryana,Rabi,24.43,47.39,566.8,36.4
Wheat,Haryana,Kharif,40.22,143.07,364.6,131.1
Grapes,Madhya Pradesh,Rabi,9.81,131.43,685.4,79.3
Banana,Uttar Pradesh,Rabi,8.1,309.0,1275.6,204.7
Tomato,Maharashtra,Rabi,20.02,346.16,757.3,157.2
Wheat,Rajasthan,Whole Year,3.89,13.42,507.6,115.4
Tomato,Tamil Nadu,Rabi,37.52,863.25,651.2,181.5
Wheat,Goa,Kharif,24.47,114.96,611.9,132.9
Banana,Gujarat,Whole Year,26.19,1025.87,884.1,217.4
Wheat,Haryana,Zaid,13.36,58.26,427.7,168.2
Cotton,Punjab,Whole Year,19.59,32.62,507.7,67.7
Banana,Rajasthan,Whole Year,30.88,878.91,1146.8,186.5
Apple,Uttar Pradesh,Zaid,44.6,453.5,898.3,81.7
Maize,Tamil Nadu,Whole Year,17.53,104.17,802.2,123.6
Rice,Rajasthan,Kharif,11.77,40.13,1036.5,148.1
Chickpea,Karnataka,Rabi,28.22,48.37,499.0,57.3
Grapes,Gujarat,Kharif,48.31,680.9,440.3,159.6
Maize,Gujarat,Kharif,30.47,125.91,656.9,123.9
Rice,Uttar Pradesh,Rabi,4.54,17.98,874.7,116.6
Wheat,Punjab,Rabi,4.92,20.18,547.7,104.5
Apple,Madhya Pradesh,Whole Year,22.76,223.81,911.0,76.3
Tomato,Goa,Whole Year,3.34,67.62,579.2,194.8
Banana,Gujarat,Zaid,8.61,336.42,996.3,169.4
Tomato,Maharashtra,Zaid,35.07,721.4,771.0,173.6
Apple,Gujarat,Whole Year,2.7,36.53,776.4,122.7
Chickpea,Haryana,Kharif,33.19,62.2,353.3,28.2
Rice,Goa,Rabi,39.45,126.01,1089.6,141.6
Cotton,Tamil Nadu,Kharif,24.0,45.26,823.5,78.8
Cotton,Maharashtra,Whole Year,3.89,7.22,439.7,124.3
Banana,Uttar Pradesh,Kharif,22.77,507.81,773.4,187.3
Apple,Haryana,Kharif,31.16,474.33,904.5,115.6
Rice,Karnataka,Rabi,26.03,104.2,1065.0,158.6
Maize,Punjab,Whole Year,8.94,25.33,301.7,111.6
Wheat,Tamil Nadu,Kharif,30.13,129.7,592.4,132.5
Rice,Rajasthan,Whole Year,47.6,203.24,1140.6,97.7
Chickpea,Karnataka,Zaid,45.42,82.36,598.4,73.4
Wheat,Rajasthan,Zaid,13.87,63.09,521.9,156.9
Wheat,Uttar Pradesh,Whole Year,22.88,80.88,481.8,139.1
Chickpea,Tamil Nadu,Zaid,39.03,68.43,598.0,47.9
Rice,Gujarat,Zaid,20.18,72.96,1110.6,142.3
Potato,Uttar Pradesh,Whole Year,45.72,1053.26,546.7,184.7
Banana,Rajasthan,Rabi,29.68,922.36,1197.6,210.9
Tomato,Gujarat,Rabi,15.5,272.01,719.4,157.8
Wheat,Punjab,Rabi,24.39,101.55,379.4,124.6
Maize,Goa,Zaid,33.94,180.61,516.0,142.7
Chickpea,Tamil Nadu,Kharif,40.78,78.06,303.7,46.8
Apple,Punjab,Zaid,26.25,287.68,887.7,88.8
Wheat,Haryana,Zaid,15.6,59.21,608.6,109.6
Cotton,Uttar Pradesh,Whole Year,38.25,64.98,882.7,54.1
Wheat,Madhya Pradesh,Rabi,37.43,122.26,678.9,101.2
Potato,Punjab,Zaid,18.05,281.57,693.4,92.1
Rice,Tamil Nadu,Rabi,18.66,65.95,952.8,114.6
Wheat,Rajasthan,Zaid,38.08,122.98,721.4,111.2
Potato,Madhya Pradesh,Zaid,43.48,733.44,696.3,161.1
Potato,Tamil Nadu,Rabi,15.74,239.67,752.6,124.4
Grapes,Maharashtra,Zaid,38.66,588.45,783.1,124.8
Apple,Haryana,Rabi,36.93,402.98,1162.1,55.1
Apple,Rajasthan,Zaid,48.42,630.48,938.4,89.9
Potato,Uttar Pradesh,Whole Year,22.57,466.06,351.0,199.0
Rice,Maharashtra,Zaid,5.03,20.23,979.4,138.6
Chickpea,Tamil Nadu,Kharif,20.08,45.07,242.7,73.4
Potato,Gujarat,Zaid,37.15,556.12,429.7,111.0
Chickpea,Karnataka,Whole Year,34.67,67.25,403.8,98.1
Potato,Gujarat,Zaid,31.85,505.27,555.0,185.8
Grapes,Karnataka,Rabi,8.66,136.59,855.6,129.6
Banana,Madhya Pradesh,Kharif,43.84,1585.17,1310.7,248.3
Apple,Punjab,Zaid,44.51,461.44,772.0,101.3
Cotton,Karnataka,Rabi,43.46,133.76,952.8,202.0
Grapes,Madhya Pradesh,Whole Year,15.91,287.41,885.4,124.4
Apple,Gujarat,Zaid,25.25,289.25,1175.0,147.0
Apple,Haryana,Kharif,3.01,27.37,749.4,72.3
Apple,Rajasthan,Whole Year,13.35,208.51,815.0,108.1
Banana,Uttar Pradesh,Whole Year,27.81,1351.2,1199.0,247.6
Apple,Goa,Kharif,25.02,226.0,832.4,137.2
Grapes,Punjab,Zaid,31.3,465.35,553.3,134.6
Cotton,Karnataka,Whole Year,4.16,9.94,809.5,92.2
Apple,Karnataka,Zaid,38.18,408.66,961.7,69.7
Cotton,Punjab,Rabi,21.14,40.43,943.6,95.0
Rice,Haryana,Rabi,15.64,49.46,982.2,113.0
Apple,Punjab,Whole Year,36.84,410.81,791.9,122.5
Chickpea,Haryana,Rabi,31.56,53.39,613.8,32.3
Wheat,Maharashtra,Whole Year,17.84,78.55,796.4,141.5
Cotton,Goa,Zaid,22.69,64.14,1050.7,117.8
Banana,Madhya Pradesh,Zaid,9.46,276.46,1296.3,199.6
Banana,Gujarat,Rabi,17.19,764.02,1109.3,180.5
Grapes,Maharashtra,Rabi,3.9,44.79,525.9,119.7
Potato,Karnataka,Zaid,42.35,912.8,621.4,164.0
Tomato,Tamil Nadu,Whole Year,18.48,345.73,542.9,176.8
Banana,Haryana,Zaid,33.85,1465.76,1169.5,234.1
Chickpea,Uttar Pradesh,Zaid,34.83,56.65,304.9,46.3
Chickpea,Tamil Nadu,Kharif,24.88,42.83,365.2,25.8
Potato,Goa,Kharif,38.06,651.82,361.5,162.8
Banana,Uttar Pradesh,Rabi,1.51,50.81,1102.7,185.3
Wheat,Rajasthan,Rabi,24.11,116.96,707.3,116.2
Chickpea,Rajasthan,Rabi,14.86,23.87,375.8,79.5
Chickpea,Haryana,Rabi,11.26,18.36,427.4,52.1
Maize,Gujarat,Zaid,46.27,170.77,693.8,80.6
Banana,Maharashtra,Zaid,15.13,651.06,1299.8,217.2
Rice,Gujarat,Rabi,40.49,119.88,1060.2,88.5
Chickpea,Punjab,Whole Year,30.34,59.04,385.7,20.0
Maize,Gujarat,Whole Year,49.13,234.03,934.8,100.7
Wheat,Maharashtra,Zaid,45.58,200.41,674.0,120.1
Grapes,Gujarat,Zaid,29.93,483.05,928.8,116.7
Apple,Rajasthan,Whole Year,29.71,406.23,771.7,100.5
Apple,Rajasthan,Zaid,1.18,13.85,994.4,112.9
Potato,Uttar Pradesh,Zaid,6.15,108.77,736.8,170.9
Apple,Maharashtra,Zaid,10.94,94.44,987.2,64.6
Potato,Madhya Pradesh,Kharif,8.49,178.84,532.9,153.8
Rice,Haryana,Kharif,15.63,52.14,1166.1,110.2
Wheat,Karnataka,Whole Year,26.56,104.38,809.1,155.0
Potato,Madhya Pradesh,Rabi,1.82,37.62,1012.3,157.3
Apple,Goa,Zaid,33.91,425.09,1018.3,101.5
Wheat,Haryana,Zaid,32.29,85.9,669.8,87.3
Cotton,Gujarat,Zaid,18.37,39.61,981.1,79.6
Apple,Rajasthan,Whole Year,44.77,471.32,1031.9,82.7
Maize,Gujarat,Whole Year,11.97,46.44,741.2,79.4
Cotton,Maharashtra,Kharif,5.22,11.9,895.5,58.9
Apple,Punjab,Rabi,10.59,132.09,856.3,91.0
Wheat,Madhya Pradesh,Rabi,49.17,225.21,457.6,159.8
Chickpea,Punjab,Zaid,40.94,79.12,581.9,64.1
Wheat,Maharashtra,Rabi,9.75,38.42,430.6,107.2
Maize,Tamil Nadu,Kharif,2.23,11.14,627.4,155.5
Wheat,Gujarat,Zaid,6.71,32.63,516.6,121.8
Wheat,Punjab,Rabi,30.21,108.33,313.8,149.1
Wheat,Gujarat,Kharif,35.69,128.04,521.3,161.4
Maize,Punjab,Rabi,8.14,38.97,805.5,89.5
Cotton,Maharashtra,Kharif,48.46,131.75,1171.3,90.4
Wheat,Gujarat,Kharif,47.1,151.63,377.6,123.9
Rice,Goa,Kharif,2.69,11.73,926.7,128.4
Tomato,Tamil Nadu,Kharif,39.24,798.58,845.0,196.7
Apple,Gujarat,Kharif,35.53,400.12,1088.4,83.2
Chickpea,Karnataka,Rabi,4.01,7.83,521.2,78.1
Maize,Goa,Zaid,47.88,198.89,685.9,92.4
Apple,Haryana,Whole Year,30.98,361.47,767.1,125.8
Tomato,Tamil Nadu,Zaid,22.43,442.02,849.4,161.1
Chickpea,Karnataka,Whole Year,32.38,43.28,551.1,20.0
Potato,Gujarat,Rabi,16.37,243.11,576.6,182.1
Grapes,Rajasthan,Whole Year,41.94,574.47,706.9,128.0
Grapes,Karnataka,Whole Year,28.62,431.0,761.0,140.5
Rice,Goa,Whole Year,15.29,61.65,955.2,96.6
Maize,Karnataka,Whole Year,47.06,228.67,397.0,152.1
Potato,Gujarat,Zaid,30.66,536.21,738.6,156.3
Rice,Punjab,Whole Year,14.7,40.99,1087.7,75.8
Cotton,Uttar Pradesh,Zaid,42.52,89.93,602.2,55.3
Wheat,Maharashtra,Whole Year,24.05,109.92,617.4,133.5
Potato,Maharashtra,Rabi,44.47,719.7,589.4,139.5
Chickpea,Punjab,Rabi,29.36,53.08,304.9,44.7
Chickpea,Karnataka,Whole Year,41.71,90.79,327.5,76.9
Rice,Punjab,Rabi,41.69,111.12,1036.2,122.8
Tomato,Haryana,Rabi,38.0,864.88,771.6,114.8
Banana,Punjab,Rabi,8.33,335.8,1450.5,183.2
Potato,Karnataka,Zaid,47.74,1140.76,604.6,127.3
Chickpea,Maharashtra,Rabi,16.83,27.73,529.2,20.0
Banana,Maharashtra,Whole Year,44.81,1622.45,1390.1,217.7
Potato,Goa,Kharif,44.77,939.55,933.2,178.0
Banana,Maharashtra,Zaid,1.22,43.36,1111.4,219.6
Tomato,Karnataka,Kharif,3.74,99.37,869.5,155.6
Cotton,Punjab,Zaid,26.88,76.47,1030.0,87.3
Apple,Rajasthan,Kharif,24.5,272.66,822.6,121.2
Rice,Haryana,Rabi,5.16,14.82,1142.4,99.7
Wheat,Haryana,Whole Year,35.89,159.16,337.8,146.9
Wheat,Uttar Pradesh,Kharif,3.21,15.82,700.0,130.4
Banana,Haryana,Whole Year,16.4,665.31,1419.1,235.9
Chickpea,Tamil Nadu,Kharif,7.05,7.38,292.1,21.0
Apple,Karnataka,Whole Year,6.02,62.48,910.3,72.9
Maize,Uttar Pradesh,Whole Year,31.05,126.18,773.9,105.5
Chickpea,Goa,Kharif,13.4,19.46,442.0,22.0
Potato,Madhya Pradesh,Kharif,44.2,800.57,801.4,143.2
Banana,Haryana,Zaid,3.26,121.64,1414.7,244.3
Cotton,Goa,Whole Year,22.37,54.88,792.1,62.2
Tomato,Rajasthan,Rabi,0.99,26.08,886.2,147.7
Cotton,Maharashtra,Zaid,36.2,82.64,698.6,70.6
Wheat,Karnataka,Rabi,24.11,89.1,397.1,133.8
Grapes,Madhya Pradesh,Zaid,10.11,157.84,415.3,138.2
Chickpea,Tamil Nadu,Kharif,13.29,21.47,200.0,38.0
Maize,Haryana,Rabi,22.17,88.57,953.3,91.5
Banana,Uttar Pradesh,Rabi,7.15,217.47,1276.2,172.6
Tomato,Gujarat,Whole Year,45.31,825.22,826.4,140.5
Chickpea,Haryana,Whole Year,34.24,68.08,708.9,20.0
Rice,Maharashtra,Zaid,15.92,59.2,999.5,113.4
Chickpea,Gujarat,Whole Year,40.47,77.91,336.6,74.3
Cotton,Haryana,Whole Year,42.91,93.48,771.7,77.3
Apple,Rajasthan,Whole Year,3.2,42.46,1010.3,99.8
Banana,Punjab,Kharif,21.04,595.04,996.3,162.3
Apple,Madhya Pradesh,Whole Year,18.03,221.09,772.3,145.7
Tomato,Gujarat,Whole Year,48.82,1047.2,666.9,146.6
Rice,Punjab,Rabi,19.93,67.66,1068.4,155.0
Tomato,Madhya Pradesh,Zaid,39.77,922.67,761.8,228.8
Chickpea,Madhya Pradesh,Rabi,32.76,76.59,379.6,85.3
Wheat,Maharashtra,Whole Year,44.09,185.34,714.5,108.2
Apple,Haryana,Kharif,27.71,325.97,1185.3,132.3
Apple,Gujarat,Rabi,15.49,156.76,688.7,131.9
Wheat,Karnataka,Kharif,27.95,110.39,575.5,109.9
Potato,Karnataka,Rabi,40.47,791.74,621.9,145.8
Grapes,Punjab,Kharif,23.56,479.08,814.1,156.7
Cotton,Maharashtra,Rabi,18.56,43.59,721.8,89.5
Tomato,Haryana,Zaid,11.91,278.31,648.2,131.4
Maize,Goa,Rabi,41.99,126.27,518.8,106.9
Tomato,Karnataka,Kharif,36.25,975.4,921.3,161.2
Cotton,Madhya Pradesh,Kharif,12.78,30.37,1101.3,92.8
Tomato,Uttar Pradesh,Whole Year,16.76,298.8,364.9,156.5
Cotton,Madhya Pradesh,Zaid,39.88,86.72,1034.6,111.3
Apple,Rajasthan,Whole Year,24.41,314.0,1057.0,111.6
Banana,Uttar Pradesh,Zaid,15.73,556.69,1237.1,142.9
Rice,Rajasthan,Whole Year,46.2,124.16,961.9,96.3
Grapes,Madhya Pradesh,Whole Year,28.65,394.11,804.1,75.7
Potato,Karnataka,Kharif,29.06,557.21,728.6,189.9
Cotton,Tamil Nadu,Rabi,4.04,10.37,884.9,87.9
Banana,Madhya Pradesh,Whole Year,16.78,599.89,1365.8,208.1
Cotton,Maharashtra,Kharif,48.7,104.79,790.3,65.1
Tomato,Uttar Pradesh,Zaid,1.96,40.83,549.5,130.0
Wheat,Goa,Whole Year,14.2,52.15,475.1,119.8
Chickpea,Gujarat,Whole Year,46.47,79.23,639.3,88.0
Chickpea,Uttar Pradesh,Kharif,14.66,29.08,577.5,36.7
Maize,Punjab,Whole Year,33.57,119.06,529.4,109.0
Potato,Karnataka,Rabi,24.51,548.04,641.5,137.1
Cotton,Tamil Nadu,Kharif,20.36,40.45,646.1,72.8
Rice,Haryana,Rabi,30.59,128.96,783.0,145.8
Apple,Tamil Nadu,Whole Year,13.11,113.01,789.9,95.7
Chickpea,Uttar Pradesh,Whole Year,29.97,56.82,424.3,67.7
Chickpea,Madhya Pradesh,Kharif,12.17,19.01,402.1,27.5
Apple,Maharashtra,Zaid,28.88,254.64,799.6,97.5
Grapes,Maharashtra,Zaid,47.29,781.89,445.5,208.2
Rice,Maharashtra,Kharif,30.7,89.85,700.4,75.7
Cotton,Tamil Nadu,Whole Year,27.4,67.84,989.2,94.4
Maize,Goa,Rabi,13.3,65.62,557.6,106.3
Maize,Gujarat,Zaid,43.87,183.52,513.1,133.2
Cotton,Haryana,Whole Year,34.48,84.01,748.2,93.6
Grapes,Uttar Pradesh,Rabi,38.98,579.37,621.4,160.8
Banana,Tamil Nadu,Zaid,48.58,1917.64,1339.9,237.5
Maize,Tamil Nadu,Zaid,39.5,172.34,751.6,69.3
Apple,Uttar Pradesh,Rabi,22.1,215.09,937.8,31.1
Cotton,Rajasthan,Zaid,18.15,36.97,663.9,84.5
Rice,Karnataka,Whole Year,45.4,189.78,933.0,154.8
Tomato,Punjab,Rabi,4.34,94.91,863.8,139.8
Wheat,Uttar Pradesh,Zaid,16.01,71.35,501.1,138.8
Wheat,Maharashtra,Zaid,25.43,88.52,287.0,65.8
Chickpea,Karnataka,Zaid,9.47,15.48,370.4,20.0
Maize,Haryana,Kharif,44.47,180.84,596.3,89.3
Potato,Haryana,Kharif,10.6,175.73,456.2,175.2
Maize,Gujarat,Rabi,43.49,159.95,336.8,91.7
Banana,Madhya Pradesh,Rabi,31.03,1044.71,1352.5,223.4
Apple,Karnataka,Kharif,9.09,115.92,903.2,68.7
Cotton,Tamil Nadu,Zaid,37.46,98.24,843.4,93.9
Chickpea,Punjab,Whole Year,9.13,19.69,417.0,31.5
Apple,Madhya Pradesh,Kharif,36.53,365.05,709.9,95.1
Rice,Rajasthan,Zaid,6.06,17.7,1053.6,96.5
Banana,Uttar Pradesh,Whole Year,18.43,427.01,1089.6,206.8
Banana,Maharashtra,Rabi,36.66,1411.09,1222.3,207.7
Rice,Uttar Pradesh,Whole Year,25.06,86.97,883.1,103.2
Potato,Karnataka,Whole Year,13.58,278.71,601.7,188.0
Banana,Maharashtra,Rabi,39.16,1452.38,968.5,192.0
Banana,Madhya Pradesh,Rabi,7.18,263.89,1306.6,222.7
Cotton,Gujarat,Zaid,46.06,133.05,934.1,104.9
Apple,Gujarat,Whole Year,29.25,300.47,909.6,124.7
Tomato,Maharashtra,Zaid,21.54,533.45,788.5,163.9
Cotton,Haryana,Rabi,41.0,124.34,785.7,123.8
Chickpea,Haryana,Zaid,35.39,53.45,512.9,20.0
Apple,Rajasthan,Rabi,0.8,6.5,869.7,52.3
Maize,Uttar Pradesh,Whole Year,37.03,180.62,705.2,106.0
Cotton,Goa,Zaid,33.39,72.0,936.3,52.3
Wheat,Rajasthan,Kharif,15.65,52.09,435.2,155.7
Tomato,Rajasthan,Rabi,22.92,480.41,556.2,129.6
Rice,Tamil Nadu,Rabi,20.26,81.03,915.3,156.9
Tomato,Uttar Pradesh,Kharif,9.03,205.05,777.0,121.9
Rice,Maharashtra,Whole Year,8.94,32.1,969.4,83.8
Grapes,Goa,Rabi,44.87,650.53,850.3,66.7
Grapes,Rajasthan,Rabi,26.59,302.66,588.1,157.9
Chickpea,Uttar Pradesh,Rabi,42.5,78.63,437.6,63.4
Chickpea,Punjab,Rabi,48.23,119.53,564.3,77.2
Chickpea,Madhya Pradesh,Rabi,43.63,74.47,346.3,53.8
Maize,Rajasthan,Whole Year,39.91,141.89,852.4,120.4
Banana,Punjab,Zaid,48.25,1750.88,1441.4,200.2
Grapes,Gujarat,Whole Year,41.9,761.85,724.0,163.3
Chickpea,Goa,Whole Year,22.22,37.05,329.2,29.8
Wheat,Maharashtra,Zaid,38.08,144.58,459.5,91.7
Rice,Uttar Pradesh,Rabi,46.68,196.24,1060.4,164.6
Cotton,Karnataka,Zaid,31.31,68.2,655.3,119.1
Banana,Punjab,Rabi,46.82,2105.88,1188.1,260.6
Apple,Karnataka,Kharif,37.41,461.61,678.3,124.1
Banana,Madhya Pradesh,Whole Year,36.11,1149.01,1249.5,203.7
Rice,Haryana,Zaid,4.68,14.87,928.6,92.1
Maize,Karnataka,Whole Year,33.32,188.99,972.6,139.6
Chickpea,Madhya Pradesh,Kharif,14.87,25.07,299.3,71.5
Grapes,Tamil Nadu,Kharif,7.31,117.16,555.1,145.2
Rice,Karnataka,Whole Year,28.87,122.66,1080.4,138.0
Tomato,Madhya Pradesh,Whole Year,31.18,612.17,889.9,137.4
Tomato,Madhya Pradesh,Rabi,23.64,602.94,829.8,136.5
Rice,Uttar Pradesh,Zaid,36.49,136.89,1003.1,132.2
Rice,Uttar Pradesh,Zaid,38.34,103.29,831.1,123.4
Maize,Maharashtra,Rabi,8.22,34.57,712.0,108.0
Rice,Maharashtra,Whole Year,44.27,171.77,967.7,136.9
Apple,Madhya Pradesh,Kharif,3.85,50.22,1173.5,96.4
Tomato,Punjab,Kharif,1.89,45.77,802.8,218.5
Wheat,Goa,Kharif,13.87,41.13,283.6,107.5
Banana,Rajasthan,Zaid,36.32,1137.51,1259.2,178.0
Rice,Gujarat,Zaid,27.73,102.29,1192.3,124.7
Rice,Haryana,Zaid,49.56,178.4,823.6,172.0
Potato,Karnataka,Zaid,6.49,79.34,740.5,136.5
Apple,Karnataka,Kharif,27.78,385.26,883.9,63.9
Potato,Haryana,Zaid,40.19,557.62,397.3,155.6
Grapes,Goa,Whole Year,42.44,581.98,556.8,181.8
Rice,Maharashtra,Whole Year,11.32,51.92,1151.7,156.9
Apple,Maharashtra,Zaid,30.3,328.6,671.2,76.2
Tomato,Goa,Whole Year,43.73,1207.33,804.7,168.4
Grapes,Rajasthan,Whole Year,3.13,36.98,779.0,96.7
Banana,Karnataka,Kharif,29.79,937.7,1128.8,221.4
Grapes,Maharashtra,Kharif,43.96,600.47,433.2,124.8
Cotton,Haryana,Kharif,0.6,1.44,917.9,70.7
Tomato,Uttar Pradesh,Zaid,5.41,140.32,804.9,202.2
Rice,Madhya Pradesh,Rabi,18.99,54.4,905.9,155.0
Maize,Madhya Pradesh,Rabi,1.39,7.67,486.6,115.0
Maize,Goa,Kharif,25.44,126.03,1024.6,146.4
Tomato,Tamil Nadu,Kharif,21.64,542.43,681.1,173.8
Cotton,Gujarat,Rabi,24.3,37.75,418.5,59.6
Grapes,Madhya Pradesh,Whole Year,11.62,220.67,871.7,103.6
Apple,Rajasthan,Zaid,26.88,364.7,1093.8,64.9
Cotton,Tamil Nadu,Whole Year,27.71,49.81,741.5,50.8
Banana,Uttar Pradesh,Zaid,33.45,1132.44,1015.7,218.7
Banana,Haryana,Kharif,30.81,1029.37,1271.0,182.9
Maize,Rajasthan,Zaid,6.6,35.18,668.0,96.6
Tomato,Maharashtra,Whole Year,23.87,535.57,593.8,149.6
Maize,Goa,Kharif,44.99,238.81,487.7,106.4
Grapes,Gujarat,Kharif,41.95,622.56,593.3,131.2
Potato,Rajasthan,Zaid,1.38,26.14,348.0,193.3
Cotton,Rajasthan,Zaid,11.74,23.89,819.3,142.2
Cotton,Uttar Pradesh,Kharif,30.65,79.43,831.0,74.5
Banana,Punjab,Kharif,28.28,796.68,1324.0,191.5
Banana,Maharashtra,Rabi,31.44,1234.41,1127.6,163.9
Rice,Gujarat,Rabi,7.41,27.44,1043.5,121.7
Apple,Rajasthan,Whole Year,39.32,533.74,808.5,127.7
Grapes,Madhya Pradesh,Zaid,19.18,266.87,947.5,119.2
Rice,Uttar Pradesh,Zaid,10.62,36.89,1082.5,97.9
Wheat,Madhya Pradesh,Whole Year,46.9,161.91,534.1,138.2
Rice,Punjab,Zaid,29.6,137.23,1134.0,160.3
Chickpea,Haryana,Rabi,13.56,24.94,512.5,36.8
Banana,Uttar Pradesh,Kharif,42.65,1698.09,1374.0,228.2
Cotton,Tamil Nadu,Zaid,32.74,78.34,1066.9,52.1
Apple,Gujarat,Whole Year,41.02,374.71,961.0,84.8
Tomato,Karnataka,Rabi,9.44,198.02,529.3,186.4
Maize,Madhya Pradesh,Whole Year,32.22,145.46,855.8,116.1
Wheat,Uttar Pradesh,Kharif,22.59,92.68,495.8,145.9
Apple,Punjab,Kharif,19.29,171.92,871.6,102.1
Cotton,Uttar Pradesh,Whole Year,46.48,95.63,836.7,70.8
Banana,Tamil Nadu,Rabi,24.9,739.13,1151.5,196.1
Wheat,Gujarat,Kharif,3.11,11.97,454.0,117.7
Chickpea,Tamil Nadu,Rabi,33.88,52.26,422.9,59.8
Cotton,Karnataka,Rabi,39.58,76.4,1189.6,55.0
Wheat,Madhya Pradesh,Zaid,6.59,27.72,577.6,117.0
Cotton,Uttar Pradesh,Whole Year,17.63,40.41,733.6,103.0
Cotton,Haryana,Kharif,9.62,21.71,753.2,91.5
Maize,Haryana,Rabi,11.96,52.72,696.7,136.4
Tomato,Tamil Nadu,Rabi,9.56,280.62,894.2,186.7
Potato,Maharashtra,Whole Year,33.94,637.3,735.8,106.1
Potato,Madhya Pradesh,Kharif,5.22,105.68,637.7,127.9
Wheat,Rajasthan,Kharif,26.2,116.25,566.4,109.3
Maize,Punjab,Whole Year,8.59,35.54,678.7,83.2
Potato,Rajasthan,Kharif,22.77,369.03,468.1,130.1
Grapes,Madhya Pradesh,Kharif,6.36,89.65,746.6,160.0
Rice,Maharashtra,Whole Year,37.7,99.42,874.6,136.3
Banana,Madhya Pradesh,Zaid,22.69,897.8,1368.4,190.8
Maize,Haryana,Zaid,25.62,99.3,637.5,110.0
Wheat,Maharashtra,Rabi,15.47,56.01,339.7,132.7
Cotton,Haryana,Kharif,6.05,10.68,597.3,84.6
Rice,Gujarat,Whole Year,4.34,14.81,1001.4,130.3
Rice,Punjab,Zaid,30.01,94.5,1236.5,97.2
Apple,Madhya Pradesh,Kharif,4.83,57.73,826.8,106.3
Tomato,Goa,Whole Year,31.24,659.9,544.5,171.4
Apple,Punjab,Zaid,5.7,76.56,1164.2,129.8
Maize,Tamil Nadu,Kharif,5.65,30.18,1031.7,111.0
Grapes,Madhya Pradesh,Kharif,47.58,774.25,557.2,124.6
Banana,Tamil Nadu,Whole Year,47.81,1754.52,1363.2,174.7
Chickpea,Tamil Nadu,Rabi,24.36,40.33,411.5,62.9
Potato,Uttar Pradesh,Rabi,42.69,768.62,563.0,186.5
Cotton,Rajasthan,Zaid,10.09,18.87,829.0,88.0
Grapes,Tamil Nadu,Zaid,39.28,630.9,557.3,125.9
Apple,Goa,Kharif,36.96,258.0,636.6,77.9
Maize,Goa,Kharif,28.02,116.52,904.2,73.2
Banana,Gujarat,Whole Year,6.22,230.23,1280.5,212.5
Wheat,Gujarat,Rabi,37.69,160.58,656.7,128.1
Tomato,Madhya Pradesh,Kharif,33.09,731.81,843.1,195.0
Potato,Haryana,Rabi,17.51,354.61,490.9,137.6
Banana,Punjab,Kharif,35.64,1237.2,1080.2,189.9
Banana,Gujarat,Whole Year,19.41,877.67,1244.2,197.6
Banana,Haryana,Zaid,20.57,601.57,1204.1,222.8
Cotton,Punjab,Whole Year,22.76,41.63,906.7,77.5
Banana,Goa,Zaid,32.3,1260.49,1202.2,253.5
Banana,Punjab,Whole Year,4.6,131.26,1274.5,183.3
Banana,Punjab,Whole Year,31.03,1428.29,1397.6,254.1
Rice,Madhya Pradesh,Rabi,42.76,167.77,1030.8,85.2
Apple,Karnataka,Rabi,49.99,532.09,749.7,114.8
Chickpea,Tamil Nadu,Whole Year,15.19,32.25,359.5,38.7
Tomato,Tamil Nadu,Kharif,30.96,503.81,848.4,112.0
Cotton,Rajasthan,Rabi,26.93,46.16,498.5,66.0
Tomato,Rajasthan,Whole Year,42.59,850.55,789.7,197.8
Tomato,Uttar Pradesh,Kharif,44.32,1093.82,934.7,185.4
Banana,Madhya Pradesh,Rabi,3.73,162.03,1323.2,250.9
Apple,Gujarat,Rabi,44.61,546.32,994.1,79.9
Grapes,Rajasthan,Zaid,32.31,491.63,547.3,153.0
Apple,Karnataka,Kharif,32.83,398.81,577.9,79.6
Wheat,Madhya Pradesh,Whole Year,47.82,187.37,516.1,92.4
Chickpea,Gujarat,Kharif,22.1,41.54,407.5,58.2
Grapes,Uttar Pradesh,Whole Year,42.61,841.55,760.2,151.8
Grapes,Rajasthan,Rabi,33.99,447.99,659.6,145.9
Maize,Uttar Pradesh,Rabi,28.71,123.35,800.1,120.9
Apple,Goa,Rabi,21.75,290.93,856.1,113.6
Wheat,Rajasthan,Whole Year,42.79,188.91,634.8,152.8
Maize,Punjab,Rabi,11.19,47.46,608.2,84.0
Chickpea,Uttar Pradesh,Whole Year,47.94,101.43,398.9,111.2
Chickpea,Karnataka,Zaid,35.16,52.33,303.9,36.1
Banana,Uttar Pradesh,Whole Year,15.95,347.33,1403.0,147.9
Chickpea,Goa,Kharif,10.38,14.97,273.3,43.4
Maize,Uttar Pradesh,Rabi,36.96,144.84,730.2,144.4
Maize,Tamil Nadu,Kharif,20.62,80.51,585.2,95.3
Tomato,Goa,Whole Year,39.38,698.67,1034.3,164.3
Wheat,Gujarat,Whole Year,22.64,101.97,452.7,129.1
Apple,Madhya Pradesh,Whole Year,43.88,577.19,988.6,108.9
Chickpea,Goa,Zaid,35.68,72.42,631.7,26.7
Wheat,Gujarat,Kharif,42.17,196.57,689.6,152.9
Potato,Rajasthan,Zaid,45.62,868.89,656.6,187.0
Cotton,Goa,Rabi,36.46,73.84,796.4,89.8
Potato,Goa,Whole Year,36.01,718.92,644.4,190.8
Apple,Haryana,Whole Year,27.47,324.28,1347.0,109.7
Wheat,Gujarat,Kharif,38.09,131.15,292.9,108.9
Potato,Maharashtra,Zaid,47.0,770.11,530.2,156.1
Grapes,Madhya Pradesh,Kharif,49.8,770.26,574.7,143.6
Potato,Tamil Nadu,Kharif,32.74,718.05,701.6,177.9
Rice,Tamil Nadu,Kharif,22.88,83.53,1042.4,147.1
Maize,Punjab,Kharif,26.04,94.63,641.3,90.7
Banana,Goa,Whole Year,31.91,1291.88,1252.0,218.3
Potato,Gujarat,Rabi,22.25,377.43,814.8,121.0
Maize,Maharashtra,Whole Year,31.94,174.1,634.1,82.5
Grapes,Tamil Nadu,Kharif,11.33,159.27,601.2,130.3
Cotton,Gujarat,Rabi,34.48,74.26,682.8,86.3
Wheat,Maharashtra,Whole Year,46.61,168.03,547.1,156.9
Wheat,Punjab,Whole Year,23.38,90.33,417.3,121.4
Rice,Uttar Pradesh,Kharif,48.41,177.35,977.7,153.3
Grapes,Goa,Kharif,38.54,702.01,781.4,184.4
Chickpea,Uttar Pradesh,Zaid,20.02,29.62,523.5,99.0
Grapes,Rajasthan,Zaid,10.22,159.09,411.2,160.8
Grapes,Tamil Nadu,Zaid,19.06,239.82,580.0,97.2
Chickpea,Punjab,Rabi,12.77,25.3,397.7,30.7
Banana,Maharashtra,Whole Year,32.56,961.93,1281.8,182.2
Chickpea,Madhya Pradesh,Zaid,12.47,19.21,498.6,45.3
Chickpea,Maharashtra,Kharif,1.09,2.22,523.8,20.0
Cotton,Goa,Kharif,24.0,52.74,731.4,88.0
Banana,Madhya Pradesh,Rabi,25.35,562.95,1236.4,201.4
Grapes,Gujarat,Rabi,32.74,457.31,523.2,113.3
Apple,Haryana,Kharif,31.93,412.46,995.4,104.6
Grapes,Rajasthan,Kharif,20.28,362.28,867.1,107.5
Tomato,Uttar Pradesh,Rabi,15.35,291.32,799.9,128.5
Tomato,Punjab,Rabi,25.13,759.58,908.0,163.5
Cotton,Uttar Pradesh,Zaid,5.36,11.79,844.2,108.8
Tomato,Maharashtra,Rabi,47.3,1106.88,954.0,164.6
Rice,Karnataka,Kharif,7.45,25.02,757.0,97.8
Maize,Punjab,Rabi,25.68,122.66,603.1,116.2
Grapes,Punjab,Whole Year,43.44,632.34,629.8,129.5
Chickpea,Haryana,Zaid,28.68,60.18,485.4,41.2
Wheat,Rajasthan,Whole Year,30.5,120.85,573.3,101.4
Cotton,Gujarat,Zaid,9.13,21.18,930.8,93.8
Maize,Tamil Nadu,Zaid,10.49,43.2,807.4,122.0
Banana,Maharashtra,Zaid,40.41,1391.46,1162.4,207.5
Banana,Haryana,Zaid,3.18,113.22,1270.7,191.9
Banana,Goa,Zaid,42.16,1148.61,1197.4,209.9
Tomato,Uttar Pradesh,Whole Year,0.76,17.4,759.5,160.8
Chickpea,Karnataka,Rabi,33.14,60.27,270.7,35.2
Rice,Madhya Pradesh,Kharif,47.43,158.02,1025.7,113.2
Tomato,Goa,Whole Year,15.09,276.93,682.6,159.8
Tomato,Rajasthan,Kharif,13.13,294.94,659.5,171.8
Banana,Karnataka,Kharif,25.66,730.71,1112.0,210.3
Grapes,Tamil Nadu,Zaid,23.92,427.39,570.8,200.7
Potato,Goa,Kharif,47.49,929.6,718.5,198.5
Grapes,Rajasthan,Kharif,16.6,271.75,525.1,138.3
Grapes,Uttar Pradesh,Kharif,27.86,354.76,572.8,154.2
Potato,Punjab,Kharif,10.7,191.92,748.0,117.0
Wheat,Madhya Pradesh,Rabi,0.6,1.81,376.6,135.4
Rice,Goa,Kharif,30.01,124.59,1006.3,144.1
Apple,Madhya Pradesh,Whole Year,27.25,352.23,864.5,90.4
Wheat,Punjab,Whole Year,33.7,138.6,619.6,148.3
Apple,Madhya Pradesh,Rabi,47.14,602.45,1066.4,115.4
Cotton,Uttar Pradesh,Kharif,26.44,54.48,1001.4,77.2
Maize,Haryana,Zaid,10.75,33.98,691.2,125.7
Grapes,Gujarat,Kharif,23.05,219.44,236.3,168.2
Maize,Gujarat,Zaid,41.45,166.17,779.1,123.2
Potato,Goa,Rabi,0.59,10.62,220.3,153.7
Chickpea,Maharashtra,Whole Year,28.75,52.45,443.2,56.2
Rice,Goa,Whole Year,3.6,9.35,995.7,132.3
Chickpea,Punjab,Kharif,41.4,72.37,630.1,104.9
Grapes,Madhya Pradesh,Rabi,13.51,229.81,614.6,131.4
Maize,Tamil Nadu,Rabi,34.39,87.45,625.1,56.0
Chickpea,Uttar Pradesh,Kharif,26.95,47.37,379.1,42.9
Chickpea,Maharashtra,Whole Year,45.99,85.18,337.3,34.9
Tomato,Uttar Pradesh,Rabi,8.53,191.61,832.7,171.4
Rice,Madhya Pradesh,Zaid,7.4,26.97,982.2,105.7
Potato,Goa,Whole Year,10.38,178.49,659.1,95.6
Cotton,Punjab,Kharif,9.38,12.62,777.6,91.6
Chickpea,Punjab,Rabi,46.22,88.23,718.4,39.0
Wheat,Gujarat,Rabi,34.11,141.7,502.5,122.3
Maize,Gujarat,Zaid,31.16,142.19,665.7,126.5
Banana,Goa,Zaid,32.46,1681.56,1350.9,241.9
Chickpea,Karnataka,Rabi,38.94,64.77,701.4,33.6
Cotton,Gujarat,Rabi,37.69,80.76,909.9,98.8
Cotton,Goa,Whole Year,29.55,61.03,936.6,92.2
Maize,Goa,Rabi,42.81,235.91,492.3,151.7
Chickpea,Madhya Pradesh,Rabi,6.23,11.05,436.5,75.0
Cotton,Madhya Pradesh,Whole Year,2.42,5.12,779.6,77.3
Potato,Karnataka,Rabi,46.54,989.6,895.3,181.4
Apple,Goa,Whole Year,2.37,25.76,818.1,78.9
Potato,Karnataka,Rabi,43.74,952.6,423.2,124.2
Grapes,Maharashtra,Kharif,11.44,188.79,525.0,147.6
Wheat,Maharashtra,Rabi,20.24,62.44,335.6,100.5
Rice,Rajasthan,Zaid,47.14,116.35,962.1,161.4
Maize,Tamil Nadu,Rabi,14.21,45.92,654.0,140.3
Potato,Gujarat,Kharif,2.57,49.42,678.2,142.1
Cotton,Punjab,Zaid,4.62,10.76,672.1,135.0
Grapes,Rajasthan,Whole Year,27.41,422.84,418.7,122.5
Potato,Rajasthan,Kharif,7.05,139.59,642.6,161.6
Cotton,Madhya Pradesh,Zaid,45.96,93.65,649.1,72.9
Apple,Maharashtra,Zaid,4.7,70.48,1141.2,129.0
Apple,Rajasthan,Kharif,32.99,401.93,940.5,100.7
Maize,Rajasthan,Kharif,45.48,143.2,703.7,84.4
Chickpea,Haryana,Rabi,17.15,36.76,695.4,46.9
Potato,Gujarat,Kharif,32.33,480.32,589.1,126.9
Grapes,Madhya Pradesh,Kharif,10.3,176.38,806.2,138.4
Grapes,Madhya Pradesh,Zaid,14.47,262.3,828.9,202.1
Grapes,Punjab,Whole Year,6.18,79.31,619.6,156.9
Cotton,Haryana,Kharif,29.15,68.9,951.3,122.6
Chickpea,Tamil Nadu,Rabi,35.66,76.79,636.1,56.8
Banana,Maharashtra,Kharif,19.03,607.84,1236.5,163.4
Rice,Haryana,Zaid,47.12,214.36,1154.7,147.8
Chickpea,Haryana,Whole Year,36.53,70.75,332.4,22.1
Potato,Tamil Nadu,Rabi,41.93,741.03,371.8,135.2
Apple,Karnataka,Zaid,46.94,618.24,1168.5,86.3
Rice,Haryana,Whole Year,30.6,131.73,944.6,124.0
Chickpea,Uttar Pradesh,Kharif,2.02,3.2,388.7,59.0
Maize,Goa,Kharif,14.79,68.75,553.4,108.2
Cotton,Gujarat,Whole Year,45.56,99.72,779.1,44.8
Grapes,Rajasthan,Zaid,25.62,416.57,542.4,148.6
Grapes,Punjab,Rabi,43.14,680.98,646.6,117.8
Wheat,Punjab,Kharif,30.32,142.19,398.7,141.6
Grapes,Madhya Pradesh,Rabi,32.38,615.47,761.4,142.2
Tomato,Haryana,Whole Year,5.35,133.6,918.0,187.9
Tomato,Haryana,Rabi,40.28,769.01,782.0,179.8
Tomato,Karnataka,Rabi,9.73,238.53,788.5,167.6
Wheat,Haryana,Whole Year,10.67,45.15,385.8,126.8
Potato,Madhya Pradesh,Zaid,20.58,357.6,818.8,117.2
Chickpea,Punjab,Kharif,10.17,20.61,533.8,56.1
Potato,Goa,Rabi,9.18,167.25,723.6,114.8
Tomato,Madhya Pradesh,Whole Year,4.3,83.66,637.5,144.1
Banana,Madhya Pradesh,Rabi,11.15,482.12,1458.3,167.5
Tomato,Punjab,Rabi,14.93,322.87,716.5,171.3
Cotton,Karnataka,Whole Year,36.59,83.04,1063.7,109.0
Wheat,Rajasthan,Whole Year,11.71,34.93,732.1,102.1
Maize,Goa,Rabi,8.15,24.11,663.0,84.8
Chickpea,Haryana,Whole Year,41.87,75.96,578.5,77.8
Tomato,Rajasthan,Zaid,24.23,592.89,967.4,192.0
Maize,Tamil Nadu,Rabi,29.96,149.39,1038.9,98.7
Apple,Madhya Pradesh,Whole Year,37.28,500.79,1104.5,106.4
Maize,Rajasthan,Whole Year,19.24,91.65,712.0,97.4
Chickpea,Tamil Nadu,Whole Year,13.91,28.41,406.8,20.0
Grapes,Uttar Pradesh,Zaid,43.47,819.09,881.9,127.2
Chickpea,Uttar Pradesh,Whole Year,17.61,29.42,364.7,48.4
Wheat,Maharashtra,Rabi,5.51,27.25,781.2,196.6
Banana,Uttar Pradesh,Kharif,21.95,777.05,1217.6,184.8
Maize,Uttar Pradesh,Kharif,46.19,221.11,712.0,78.9
Tomato,Punjab,Zaid,25.79,654.43,874.0,115.0
Chickpea,Punjab,Whole Year,19.67,33.45,704.1,36.0
Tomato,Punjab,Zaid,8.54,180.77,704.0,171.0
Wheat,Haryana,Zaid,43.04,194.19,604.8,114.6
Rice,Goa,Whole Year,47.05,164.03,796.0,118.4
Chickpea,Goa,Zaid,25.56,59.42,417.5,60.6
Wheat,Goa,Rabi,33.42,96.54,200.0,90.9
Banana,Tamil Nadu,Zaid,12.42,365.55,1041.6,217.8
Wheat,Gujarat,Kharif,47.95,215.77,569.4,153.8
Apple,Tamil Nadu,Zaid,38.36,443.29,836.2,119.5
Apple,Karnataka,Zaid,7.66,60.53,698.3,120.2
Apple,Karnataka,Whole Year,28.57,362.94,1039.6,89.2
Potato,Tamil Nadu,Rabi,26.7,480.31,297.6,171.4
Banana,Rajasthan,Rabi,12.59,485.21,997.4,216.3
Maize,Haryana,Rabi,40.55,137.27,1160.7,107.2
Chickpea,Maharashtra,Whole Year,1.15,1.67,390.9,84.2
Wheat,Karnataka,Kharif,34.83,159.06,541.6,116.8
Wheat,Madhya Pradesh,Zaid,20.29,81.58,713.3,173.0
Potato,Uttar Pradesh,Zaid,8.59,150.91,658.7,178.3
Chickpea,Karnataka,Whole Year,8.32,14.42,343.5,44.7
Chickpea,Rajasthan,Kharif,48.91,87.09,295.8,31.8
Rice,Uttar Pradesh,Kharif,28.85,124.01,971.9,135.7
Grapes,Karnataka,Rabi,36.56,588.13,604.6,133.5
Banana,Tamil Nadu,Zaid,10.82,234.47,1212.7,196.7
Banana,Haryana,Rabi,13.19,339.51,925.9,200.4
Tomato,Madhya Pradesh,Rabi,21.09,373.02,593.6,126.6
Wheat,Tamil Nadu,Rabi,2.42,10.06,599.6,117.8
Maize,Madhya Pradesh,Rabi,17.23,69.22,712.5,62.5
Cotton,Goa,Whole Year,19.45,43.19,790.9,81.8
Wheat,Tamil Nadu,Whole Year,41.61,154.9,263.8,149.1
Rice,Goa,Kharif,16.92,75.02,1212.5,157.7
Maize,Goa,Zaid,4.85,28.29,948.2,123.4
Rice,Madhya Pradesh,Whole Year,14.83,47.2,854.6,116.8
Apple,Madhya Pradesh,Zaid,40.46,492.12,664.6,177.4
Apple,Punjab,Rabi,7.47,67.64,918.7,64.7
Apple,Tamil Nadu,Kharif,0.92,11.03,607.5,97.3
Banana,Madhya Pradesh,Whole Year,8.33,298.45,1142.4,230.6
Cotton,Haryana,Rabi,15.89,34.76,827.1,85.9
Rice,Gujarat,Rabi,5.47,18.6,1185.0,139.2
Maize,Rajasthan,Kharif,21.11,71.99,835.2,102.3
Rice,Uttar Pradesh,Whole Year,5.92,20.43,1033.9,70.7
Potato,Haryana,Whole Year,7.54,111.8,513.2,131.9
Potato,Punjab,Zaid,39.75,580.07,704.0,128.3
Wheat,Rajasthan,Zaid,47.33,137.78,364.2,123.4
Potato,Haryana,Whole Year,41.0,773.77,522.0,171.8
Banana,Madhya Pradesh,Zaid,17.37,610.76,1088.7,162.3
Rice,Haryana,Zaid,14.21,50.25,703.6,184.7
Potato,Maharashtra,Kharif,38.12,768.71,507.6,160.3
Potato,Karnataka,Kharif,12.78,203.64,623.1,128.3
Wheat,Tamil Nadu,Kharif,46.08,180.22,398.5,160.5
Chickpea,Haryana,Rabi,0.79,1.44,295.8,73.6
Rice,Uttar Pradesh,Kharif,33.85,108.66,836.8,74.4
Maize,Maharashtra,Rabi,35.16,147.65,618.3,85.2
Maize,Rajasthan,Zaid,44.23,193.27,823.4,95.5
Apple,Rajasthan,Kharif,18.71,252.72,1086.1,110.9
Tomato,Gujarat,Rabi,45.2,1033.67,886.7,198.5
Tomato,Rajasthan,Zaid,38.53,862.31,789.6,192.3
Grapes,Punjab,Zaid,24.99,424.44,816.8,147.0
Chickpea,Punjab,Whole Year,19.08,41.85,613.0,95.6
Tomato,Uttar Pradesh,Zaid,15.87,332.12,723.0,134.3
Wheat,Maharashtra,Zaid,49.14,214.04,595.6,147.4
Grapes,Uttar Pradesh,Rabi,40.89,557.93,758.1,143.0
Wheat,Haryana,Zaid,2.04,9.9,200.0,172.4
Tomato,Uttar Pradesh,Zaid,12.77,308.33,900.4,158.9
Tomato,Uttar Pradesh,Rabi,29.59,757.54,833.1,168.7
Grapes,Karnataka,Whole Year,3.57,46.45,805.2,131.8
Tomato,Madhya Pradesh,Zaid,44.86,1171.15,875.4,159.9
Banana,Punjab,Kharif,0.65,25.93,1141.0,211.5
Chickpea,Maharashtra,Zaid,24.72,45.95,712.7,33.3
Banana,Haryana,Zaid,27.32,837.43,1020.8,161.5
Cotton,Rajasthan,Zaid,47.1,97.39,1095.4,93.5
Apple,Punjab,Zaid,14.06,148.55,741.1,101.0
Apple,Haryana,Zaid,16.81,226.15,729.5,142.1
Rice,Gujarat,Zaid,36.45,139.88,996.4,129.8
Maize,Goa,Rabi,49.79,272.95,948.4,81.0
Tomato,Haryana,Whole Year,36.4,842.12,1113.5,161.2
Potato,Gujarat,Kharif,4.81,87.93,814.8,160.0
Chickpea,Maharashtra,Zaid,27.84,58.96,208.2,20.0
Apple,Goa,Kharif,16.32,156.34,872.1,86.8
Rice,Haryana,Whole Year,15.53,51.01,882.8,143.7
Chickpea,Rajasthan,Zaid,5.06,8.56,290.4,57.5
Tomato,Haryana,Rabi,46.28,1129.18,814.2,195.1
Potato,Punjab,Rabi,22.21,516.8,541.6,155.4
Rice,Haryana,Kharif,11.1,38.31,1031.6,99.7
Maize,Karnataka,Rabi,34.96,160.82,865.5,135.2
Potato,Karnataka,Rabi,38.89,482.01,649.3,157.3
Grapes,Haryana,Kharif,30.96,375.76,559.2,100.3
Chickpea,Rajasthan,Rabi,2.72,4.77,562.4,20.0
Tomato,Uttar Pradesh,Whole Year,41.19,839.12,561.6,154.6
Apple,Rajasthan,Whole Year,44.5,464.98,875.6,34.3
Chickpea,Madhya Pradesh,Zaid,27.07,47.52,215.4,56.0
Cotton,Rajasthan,Kharif,29.5,66.14,678.1,64.0
Tomato,Madhya Pradesh,Kharif,40.51,873.88,757.7,210.4
Potato,Punjab,Zaid,36.04,742.67,740.9,154.7
Maize,Haryana,Kharif,37.58,180.38,592.7,178.6
Wheat,Madhya Pradesh,Zaid,49.31,168.0,722.9,168.7
Maize,Uttar Pradesh,Rabi,18.45,116.25,922.7,109.9
Apple,Rajasthan,Whole Year,2.48,25.81,844.8,117.6
Wheat,Maharashtra,Whole Year,37.97,154.4,609.3,185.5
Chickpea,Haryana,Whole Year,49.68,97.05,496.5,44.9
Wheat,Uttar Pradesh,Zaid,20.85,56.66,407.9,107.5
Wheat,Goa,Zaid,39.6,175.28,448.8,156.0
Banana,Maharashtra,Kharif,14.1,525.16,1233.0,235.6
Maize,Goa,Zaid,15.88,79.99,709.5,114.8
Chickpea,Tamil Nadu,Whole Year,39.32,81.27,368.3,57.8
Apple,Rajasthan,Kharif,35.37,522.62,699.3,130.8
Banana,Rajasthan,Kharif,34.04,1408.17,1242.5,209.1
Grapes,Haryana,Whole Year,19.92,286.25,793.1,125.8
Tomato,Goa,Zaid,45.19,960.72,600.3,123.1
Potato,Rajasthan,Whole Year,16.93,366.8,841.5,126.4
Tomato,Punjab,Whole Year,23.23,567.73,768.7,193.3
Tomato,Tamil Nadu,Rabi,17.15,393.22,899.4,130.2
Tomato,Goa,Whole Year,8.9,198.44,1003.2,174.2
Rice,Tamil Nadu,Rabi,20.99,63.77,1049.0,116.8
Rice,Karnataka,Zaid,26.54,89.54,1073.9,115.3
Apple,Uttar Pradesh,Rabi,37.6,526.03,673.4,132.7
Grapes,Haryana,Whole Year,36.49,475.51,564.7,156.5
Grapes,Tamil Nadu,Kharif,23.57,359.66,530.7,88.0
Maize,Haryana,Whole Year,47.77,191.91,874.4,108.6
Cotton,Madhya Pradesh,Rabi,46.7,88.18,692.4,107.7
Wheat,Karnataka,Whole Year,36.64,107.47,400.3,127.3
Cotton,Maharashtra,Zaid,26.06,67.99,816.0,85.4
Cotton,Maharashtra,Whole Year,39.05,103.93,983.0,113.4
Potato,Rajasthan,Whole Year,21.77,385.51,415.7,158.3
Potato,Haryana,Zaid,49.55,1068.78,818.6,164.9
Banana,Haryana,Whole Year,25.26,854.57,1045.2,231.0
Apple,Maharashtra,Kharif,20.51,258.88,1074.1,110.7
Banana,Goa,Whole Year,29.55,887.23,1303.1,197.9
Chickpea,Punjab,Zaid,45.87,62.18,318.1,90.2
Cotton,Punjab,Kharif,25.94,66.48,1054.8,90.3
Maize,Punjab,Kharif,33.86,144.57,706.2,128.8
Chickpea,Karnataka,Rabi,46.32,74.57,200.0,20.0
Chickpea,Karnataka,Rabi,49.02,103.64,501.6,82.8
Banana,Goa,Whole Year,21.84,822.18,1249.3,239.6
Cotton,Madhya Pradesh,Whole Year,21.18,52.61,1103.3,69.5
Wheat,Goa,Rabi,7.96,34.64,324.3,106.4
Cotton,Uttar Pradesh,Whole Year,4.1,5.58,1078.1,64.1
Maize,Haryana,Zaid,47.99,223.91,773.0,145.6
Maize,Madhya Pradesh,Rabi,2.72,13.51,983.6,105.6
Potato,Maharashtra,Whole Year,28.9,470.29,342.2,127.4
Wheat,Punjab,Whole Year,29.01,107.14,272.0,130.0
Maize,Tamil Nadu,Kharif,7.58,34.41,701.4,95.7
Cotton,Tamil Nadu,Whole Year,6.62,14.67,936.3,127.3
Tomato,Gujarat,Whole Year,35.37,639.19,759.5,169.2
Chickpea,Haryana,Rabi,25.71,51.3,728.5,60.0
Chickpea,Karnataka,Whole Year,46.35,63.35,454.5,20.0
Apple,Uttar Pradesh,Zaid,4.84,60.47,978.7,121.6
Grapes,Karnataka,Whole Year,1.59,23.26,618.2,131.7
Banana,Tamil Nadu,Rabi,1.1,41.19,991.8,180.7
Wheat,Uttar Pradesh,Zaid,8.41,34.69,525.1,120.4
Chickpea,Maharashtra,Rabi,17.03,21.83,273.9,58.1
Banana,Punjab,Kharif,11.9,366.2,1259.4,185.3
Cotton,Uttar Pradesh,Kharif,1.74,3.07,1119.1,81.1
Cotton,Madhya Pradesh,Rabi,33.74,77.26,1084.5,71.1
Rice,Haryana,Whole Year,2.23,8.01,1175.3,102.4
Apple,Tamil Nadu,Whole Year,30.2,323.46,928.9,91.3
Banana,Goa,Kharif,42.73,1185.15,1183.0,174.6
Maize,Gujarat,Whole Year,1.19,5.72,753.2,110.3
Tomato,Goa,Zaid,3.29,80.56,689.1,188.2
Banana,Goa,Whole Year,28.01,948.43,1249.2,212.3
Maize,Uttar Pradesh,Rabi,31.2,93.71,775.3,84.3
Maize,Punjab,Kharif,8.85,24.95,317.0,103.3
Wheat,Madhya Pradesh,Kharif,23.46,104.05,664.5,108.1
Apple,Maharashtra,Zaid,37.11,506.94,1009.4,86.2
Apple,Rajasthan,Whole Year,13.08,141.03,692.3,96.0
Grapes,Goa,Whole Year,10.33,154.14,465.1,137.6
Grapes,Uttar Pradesh,Kharif,23.7,382.47,716.8,147.0
Wheat,Tamil Nadu,Kharif,45.94,194.53,473.1,148.2
Grapes,Rajasthan,Whole Year,20.52,355.39,562.3,130.1
Chickpea,Maharashtra,Zaid,30.4,48.5,581.5,20.0
Wheat,Goa,Whole Year,32.48,97.53,539.2,111.2
Wheat,Maharashtra,Whole Year,34.41,122.19,372.6,109.6
Grapes,Maharashtra,Whole Year,6.7,130.79,890.2,119.9
Chickpea,Maharashtra,Kharif,15.03,29.58,531.6,20.0
Apple,Rajasthan,Rabi,3.77,43.47,801.3,113.6
Potato,Uttar Pradesh,Whole Year,47.67,654.02,537.0,131.3
Rice,Tamil Nadu,Zaid,46.75,146.7,774.6,117.1
Chickpea,Uttar Pradesh,Rabi,8.6,13.12,481.0,20.0
Potato,Punjab,Whole Year,23.48,550.14,762.2,157.3
Maize,Gujarat,Rabi,2.12,7.04,574.9,46.8
Tomato,Uttar Pradesh,Kharif,26.27,463.16,502.4,171.5
Tomato,Maharashtra,Zaid,8.24,193.44,762.7,163.3
Grapes,Uttar Pradesh,Zaid,26.53,424.41,700.8,151.1
Cotton,Maharashtra,Zaid,24.56,37.65,899.7,91.4
Apple,Gujarat,Whole Year,27.19,266.28,569.3,138.6
Maize,Maharashtra,Zaid,47.2,112.91,800.9,104.3
Grapes,Rajasthan,Zaid,37.82,671.37,768.9,139.3
Rice,Goa,Zaid,10.73,32.27,954.9,102.6
Apple,Uttar Pradesh,Kharif,26.54,254.97,745.2,90.2
Wheat,Maharashtra,Whole Year,1.87,8.24,519.7,140.9
Grapes,Punjab,Zaid,47.32,833.48,755.7,145.4
Wheat,Maharashtra,Zaid,15.24,51.2,371.9,86.5
Potato,Rajasthan,Whole Year,18.82,374.48,499.5,149.4
Rice,Rajasthan,Rabi,25.66,100.59,1027.9,169.5
Banana,Punjab,Kharif,6.57,221.37,920.1,221.2
Chickpea,Punjab,Whole Year,22.61,34.03,353.5,74.5
Apple,Karnataka,Zaid,48.33,493.99,890.9,95.4
Potato,Punjab,Zaid,7.72,126.48,528.2,202.4
Potato,Maharashtra,Zaid,20.14,376.61,736.2,147.7
Maize,Maharashtra,Whole Year,22.59,114.63,569.3,122.1
Apple,Haryana,Whole Year,23.87,323.66,1057.2,114.0
Banana,Gujarat,Zaid,16.36,531.48,1069.0,220.6
Tomato,Uttar Pradesh,Zaid,20.69,439.49,984.0,193.7
Apple,Haryana,Whole Year,48.42,516.23,835.4,106.2
Tomato,Gujarat,Zaid,26.62,663.69,921.1,167.1
Apple,Rajasthan,Whole Year,39.8,455.23,977.2,92.0
Maize,Goa,Kharif,19.0,61.6,909.5,120.3
Wheat,Madhya Pradesh,Zaid,6.57,30.35,269.1,149.9
Rice,Tamil Nadu,Whole Year,23.13,82.39,817.3,104.1
Chickpea,Madhya Pradesh,Kharif,1.48,2.09,300.1,59.1
Apple,Maharashtra,Kharif,45.45,423.88,719.4,95.3
Tomato,Karnataka,Zaid,5.7,128.7,605.1,162.9
Cotton,Gujarat,Zaid,23.46,56.12,777.7,127.3
Wheat,Gujarat,Whole Year,5.12,25.11,321.9,180.5
Rice,Maharashtra,Whole Year,34.38,154.72,1128.1,146.8
Cotton,Haryana,Zaid,45.59,115.54,712.6,97.0
Banana,Gujarat,Rabi,30.82,1200.61,1365.8,228.3
Chickpea,Uttar Pradesh,Kharif,2.2,4.41,478.7,32.1
Wheat,Uttar Pradesh,Whole Year,31.33,135.24,435.5,155.6
Tomato,Uttar Pradesh,Rabi,33.45,633.91,897.7,127.3
Rice,Tamil Nadu,Whole Year,6.43,25.71,827.6,139.6
Rice,Haryana,Rabi,45.92,174.31,882.8,128.0
Grapes,Tamil Nadu,Whole Year,44.98,649.74,762.4,125.2
Wheat,Gujarat,Rabi,24.56,79.1,352.6,87.0
Cotton,Maharashtra,Rabi,26.14,77.78,935.2,124.2
Wheat,Uttar Pradesh,Kharif,7.91,32.6,419.8,171.3
Rice,Madhya Pradesh,Zaid,49.48,116.54,899.3,109.7
Apple,Goa,Whole Year,39.25,440.97,707.2,99.6
Banana,Madhya Pradesh,Rabi,42.61,1658.52,1123.6,252.9
Apple,Uttar Pradesh,Kharif,34.49,456.04,942.0,122.7
Rice,Goa,Rabi,1.51,4.37,965.2,110.9
Cotton,Punjab,Zaid,11.81,28.83,538.8,111.2
Apple,Rajasthan,Zaid,35.86,395.91,1044.4,64.9
Potato,Tamil Nadu,Kharif,30.16,599.22,686.9,119.2
Cotton,Punjab,Zaid,43.47,63.85,908.1,79.0
Rice,Karnataka,Kharif,11.44,38.38,1193.9,87.0
Maize,Haryana,Zaid,9.81,30.36,595.2,63.4
Wheat,Maharashtra,Whole Year,2.46,9.86,444.4,125.9
Banana,Gujarat,Zaid,2.4,94.2,1404.0,198.3
Potato,Karnataka,Zaid,12.28,224.78,774.8,161.4
Apple,Madhya Pradesh,Kharif,24.71,299.98,1081.0,68.5
Banana,Karnataka,Rabi,19.34,599.71,1105.0,203.5
Apple,Haryana,Whole Year,42.74,617.65,1047.7,121.2
Cotton,Karnataka,Kharif,3.84,9.17,885.4,109.8
Tomato,Goa,Rabi,3.34,72.72,931.5,155.6
Chickpea,Punjab,Kharif,13.57,21.58,329.4,59.2
Potato,Tamil Nadu,Kharif,11.53,222.42,479.4,144.1
Grapes,Haryana,Zaid,35.61,511.15,664.9,106.3
Maize,Uttar Pradesh,Rabi,6.86,26.73,633.8,64.7
Chickpea,Madhya Pradesh,Kharif,8.81,17.66,419.4,60.7
Rice,Maharashtra,Kharif,46.13,166.77,1002.0,117.3
Grapes,Karnataka,Rabi,3.62,51.2,548.6,163.2
Chickpea,Uttar Pradesh,Rabi,1.95,4.09,400.2,33.3
Potato,Uttar Pradesh,Rabi,15.29,244.29,430.3,164.3
Potato,Tamil Nadu,Kharif,46.1,721.1,464.0,159.3
Maize,Madhya Pradesh,Zaid,24.48,121.61,608.0,143.6
Wheat,Haryana,Whole Year,35.58,127.56,390.0,161.4
Banana,Tamil Nadu,Whole Year,6.79,227.04,1036.7,193.1
Potato,Gujarat,Rabi,1.37,29.98,654.1,144.9
Maize,Haryana,Rabi,32.53,104.92,773.4,130.4
Maize,Karnataka,Kharif,0.7,1.91,958.4,121.1
Banana,Goa,Kharif,22.97,723.36,1176.1,217.2
Tomato,Goa,Whole Year,43.98,1193.23,1006.5,180.0
Potato,Madhya Pradesh,Kharif,34.09,589.47,458.5,140.7
Potato,Punjab,Zaid,5.78,102.23,541.9,171.8
Apple,Karnataka,Zaid,31.22,510.36,1061.8,170.6
Banana,Madhya Pradesh,Whole Year,45.08,1430.07,1093.9,163.5
Grapes,Maharashtra,Kharif,47.38,876.7,890.1,115.0
Potato,Rajasthan,Kharif,25.67,486.57,867.6,136.7
Apple,Goa,Kharif,20.54,301.28,921.7,164.7
Cotton,Rajasthan,Whole Year,47.39,125.54,991.6,125.0
Potato,Karnataka,Whole Year,33.73,542.6,677.1,146.5
Maize,Rajasthan,Whole Year,22.33,64.76,533.6,113.8
Tomato,Madhya Pradesh,Whole Year,2.38,62.74,939.3,161.3
Wheat,Uttar Pradesh,Kharif,9.02,35.69,762.0,128.0
Rice,Gujarat,Kharif,2.43,5.35,672.7,72.1
Cotton,Haryana,Zaid,25.1,59.71,704.8,110.4
Cotton,Punjab,Kharif,40.02,97.26,635.0,131.2
Grapes,Tamil Nadu,Rabi,43.48,777.03,520.9,153.5
Banana,Uttar Pradesh,Kharif,42.42,1907.93,1142.4,192.8
Maize,Haryana,Whole Year,20.53,109.6,838.8,123.1
Maize,Goa,Kharif,31.75,126.46,887.5,93.7
Maize,Gujarat,Zaid,3.57,13.0,659.2,96.4
Grapes,Tamil Nadu,Zaid,45.4,667.07,690.1,160.6
Chickpea,Gujarat,Zaid,42.82,74.93,408.7,66.9
Maize,Maharashtra,Kharif,20.81,94.55,769.5,111.2
Cotton,Haryana,Zaid,28.69,62.27,927.1,80.9
Wheat,Goa,Rabi,34.8,145.97,279.8,113.6
Grapes,Rajasthan,Kharif,2.62,45.86,681.6,140.3
Rice,Gujarat,Kharif,28.04,90.76,793.8,108.1
Grapes,Tamil Nadu,Rabi,17.08,313.75,610.6,147.7
Potato,Maharashtra,Kharif,31.61,594.4,768.0,87.8
Wheat,Haryana,Rabi,30.92,139.19,200.0,141.4
Apple,Punjab,Whole Year,30.62,330.75,823.8,74.3
Potato,Goa,Rabi,47.99,1021.98,695.9,160.2
Tomato,Punjab,Whole Year,5.43,133.15,787.9,180.4
Apple,Karnataka,Kharif,18.6,233.45,787.3,72.7
Chickpea,Rajasthan,Rabi,48.04,86.23,558.6,70.9
Maize,Tamil Nadu,Whole Year,13.46,65.29,525.8,132.8
Rice,Uttar Pradesh,Rabi,19.27,56.29,1252.6,113.5
Potato,Haryana,Kharif,34.66,633.25,545.8,194.1
Maize,Madhya Pradesh,Kharif,3.27,13.29,595.4,114.9
Rice,Madhya Pradesh,Whole Year,44.76,157.39,894.8,101.6
Cotton,Punjab,Whole Year,40.99,64.43,684.8,67.5
Potato,Haryana,Zaid,17.92,292.54,796.7,137.4
Wheat,Maharashtra,Rabi,41.89,153.57,529.1,111.7
Wheat,Gujarat,Rabi,17.72,81.82,475.6,185.7
Grapes,Tamil Nadu,Zaid,1.27,21.41,788.7,163.6
Chickpea,Karnataka,Zaid,38.1,73.25,753.6,46.0
Maize,Madhya Pradesh,Whole Year,33.88,98.17,603.1,99.0
Maize,Gujarat,Rabi,41.63,163.39,347.8,130.5
Maize,Karnataka,Rabi,38.38,131.51,1036.0,104.9
Potato,Rajasthan,Zaid,18.2,301.15,579.6,127.5
Rice,Goa,Kharif,19.05,52.01,987.9,106.3
Grapes,Madhya Pradesh,Rabi,13.74,187.44,301.8,148.9
Cotton,Rajasthan,Zaid,30.36,85.43,952.4,75.0
Cotton,Karnataka,Rabi,11.78,25.88,1008.6,81.7
Maize,Tamil Nadu,Zaid,16.81,78.25,961.9,85.8
Wheat,Madhya Pradesh,Zaid,1.44,6.18,603.1,130.1
Potato,Gujarat,Kharif,31.23,503.86,401.0,148.3
Chickpea,Uttar Pradesh,Rabi,49.68,103.82,431.6,65.6
Banana,Haryana,Whole Year,32.52,889.86,1068.3,209.6
Grapes,Tamil Nadu,Whole Year,34.38,525.53,571.4,136.1
Maize,Gujarat,Rabi,38.95,179.01,607.7,92.0
Apple,Uttar Pradesh,Whole Year,45.26,531.4,794.6,103.7
Apple,Karnataka,Rabi,1.36,19.11,944.1,134.5
Apple,Madhya Pradesh,Kharif,2.08,33.85,1054.0,81.2
Rice,Uttar Pradesh,Rabi,6.51,21.27,822.7,100.2
Maize,Tamil Nadu,Whole Year,28.67,106.17,686.3,131.9
Rice,Maharashtra,Kharif,14.51,48.78,1089.7,117.3
Wheat,Madhya Pradesh,Kharif,21.45,96.0,674.7,145.2
Apple,Karnataka,Zaid,46.51,506.5,1024.4,99.3
Maize,Punjab,Kharif,21.52,78.31,660.0,86.1
Chickpea,Tamil Nadu,Zaid,37.52,92.39,724.6,29.9
Rice,Maharashtra,Rabi,14.53,48.74,1013.8,111.2
Potato,Rajasthan,Zaid,39.13,596.96,795.8,177.7
Tomato,Tamil Nadu,Whole Year,0.97,26.22,554.0,171.9
Wheat,Uttar Pradesh,Whole Year,21.18,80.38,376.5,141.0
Rice,Karnataka,Whole Year,48.11,196.26,1078.8,112.8
Potato,Gujarat,Rabi,6.85,156.12,875.8,121.3
Chickpea,Gujarat,Rabi,37.5,82.09,460.9,28.1
Potato,Tamil Nadu,Whole Year,12.02,252.84,549.5,180.8
Chickpea,Tamil Nadu,Zaid,45.16,86.14,465.8,124.9
Wheat,Haryana,Zaid,32.57,122.6,537.0,134.3
Maize,Punjab,Whole Year,26.5,96.35,511.8,121.0
Maize,Punjab,Whole Year,24.48,112.53,436.8,129.0
Chickpea,Madhya Pradesh,Whole Year,34.1,48.5,200.0,20.0
Rice,Maharashtra,Rabi,37.19,140.93,1198.8,127.2
Apple,Madhya Pradesh,Kharif,39.28,416.23,986.9,93.8
Wheat,Uttar Pradesh,Whole Year,21.86,84.42,320.1,133.5
Chickpea,Madhya Pradesh,Rabi,42.27,74.73,329.4,46.8
Chickpea,Karnataka,Rabi,15.49,22.86,626.3,54.0
Cotton,Haryana,Rabi,35.02,84.17,686.0,88.1
Tomato,Tamil Nadu,Zaid,13.16,276.46,826.2,178.8
Potato,Tamil Nadu,Rabi,12.99,167.19,370.5,172.1
Cotton,Haryana,Zaid,5.08,11.58,795.0,58.1
Tomato,Uttar Pradesh,Zaid,6.7,137.14,948.4,85.6
Chickpea,Karnataka,Zaid,27.81,55.48,465.1,20.0
Grapes,Karnataka,Kharif,29.0,380.42,814.9,155.0
Cotton,Madhya Pradesh,Whole Year,29.24,76.89,661.3,79.6
Maize,Karnataka,Kharif,17.4,79.66,1127.1,126.0
Chickpea,Punjab,Zaid,2.69,5.64,428.6,31.9
Rice,Gujarat,Whole Year,42.97,150.65,1018.7,110.8
Wheat,Rajasthan,Rabi,43.98,167.48,402.1,131.0
Rice,Goa,Rabi,39.48,156.45,998.9,115.5
Apple,Madhya Pradesh,Rabi,19.32,229.84,773.9,144.0
Tomato,Uttar Pradesh,Zaid,20.08,391.61,778.1,139.4
Maize,Haryana,Zaid,9.52,27.3,865.5,116.0
Rice,Haryana,Zaid,29.73,111.65,931.0,132.3
Chickpea,Tamil Nadu,Zaid,37.45,77.25,629.4,27.6
Cotton,Maharashtra,Zaid,48.61,101.84,919.0,104.2
Grapes,Karnataka,Rabi,1.13,15.05,762.9,124.5
Grapes,Gujarat,Kharif,35.55,604.14,601.5,176.1
Cotton,Haryana,Kharif,48.77,116.26,694.1,142.5
Chickpea,Haryana,Kharif,0.59,1.11,592.7,76.4
Maize,Uttar Pradesh,Zaid,35.46,175.87,665.0,97.1
Chickpea,Gujarat,Rabi,1.32,2.2,461.7,43.0
Apple,Karnataka,Rabi,24.69,264.19,923.3,117.6
Wheat,Madhya Pradesh,Rabi,39.01,115.0,200.2,105.8
Chickpea,Haryana,Zaid,18.43,39.88,648.6,69.8
Chickpea,Punjab,Zaid,30.57,62.64,431.0,63.9
Tomato,Karnataka,Rabi,31.14,740.46,1020.7,167.2
Grapes,Uttar Pradesh,Rabi,28.71,524.03,781.1,173.6
Rice,Tamil Nadu,Kharif,27.45,88.59,1139.4,69.7
Apple,Uttar Pradesh,Kharif,16.11,175.97,677.6,88.9
Grapes,Karnataka,Zaid,28.56,309.29,454.5,140.8
Wheat,Tamil Nadu,Kharif,16.67,72.83,630.8,142.2
Potato,Gujarat,Whole Year,39.58,744.89,587.0,178.8
Cotton,Haryana,Zaid,2.75,7.03,566.0,67.1
Potato,Uttar Pradesh,Kharif,32.37,592.74,391.1,178.3
Grapes,Goa,Kharif,27.38,378.39,608.9,137.5
Chickpea,Maharashtra,Rabi,42.42,85.23,572.7,59.5
Grapes,Gujarat,Kharif,10.38,175.54,626.4,137.0
Apple,Karnataka,Whole Year,3.17,38.84,910.9,111.6
Rice,Goa,Rabi,20.13,78.86,929.7,128.6
Rice,Goa,Whole Year,10.04,35.82,938.3,93.1
Chickpea,Tamil Nadu,Zaid,5.7,9.05,214.0,21.7
Rice,Maharashtra,Whole Year,15.98,54.27,805.2,77.6
Chickpea,Gujarat,Rabi,8.56,13.36,642.8,44.9
Tomato,Rajasthan,Rabi,20.6,379.69,809.9,157.7
Cotton,Rajasthan,Kharif,26.4,48.39,876.6,115.8
Chickpea,Uttar Pradesh,Kharif,45.47,75.88,507.9,49.1
Wheat,Goa,Zaid,22.22,112.9,541.8,93.0
Cotton,Uttar Pradesh,Kharif,15.48,31.96,1035.4,80.3
Tomato,Punjab,Whole Year,16.42,377.22,865.7,165.4
Chickpea,Haryana,Rabi,12.84,30.08,558.9,42.6
Rice,Goa,Zaid,27.33,92.15,922.6,127.5
Grapes,Goa,Whole Year,43.34,677.99,670.2,203.0
Grapes,Madhya Pradesh,Kharif,20.07,275.51,376.1,111.4
Maize,Madhya Pradesh,Whole Year,3.75,15.95,640.5,126.4
Cotton,Karnataka,Zaid,28.98,65.01,819.9,60.7
Chickpea,Haryana,Kharif,4.1,6.82,703.6,36.6
Potato,Madhya Pradesh,Zaid,24.04,450.36,727.2,157.1
Cotton,Rajasthan,Rabi,14.9,37.04,585.7,85.3
Grapes,Punjab,Whole Year,17.96,300.84,730.6,135.8
Banana,Goa,Rabi,32.62,1324.25,1170.4,184.3
Cotton,Uttar Pradesh,Kharif,8.45,17.26,1119.2,62.1
Tomato,Karnataka,Rabi,21.85,614.43,769.8,130.5
Apple,Madhya Pradesh,Zaid,24.01,279.33,878.8,52.2
Banana,Uttar Pradesh,Whole Year,33.42,1065.7,1257.3,200.8
Cotton,Uttar Pradesh,Whole Year,21.28,37.16,777.7,75.0
Wheat,Rajasthan,Rabi,4.3,15.65,441.7,128.9
Chickpea,Haryana,Whole Year,45.38,74.06,200.0,58.0
Cotton,Rajasthan,Kharif,35.15,97.42,637.1,147.9
Banana,Punjab,Rabi,3.19,86.82,1109.6,201.4
Wheat,Haryana,Whole Year,35.3,143.18,718.0,133.5
Cotton,Gujarat,Rabi,4.52,10.86,951.6,88.0
Apple,Karnataka,Whole Year,34.99,483.99,914.8,60.7
Cotton,Goa,Whole Year,45.74,93.89,388.8,89.1
Potato,Tamil Nadu,Whole Year,9.89,116.75,325.6,145.0
Banana,Uttar Pradesh,Rabi,15.36,472.93,1090.1,224.4
Rice,Gujarat,Rabi,40.6,139.86,903.4,119.1
Potato,Madhya Pradesh,Zaid,13.28,205.36,420.0,144.9
Wheat,Karnataka,Rabi,3.87,15.66,506.3,141.1
Banana,Uttar Pradesh,Rabi,26.42,1162.88,1309.7,248.4
Potato,Gujarat,Zaid,39.17,660.67,633.0,145.9
Tomato,Uttar Pradesh,Zaid,21.21,497.97,733.4,179.4
Cotton,Punjab,Rabi,3.58,11.4,797.3,94.0
Tomato,Gujarat,Whole Year,7.99,182.86,648.6,143.3
Wheat,Rajasthan,Kharif,18.2,57.81,456.3,115.1
Rice,Gujarat,Zaid,3.94,13.79,1075.6,132.3
Wheat,Madhya Pradesh,Whole Year,34.96,118.33,221.3,147.9
Apple,Goa,Kharif,41.46,336.6,724.2,95.8
Tomato,Punjab,Whole Year,44.2,1174.8,854.1,152.3
Chickpea,Haryana,Whole Year,41.46,82.17,560.0,36.3
Potato,Goa,Zaid,4.57,63.79,547.5,180.5
Chickpea,Gujarat,Kharif,48.49,74.14,297.9,51.8
Potato,Tamil Nadu,Kharif,46.43,828.21,549.2,142.5
Cotton,Gujarat,Rabi,34.8,82.53,744.8,107.6
Rice,Goa,Whole Year,34.6,122.87,1140.3,120.4
Tomato,Goa,Kharif,47.07,988.74,693.8,158.0
Grapes,Tamil Nadu,Whole Year,46.68,726.42,517.6,120.4
Maize,Punjab,Rabi,19.55,88.99,652.1,82.9
Grapes,Haryana,Rabi,37.23,519.94,774.3,131.2
Cotton,Tamil Nadu,Zaid,21.86,51.58,560.8,63.7
Wheat,Maharashtra,Zaid,30.92,102.26,612.1,101.6
Tomato,Tamil Nadu,Kharif,21.16,424.61,1081.0,192.9
Potato,Gujarat,Whole Year,37.86,720.7,716.0,122.9
Chickpea,Madhya Pradesh,Zaid,33.64,79.39,363.9,69.4
Tomato,Uttar Pradesh,Zaid,44.61,896.31,567.5,163.0
Tomato,Haryana,Zaid,24.46,490.94,988.6,129.9
Banana,Maharashtra,Kharif,17.77,566.67,1129.4,212.3
Maize,Maharashtra,Kharif,25.64,121.28,789.7,62.2
Maize,Madhya Pradesh,Zaid,27.66,116.77,468.2,87.1
Wheat,Karnataka,Kharif,49.47,165.59,682.9,88.8
Apple,Haryana,Kharif,22.19,213.1,937.3,72.4
Chickpea,Uttar Pradesh,Kharif,14.4,15.97,503.1,32.3
Tomato,Haryana,Whole Year,48.3,945.93,756.5,201.1
Apple,Gujarat,Kharif,19.49,253.52,1048.7,74.6
Potato,Uttar Pradesh,Kharif,26.18,510.43,497.6,184.7
Chickpea,Punjab,Kharif,7.95,17.48,554.3,60.7
Chickpea,Maharashtra,Zaid,27.4,42.79,432.9,32.1
Cotton,Uttar Pradesh,Rabi,39.04,67.06,904.8,88.7
Cotton,Goa,Kharif,39.81,83.91,629.1,117.7
Potato,Uttar Pradesh,Kharif,43.35,880.09,649.2,181.1
Tomato,Maharashtra,Rabi,10.52,239.59,593.4,130.5
Chickpea,Tamil Nadu,Zaid,36.0,70.82,375.8,35.3
Apple,Uttar Pradesh,Kharif,6.4,74.2,940.4,73.8
Chickpea,Madhya Pradesh,Whole Year,43.62,69.84,372.2,49.9
Cotton,Uttar Pradesh,Whole Year,14.57,27.81,872.4,63.0
Tomato,Maharashtra,Rabi,35.5,686.91,716.3,184.2
Tomato,Gujarat,Kharif,20.92,515.97,688.4,154.1
Tomato,Rajasthan,Rabi,1.49,38.71,708.6,150.8
Grapes,Uttar Pradesh,Zaid,23.01,444.92,899.4,152.7
Banana,Maharashtra,Kharif,11.02,474.0,1348.5,177.8
Potato,Goa,Whole Year,29.55,673.49,748.2,188.3
Maize,Tamil Nadu,Zaid,47.95,180.1,574.4,102.4
Tomato,Karnataka,Zaid,34.42,707.81,951.4,118.4
Potato,Haryana,Zaid,47.33,998.12,415.3,182.3
Cotton,Rajasthan,Kharif,18.55,47.4,607.3,77.6
Apple,Tamil Nadu,Kharif,38.13,489.6,931.8,127.7
Banana,Tamil Nadu,Rabi,35.67,1138.48,1229.2,211.0
Apple,Gujarat,Kharif,43.16,760.54,1194.1,89.7
Potato,Rajasthan,Zaid,4.78,90.26,671.7,189.1
Wheat,Rajasthan,Kharif,45.39,153.25,390.2,110.0
Wheat,Madhya Pradesh,Zaid,37.75,196.42,770.9,183.8
Apple,Madhya Pradesh,Rabi,3.37,38.68,1034.0,76.0
Rice,Maharashtra,Zaid,6.85,18.68,1043.1,66.2
Wheat,Gujarat,Whole Year,24.31,84.95,462.4,109.8
Tomato,Rajasthan,Whole Year,11.01,172.74,737.7,159.1
Tomato,Tamil Nadu,Zaid,33.42,653.55,602.5,198.0
Maize,Karnataka,Whole Year,9.02,45.37,683.7,101.8
Banana,Rajasthan,Kharif,1.91,72.2,1285.0,206.7
Potato,Haryana,Kharif,44.98,595.6,646.5,155.8
Rice,Maharashtra,Whole Year,28.53,162.89,1174.3,113.8
Maize,Haryana,Rabi,22.46,82.37,763.5,79.9
Tomato,Goa,Kharif,19.6,489.5,546.9,211.2
Banana,Rajasthan,Rabi,49.22,1567.85,1152.2,164.8
Grapes,Gujarat,Kharif,38.62,639.79,488.4,166.7
Banana,Maharashtra,Rabi,15.07,610.27,1240.9,200.5
Grapes,Karnataka,Zaid,45.36,603.48,771.6,107.9
Chickpea,Madhya Pradesh,Zaid,12.5,23.36,500.2,77.4
Apple,Gujarat,Zaid,33.16,476.15,1023.5,85.2
Maize,Haryana,Zaid,10.21,44.02,530.0,96.7
Potato,Rajasthan,Rabi,13.82,176.48,404.2,113.8
Banana,Tamil Nadu,Kharif,35.99,791.39,999.6,189.6
Grapes,Maharashtra,Whole Year,35.17,412.22,746.4,111.6
Maize,Karnataka,Rabi,6.08,27.15,992.0,101.5
Potato,Haryana,Kharif,1.24,29.0,458.1,158.6
Maize,Uttar Pradesh,Zaid,12.48,60.82,665.8,96.5
Chickpea,Madhya Pradesh,Whole Year,21.09,36.1,457.2,45.5
Potato,Rajasthan,Whole Year,30.99,605.69,655.6,143.1
Potato,Maharashtra,Kharif,42.02,636.82,485.1,133.9
Potato,Gujarat,Rabi,36.04,585.79,361.4,115.0
Chickpea,Goa,Zaid,41.81,54.86,580.7,73.5
Banana,Rajasthan,Rabi,22.34,750.44,1034.7,193.9
Tomato,Uttar Pradesh,Kharif,46.79,1032.43,838.8,149.6
Wheat,Maharashtra,Whole Year,11.01,37.99,354.9,82.6
Cotton,Maharashtra,Kharif,33.91,53.03,589.1,92.3
Wheat,Maharashtra,Kharif,49.1,135.38,289.4,131.4
Tomato,Haryana,Kharif,12.32,223.35,676.7,148.9
Apple,Gujarat,Rabi,13.77,141.68,902.1,82.4
Rice,Gujarat,Whole Year,45.49,161.06,942.9,121.8
Maize,Goa,Whole Year,32.13,172.06,825.9,132.0
Rice,Goa,Zaid,31.19,107.83,1035.8,141.0
Rice,Maharashtra,Kharif,38.33,126.34,868.3,110.3
Rice,Rajasthan,Rabi,41.86,146.0,891.1,137.4
Potato,Tamil Nadu,Zaid,48.41,778.33,631.4,133.1
Rice,Tamil Nadu,Zaid,15.48,54.61,898.0,101.5
Cotton,Gujarat,Whole Year,2.52,5.63,735.7,87.6
Potato,Goa,Rabi,8.25,131.25,769.0,139.6
Maize,Goa,Kharif,49.77,182.98,489.3,105.3
Potato,Rajasthan,Whole Year,31.09,595.74,711.9,108.0
Banana,Punjab,Kharif,40.93,1301.49,1204.3,219.6
Apple,Punjab,Rabi,38.36,572.73,1129.5,80.0
Rice,Maharashtra,Rabi,8.28,34.44,922.7,123.1
Grapes,Karnataka,Kharif,7.87,139.1,684.3,122.6
Banana,Punjab,Rabi,3.25,122.12,1324.4,179.1
Apple,Uttar Pradesh,Zaid,35.31,357.89,751.0,99.0
Apple,Uttar Pradesh,Kharif,7.24,84.27,686.5,107.2
Rice,Madhya Pradesh,Rabi,38.8,117.0,1147.8,133.5
Tomato,Tamil Nadu,Whole Year,36.11,956.17,1004.3,192.9
Chickpea,Karnataka,Rabi,5.75,9.59,400.8,24.0
Grapes,Goa,Zaid,7.02,111.28,653.3,146.8
Banana,Haryana,Rabi,18.94,621.97,1239.8,197.7
Tomato,Maharashtra,Kharif,8.56,234.4,663.6,151.5
Grapes,Gujarat,Rabi,26.0,505.82,733.3,176.6
Wheat,Haryana,Whole Year,16.01,52.66,527.2,150.0
Wheat,Karnataka,Rabi,25.51,81.81,449.7,123.4
Apple,Uttar Pradesh,Rabi,9.91,118.5,973.9,62.8
Grapes,Punjab,Whole Year,14.13,229.38,538.1,110.8
Chickpea,Haryana,Zaid,15.77,26.55,475.6,28.1
Cotton,Madhya Pradesh,Rabi,16.58,36.49,671.6,102.7
Tomato,Gujarat,Zaid,0.88,19.95,784.5,164.2
Wheat,Punjab,Rabi,8.96,53.76,828.8,138.6
Chickpea,Punjab,Rabi,4.07,7.2,200.0,34.0
Cotton,Tamil Nadu,Rabi,33.15,80.22,959.2,94.7
Grapes,Karnataka,Zaid,1.86,34.71,819.3,141.5
Cotton,Rajasthan,Rabi,41.26,79.7,677.5,55.3
Maize,Madhya Pradesh,Rabi,42.17,187.73,666.1,112.5
Maize,Tamil Nadu,Whole Year,2.77,14.13,958.4,134.9
Grapes,Maharashtra,Rabi,29.99,422.62,627.9,118.7
Chickpea,Tamil Nadu,Whole Year,45.52,110.68,508.2,62.9
Wheat,Uttar Pradesh,Whole Year,31.24,168.39,557.7,118.5
Maize,Rajasthan,Kharif,39.61,139.01,721.8,95.4
Potato,Maharashtra,Rabi,23.76,481.62,483.0,152.1
Grapes,Gujarat,Kharif,25.85,423.19,509.7,143.7
Rice,Maharashtra,Zaid,33.65,103.61,1142.9,124.5
Cotton,Haryana,Whole Year,17.37,37.82,916.0,99.2
Cotton,Rajasthan,Zaid,39.04,96.14,793.8,58.5
Banana,Madhya Pradesh,Whole Year,12.95,382.75,1135.7,228.1
Grapes,Maharashtra,Rabi,21.94,337.09,579.7,129.2
Grapes,Haryana,Zaid,28.06,474.16,537.0,137.4
Apple,Goa,Kharif,41.7,384.23,965.3,103.5
Apple,Punjab,Rabi,39.42,351.01,684.4,39.4
Tomato,Punjab,Rabi,37.44,957.39,398.7,174.4
Wheat,Rajasthan,Rabi,11.38,42.65,704.0,134.3
Potato,Goa,Whole Year,34.81,721.63,612.8,162.6
Cotton,Madhya Pradesh,Zaid,48.05,124.21,871.0,84.2
Wheat,Gujarat,Kharif,39.65,110.24,536.3,113.7
Banana,Tamil Nadu,Zaid,22.27,729.95,1493.2,217.6
Rice,Gujarat,Zaid,15.69,57.1,1132.1,117.7
Grapes,Tamil Nadu,Kharif,9.2,127.84,591.4,144.1
Maize,Madhya Pradesh,Kharif,47.31,162.99,706.3,107.8
Cotton,Gujarat,Whole Year,8.84,19.53,1035.3,88.3
Grapes,Rajasthan,Zaid,33.49,414.04,627.3,109.1
Apple,Tamil Nadu,Whole Year,7.34,73.35,920.9,66.5
Tomato,Gujarat,Rabi,19.01,311.88,773.0,144.4
Potato,Goa,Zaid,18.12,213.16,700.6,106.5
Apple,Rajasthan,Whole Year,5.44,52.05,630.0,75.6
Rice,Uttar Pradesh,Whole Year,20.22,98.03,1016.9,130.7
Potato,Uttar Pradesh,Zaid,15.88,238.09,460.3,177.2
Grapes,Rajasthan,Rabi,27.83,530.84,809.4,207.7
Chickpea,Goa,Zaid,48.99,70.0,491.0,51.9
Potato,Madhya Pradesh,Zaid,12.4,195.39,610.7,153.9
Wheat,Haryana,Kharif,28.75,117.58,727.3,116.5
Wheat,Goa,Zaid,24.19,91.63,238.9,181.8
Banana,Haryana,Kharif,14.38,374.43,1018.6,161.3
Apple,Gujarat,Whole Year,9.0,100.0,940.0,107.9
Potato,Karnataka,Kharif,42.01,689.82,821.7,94.3
Wheat,Madhya Pradesh,Whole Year,37.74,149.03,541.2,102.1
Apple,Rajasthan,Kharif,37.64,369.13,922.3,91.9
Apple,Tamil Nadu,Kharif,21.88,236.91,750.5,119.0
Rice,Haryana,Whole Year,45.94,212.96,1180.6,136.2
Chickpea,Karnataka,Kharif,29.85,43.36,401.4,76.4
Chickpea,Gujarat,Rabi,49.14,91.2,655.6,85.1
Rice,Rajasthan,Rabi,9.45,41.55,950.2,143.0
Apple,Maharashtra,Rabi,27.69,392.48,1196.8,87.1
Apple,Goa,Zaid,49.69,673.6,830.4,144.9
Maize,Haryana,Rabi,21.7,102.48,826.6,85.8
Chickpea,Gujarat,Kharif,27.2,61.21,522.3,109.9
Chickpea,Rajasthan,Zaid,2.5,4.25,531.2,38.2
Tomato,Haryana,Rabi,19.74,417.26,776.2,162.9
Tomato,Uttar Pradesh,Rabi,19.92,407.28,693.7,161.6
Maize,Uttar Pradesh,Rabi,23.88,111.7,726.3,136.9
Apple,Uttar Pradesh,Zaid,29.33,361.05,963.5,63.6
Cotton,Punjab,Kharif,34.89,56.07,1112.8,80.0
Cotton,Rajasthan,Rabi,8.94,22.67,906.9,109.6
Apple,Maharashtra,Rabi,36.85,514.64,982.6,104.4
Chickpea,Karnataka,Whole Year,9.08,15.52,494.9,31.9
Maize,Goa,Whole Year,43.3,162.41,807.6,82.7
Tomato,Tamil Nadu,Rabi,11.44,196.59,669.1,122.6
Maize,Punjab,Rabi,7.47,39.71,723.0,135.7
Potato,Tamil Nadu,Zaid,22.93,590.99,731.1,133.3
Tomato,Uttar Pradesh,Zaid,15.96,407.51,879.2,168.9
Banana,Madhya Pradesh,Zaid,41.04,1438.04,1287.9,164.4
Tomato,Tamil Nadu,Whole Year,27.79,642.75,617.4,153.5
Cotton,Haryana,Whole Year,30.38,71.15,1120.0,65.7
Maize,Tamil Nadu,Rabi,29.95,109.93,622.9,79.4
Wheat,Uttar Pradesh,Rabi,3.06,13.02,367.3,190.3
Rice,Goa,Kharif,6.81,21.87,1074.9,106.6
Maize,Maharashtra,Zaid,33.9,126.62,670.7,81.5
Chickpea,Goa,Kharif,17.18,34.75,369.2,35.2
Chickpea,Gujarat,Kharif,21.42,33.3,279.9,42.0
Tomato,Tamil Nadu,Kharif,46.59,1216.22,549.6,161.4
Rice,Haryana,Kharif,19.57,79.9,1214.5,141.7
Grapes,Goa,Whole Year,4.81,60.24,880.3,87.7
Chickpea,Maharashtra,Whole Year,6.23,13.17,473.4,30.4
Chickpea,Punjab,Zaid,36.25,68.29,585.9,76.3
Rice,Madhya Pradesh,Kharif,22.38,76.74,1051.9,111.8
Chickpea,Karnataka,Zaid,13.05,27.49,574.5,72.2
Cotton,Goa,Zaid,13.6,25.83,819.2,26.9
Apple,Goa,Kharif,11.81,109.94,786.9,104.2
Maize,Goa,Whole Year,11.15,51.2,646.6,121.6
Rice,Maharashtra,Zaid,20.11,83.07,1212.4,103.2
Grapes,Madhya Pradesh,Kharif,19.27,327.51,618.0,147.4
Apple,Punjab,Rabi,36.16,514.96,935.8,109.8
Banana,Gujarat,Kharif,28.59,858.03,1012.1,235.7
Cotton,Rajasthan,Zaid,40.67,79.09,574.6,70.5
Tomato,Haryana,Rabi,46.38,968.24,746.8,175.0
Banana,Tamil Nadu,Kharif,46.67,1819.95,1221.1,228.2
Apple,Goa,Kharif,37.48,612.25,881.5,128.9
Grapes,Punjab,Kharif,18.79,259.67,949.7,128.8
Wheat,Gujarat,Kharif,28.46,132.6,403.6,142.9
Tomato,Haryana,Rabi,7.85,153.96,793.6,148.0
Cotton,Karnataka,Rabi,41.12,114.87,701.6,113.4
Tomato,Karnataka,Rabi,9.27,210.55,548.2,135.1
Rice,Punjab,Zaid,24.29,78.36,998.9,105.2
Wheat,Uttar Pradesh,Kharif,25.0,112.07,488.5,97.2
Tomato,Haryana,Kharif,3.71,100.19,784.8,185.1
Wheat,Gujarat,Kharif,29.36,116.47,451.2,103.5
Cotton,Madhya Pradesh,Rabi,48.63,85.82,763.0,86.7
Apple,Goa,Kharif,7.45,86.65,1022.7,48.0
Cotton,Karnataka,Kharif,45.85,92.64,734.4,112.5
Tomato,Haryana,Whole Year,10.23,225.99,878.1,160.2
Apple,Haryana,Zaid,27.34,318.41,749.1,120.0
Maize,Haryana,Kharif,42.14,191.63,884.0,108.2
Banana,Gujarat,Whole Year,34.45,1261.49,997.8,243.7
Wheat,Rajasthan,Zaid,27.11,99.21,593.0,134.5
Cotton,Madhya Pradesh,Kharif,38.79,78.66,801.9,132.1
Wheat,Maharashtra,Rabi,7.65,42.92,453.0,129.6
Chickpea,Tamil Nadu,Zaid,26.01,48.59,457.4,76.2
Wheat,Punjab,Zaid,10.24,26.86,649.8,153.8
Tomato,Gujarat,Rabi,9.17,168.81,754.2,176.1
Maize,Rajasthan,Whole Year,35.52,183.29,1036.9,132.0
Apple,Rajasthan,Zaid,25.91,314.54,1170.6,127.5
Potato,Karnataka,Whole Year,0.8,12.95,698.5,103.6
Chickpea,Madhya Pradesh,Kharif,41.29,77.71,438.3,20.0
Wheat,Haryana,Zaid,33.33,123.14,382.0,126.3
Banana,Goa,Kharif,4.78,149.02,910.6,199.5
Rice,Punjab,Zaid,26.67,67.98,1098.9,86.4
Chickpea,Madhya Pradesh,Kharif,41.08,70.3,388.6,75.3
Grapes,Madhya Pradesh,Whole Year,47.24,721.1,520.1,147.4
Maize,Uttar Pradesh,Zaid,16.5,69.24,616.5,91.7
Tomato,Madhya Pradesh,Rabi,19.48,395.7,560.3,131.5
Tomato,Tamil Nadu,Kharif,31.51,731.58,775.3,159.3
Grapes,Karnataka,Rabi,47.74,748.16,741.2,141.4
Tomato,Punjab,Rabi,39.28,959.33,487.8,109.8
Tomato,Madhya Pradesh,Kharif,36.77,801.57,892.5,160.0
Wheat,Tamil Nadu,Whole Year,45.96,247.54,432.0,128.5
Tomato,Goa,Kharif,44.47,724.76,669.8,166.3
Tomato,Goa,Zaid,41.92,1109.35,725.5,209.3
Wheat,Gujarat,Kharif,41.55,186.62,430.6,151.4
Chickpea,Rajasthan,Zaid,37.37,73.99,301.4,34.9
Cotton,Haryana,Whole Year,17.66,41.84,877.8,86.0
Rice,Madhya Pradesh,Kharif,27.1,82.89,766.5,135.9
Cotton,Maharashtra,Zaid,40.83,90.79,675.3,81.9
Potato,Rajasthan,Rabi,38.49,740.67,801.8,179.7
Grapes,Punjab,Whole Year,43.25,731.68,716.8,147.3
Rice,Rajasthan,Kharif,16.64,68.54,1273.1,98.0
Cotton,Maharashtra,Rabi,47.38,123.19,980.5,113.8
Maize,Punjab,Zaid,12.56,36.65,679.2,84.3
Grapes,Punjab,Kharif,37.98,573.75,624.6,150.4
Wheat,Rajasthan,Rabi,40.91,163.94,431.5,160.1
Potato,Gujarat,Zaid,8.02,126.79,324.0,150.5
Wheat,Rajasthan,Kharif,38.8,151.74,412.2,67.9
Grapes,Karnataka,Kharif,6.06,91.06,560.8,151.2
Chickpea,Goa,Rabi,30.75,76.69,449.6,23.1
Banana,Rajasthan,Zaid,22.43,878.15,1207.9,246.1
Cotton,Uttar Pradesh,Zaid,24.97,53.24,679.7,65.5
Chickpea,Punjab,Whole Year,17.67,39.76,585.6,36.9
Chickpea,Punjab,Kharif,12.89,17.84,465.3,58.3
Cotton,Gujarat,Rabi,9.02,18.32,628.4,108.7
Banana,Tamil Nadu,Kharif,35.36,1267.77,1354.5,224.0
Grapes,Maharashtra,Whole Year,21.1,243.22,545.1,129.8
Grapes,Uttar Pradesh,Whole Year,49.39,739.41,408.0,124.1
Wheat,Haryana,Rabi,28.29,102.06,584.1,139.9
Tomato,Maharashtra,Kharif,7.12,149.16,758.0,130.1
Apple,Tamil Nadu,Kharif,3.72,55.18,856.6,96.3
Rice,Punjab,Zaid,16.45,74.87,1295.6,130.7
Maize,Goa,Zaid,48.63,229.94,538.8,152.6
Banana,Punjab,Whole Year,24.32,960.11,950.5,189.2
Wheat,Karnataka,Zaid,15.59,54.61,341.7,122.7
Apple,Madhya Pradesh,Zaid,11.08,119.1,795.9,80.1
Wheat,Uttar Pradesh,Whole Year,24.27,126.74,400.1,173.3
Rice,Uttar Pradesh,Rabi,2.31,9.48,1059.4,141.2
Apple,Karnataka,Whole Year,49.07,673.35,1092.9,100.3
Maize,Maharashtra,Whole Year,46.95,206.6,744.4,68.4
Banana,Gujarat,Rabi,49.83,1568.5,1218.9,192.8
Banana,Maharashtra,Whole Year,45.37,1001.77,967.4,165.6
Cotton,Uttar Pradesh,Zaid,31.15,56.29,426.5,106.7
Apple,Gujarat,Rabi,8.09,65.11,857.7,80.9
Wheat,Uttar Pradesh,Whole Year,29.81,135.07,309.0,140.1
Tomato,Gujarat,Zaid,8.39,178.17,735.7,144.5
Tomato,Goa,Whole Year,4.59,95.91,755.6,166.1
Maize,Madhya Pradesh,Rabi,39.34,152.57,769.9,118.6
Tomato,Madhya Pradesh,Whole Year,46.23,1201.07,928.8,170.7
Chickpea,Rajasthan,Rabi,10.92,17.96,475.8,73.3
Rice,Goa,Zaid,6.55,25.57,1048.0,99.8
Apple,Uttar Pradesh,Rabi,7.58,91.67,1047.3,169.6
Banana,Gujarat,Rabi,6.61,238.75,1541.8,180.8
Cotton,Uttar Pradesh,Kharif,3.79,9.96,655.9,91.2
Maize,Haryana,Whole Year,10.52,37.16,583.8,122.5
Grapes,Madhya Pradesh,Zaid,17.58,301.2,656.6,147.7
Banana,Goa,Zaid,23.46,766.84,1160.3,213.7
Banana,Madhya Pradesh,Zaid,14.82,491.57,1117.4,196.0
Tomato,Uttar Pradesh,Kharif,29.7,689.33,615.3,160.4
Chickpea,Punjab,Kharif,43.23,69.31,323.7,40.7
Banana,Goa,Zaid,13.55,511.84,1212.5,206.1
Maize,Madhya Pradesh,Zaid,30.12,145.04,895.7,132.5
Banana,Gujarat,Rabi,49.38,1354.7,1159.6,173.3
Maize,Goa,Zaid,11.75,62.76,998.1,152.4
Tomato,Tamil Nadu,Whole Year,15.64,381.65,787.6,181.5
Maize,Rajasthan,Zaid,25.94,85.49,688.9,70.1
Potato,Tamil Nadu,Rabi,37.48,879.29,591.1,157.0
Rice,Madhya Pradesh,Whole Year,5.66,20.18,1042.7,142.9
Maize,Madhya Pradesh,Whole Year,0.89,4.23,695.5,151.9
Banana,Rajasthan,Kharif,35.23,1220.1,1139.4,201.1
Potato,Tamil Nadu,Zaid,25.92,412.81,367.8,101.0
Cotton,Tamil Nadu,Kharif,14.95,32.43,852.2,129.2
Apple,Madhya Pradesh,Kharif,30.98,326.42,1017.7,63.9
Tomato,Rajasthan,Zaid,16.55,408.34,808.5,176.1
Maize,Rajasthan,Whole Year,13.63,57.3,757.5,110.8
Rice,Madhya Pradesh,Zaid,19.8,39.3,855.5,104.1
Maize,Haryana,Kharif,27.23,133.68,927.9,105.5
Cotton,Karnataka,Whole Year,14.94,37.07,689.9,95.7
Cotton,Goa,Zaid,46.02,92.91,1036.2,87.0
Banana,Goa,Kharif,44.53,1094.34,1072.9,181.3
Apple,Tamil Nadu,Rabi,35.59,363.45,915.5,76.6
Potato,Haryana,Zaid,32.85,356.5,761.1,53.6
Maize,Madhya Pradesh,Rabi,20.76,117.57,704.7,124.7
Wheat,Karnataka,Rabi,12.44,45.87,424.3,154.9
Rice,Haryana,Zaid,18.3,66.45,778.6,157.6
Apple,Rajasthan,Zaid,36.82,455.53,848.5,96.7
Wheat,Punjab,Kharif,1.32,5.55,568.6,134.7
Chickpea,Rajasthan,Rabi,6.8,11.34,464.0,60.4
Potato,Gujarat,Rabi,34.74,532.14,492.8,150.1
Cotton,Uttar Pradesh,Kharif,23.93,51.76,782.1,81.6
Rice,Haryana,Zaid,8.25,30.4,925.2,142.9
Banana,Maharashtra,Whole Year,11.09,384.14,1108.7,203.0
Banana,Goa,Whole Year,37.03,1416.05,1228.0,225.1
Apple,Haryana,Rabi,20.97,240.6,1195.3,82.4
Maize,Karnataka,Rabi,47.7,187.93,829.0,68.3
Chickpea,Maharashtra,Zaid,31.82,71.08,368.2,42.4
Maize,Karnataka,Whole Year,1.85,8.29,782.5,118.9
Cotton,Madhya Pradesh,Rabi,31.03,70.92,1009.8,96.8
Apple,Haryana,Kharif,25.86,322.97,1030.2,63.6
Potato,Haryana,Rabi,3.23,56.45,670.6,152.7
Wheat,Haryana,Zaid,27.71,100.46,480.2,130.5
Rice,Madhya Pradesh,Kharif,34.98,165.28,788.2,149.7
Wheat,Maharashtra,Rabi,19.73,73.41,233.3,151.9
Chickpea,Karnataka,Rabi,40.96,63.47,508.8,45.8
Maize,Gujarat,Zaid,26.92,100.12,681.8,110.8
Chickpea,Maharashtra,Kharif,41.61,55.65,587.8,28.1
Grapes,Madhya Pradesh,Zaid,17.89,275.57,769.6,151.9
Banana,Haryana,Whole Year,9.66,320.93,1374.5,201.3
Apple,Uttar Pradesh,Kharif,39.51,532.2,825.7,85.0
Grapes,Haryana,Zaid,6.17,106.68,440.6,172.3
Tomato,Gujarat,Whole Year,6.8,174.83,983.0,180.5
Maize,Madhya Pradesh,Rabi,29.72,144.07,871.8,108.9
Apple,Karnataka,Whole Year,31.52,445.71,1043.8,156.1
Maize,Gujarat,Kharif,45.71,134.33,612.9,80.6
Banana,Karnataka,Whole Year,43.0,1550.63,1338.9,194.6
Apple,Rajasthan,Rabi,48.62,586.78,950.6,125.5
Tomato,Maharashtra,Kharif,29.08,669.52,820.8,162.2
Banana,Karnataka,Zaid,12.47,396.31,1084.6,203.8
Rice,Karnataka,Zaid,9.45,31.33,1184.3,176.5
Maize,Goa,Rabi,39.62,169.57,711.4,50.8
Rice,Gujarat,Whole Year,8.81,31.73,1153.2,107.0
Banana,Madhya Pradesh,Kharif,12.48,413.23,1313.4,195.9
Tomato,Rajasthan,Rabi,31.65,703.99,850.5,152.8
Apple,Gujarat,Zaid,42.63,624.59,1004.1,147.7
Rice,Haryana,Kharif,4.29,14.84,1131.2,118.8
Wheat,Tamil Nadu,Whole Year,31.1,140.43,362.6,137.1
Maize,Madhya Pradesh,Zaid,39.16,240.57,997.4,117.3
Banana,Goa,Rabi,34.04,1071.52,1210.3,219.1
Tomato,Madhya Pradesh,Zaid,4.64,115.9,781.5,182.6
Chickpea,Tamil Nadu,Kharif,30.19,49.49,326.3,93.2
Tomato,Maharashtra,Zaid,49.09,1197.04,873.2,154.1
Rice,Madhya Pradesh,Rabi,7.29,20.64,1113.5,97.6
Grapes,Tamil Nadu,Kharif,40.27,525.52,632.7,119.1
Banana,Rajasthan,Zaid,40.2,1860.24,1243.0,222.2
Tomato,Gujarat,Kharif,24.82,635.41,731.7,153.8
Banana,Goa,Zaid,38.31,1533.6,1424.1,197.7
Chickpea,Madhya Pradesh,Whole Year,13.84,28.15,626.6,20.0
Chickpea,Uttar Pradesh,Kharif,49.43,77.69,200.0,73.8
Cotton,Maharashtra,Whole Year,10.81,28.4,673.8,75.3
Banana,Goa,Whole Year,1.92,72.61,1194.5,199.7
Potato,Uttar Pradesh,Rabi,15.31,223.62,200.0,164.2
Apple,Karnataka,Rabi,24.46,265.36,960.0,64.7
Maize,Punjab,Kharif,41.47,149.93,388.2,110.4
Chickpea,Haryana,Zaid,28.53,63.01,661.4,77.9
Tomato,Karnataka,Zaid,49.21,1189.23,938.9,126.6
Cotton,Tamil Nadu,Whole Year,29.42,67.71,496.2,87.1
Grapes,Uttar Pradesh,Rabi,34.96,522.42,701.9,125.2
Banana,Haryana,Whole Year,4.81,179.98,1181.2,238.5
Potato,Karnataka,Rabi,41.19,868.6,501.3,189.5
Rice,Karnataka,Whole Year,20.08,66.42,849.6,115.0
Wheat,Maharashtra,Kharif,13.69,72.1,703.1,147.3
Maize,Punjab,Zaid,8.82,33.08,551.9,102.6
Tomato,Karnataka,Kharif,38.69,749.01,717.4,130.5
Wheat,Haryana,Zaid,8.96,29.98,200.0,148.2
Wheat,Punjab,Kharif,32.53,110.62,678.1,111.9
Potato,Punjab,Whole Year,20.17,421.91,580.8,155.7
Maize,Tamil Nadu,Kharif,41.2,164.74,718.2,124.9
Maize,Punjab,Zaid,18.8,78.81,737.1,63.7
Chickpea,Goa,Whole Year,40.61,67.42,264.9,20.0
Rice,Tamil Nadu,Whole Year,16.9,52.43,851.4,128.5
Tomato,Uttar Pradesh,Kharif,4.32,73.67,956.6,114.1
Grapes,Karnataka,Zaid,19.68,359.87,644.8,153.6
Chickpea,Uttar Pradesh,Kharif,48.13,61.37,459.2,30.2
Rice,Karnataka,Whole Year,1.13,2.62,1089.5,71.5
Maize,Tamil Nadu,Kharif,4.4,21.18,851.7,104.3
Potato,Karnataka,Whole Year,14.94,261.32,361.7,133.4
Chickpea,Maharashtra,Kharif,47.07,77.69,350.7,83.6
Banana,Rajasthan,Whole Year,26.57,1100.86,1285.7,186.9
Banana,Gujarat,Rabi,29.08,1243.33,975.3,169.0
Apple,Haryana,Rabi,40.12,432.71,937.9,95.6
Rice,Tamil Nadu,Whole Year,25.78,100.39,1144.0,132.2
Wheat,Tamil Nadu,Zaid,31.09,128.45,451.0,173.5
Cotton,Karnataka,Whole Year,20.48,48.06,869.7,95.8
Tomato,Gujarat,Zaid,43.63,857.87,796.9,127.9
Wheat,Punjab,Kharif,49.36,163.53,504.9,115.5
Chickpea,Gujarat,Rabi,39.9,81.18,200.0,21.6
Wheat,Tamil Nadu,Kharif,16.35,60.33,482.5,143.9
Chickpea,Uttar Pradesh,Kharif,26.6,48.58,340.7,20.0
Cotton,Madhya Pradesh,Kharif,46.23,111.86,896.3,113.6
Potato,Maharashtra,Kharif,29.94,653.81,550.7,182.6
Grapes,Rajasthan,Zaid,27.27,323.27,517.8,130.4
Banana,Rajasthan,Zaid,14.34,434.17,1298.9,173.4
Chickpea,Uttar Pradesh,Kharif,9.13,16.92,557.1,24.2
Wheat,Madhya Pradesh,Kharif,9.64,36.95,576.9,154.1
Grapes,Uttar Pradesh,Kharif,41.62,544.12,668.8,141.9
Tomato,Karnataka,Rabi,47.4,1271.86,647.9,132.4
Tomato,Rajasthan,Kharif,12.37,262.5,934.9,149.7
Grapes,Maharashtra,Whole Year,14.34,264.12,785.4,162.2
Banana,Haryana,Rabi,3.57,142.21,1406.6,209.7
Potato,Haryana,Whole Year,38.3,734.17,357.0,192.8
Wheat,Punjab,Rabi,11.36,48.12,359.5,137.1
Grapes,Punjab,Kharif,4.19,37.47,551.9,102.7
Rice,Gujarat,Rabi,40.83,199.01,965.3,159.0
Chickpea,Haryana,Rabi,15.86,27.76,517.2,70.1
Apple,Goa,Whole Year,0.91,10.49,978.4,73.8
Wheat,Haryana,Zaid,9.67,27.89,272.5,96.5
Cotton,Punjab,Zaid,9.23,24.8,1132.0,135.5
Rice,Gujarat,Whole Year,22.59,67.37,949.6,123.7
Banana,Madhya Pradesh,Zaid,38.73,1381.42,1481.0,234.4
Rice,Uttar Pradesh,Rabi,17.18,54.87,932.5,117.9
Maize,Rajasthan,Zaid,28.1,126.3,503.2,139.6
Maize,Punjab,Rabi,18.76,91.71,678.7,128.2
Rice,Uttar Pradesh,Whole Year,28.62,83.53,1182.6,123.7
Grapes,Rajasthan,Whole Year,25.0,216.95,639.2,131.3
Banana,Rajasthan,Kharif,34.51,1269.97,1078.0,172.9
Rice,Goa,Rabi,42.63,156.73,877.3,102.3
Rice,Uttar Pradesh,Kharif,1.39,3.75,689.3,79.6
Banana,Rajasthan,Rabi,19.3,641.84,988.5,163.8
Potato,Gujarat,Whole Year,49.71,1114.54,718.3,171.9
Grapes,Rajasthan,Whole Year,19.77,306.57,330.7,171.0
Grapes,Madhya Pradesh,Whole Year,38.29,588.15,537.9,126.8
Grapes,Gujarat,Rabi,33.13,461.98,387.3,96.7
Apple,Punjab,Rabi,9.26,99.85,920.5,112.2
Rice,Haryana,Kharif,30.44,115.13,1102.0,138.6
Potato,Haryana,Zaid,13.35,251.77,536.2,120.6
Tomato,Maharashtra,Rabi,5.65,126.07,701.0,193.2
Chickpea,Uttar Pradesh,Rabi,11.86,19.58,491.2,46.0
Cotton,Tamil Nadu,Zaid,3.32,8.64,978.9,20.0
Chickpea,Gujarat,Rabi,36.16,58.63,290.0,34.7
Grapes,Uttar Pradesh,Whole Year,17.4,272.38,799.3,135.3
Grapes,Madhya Pradesh,Whole Year,27.36,423.08,452.2,120.2
Apple,Madhya Pradesh,Rabi,17.04,190.68,1059.1,115.0
Maize,Madhya Pradesh,Whole Year,30.28,142.43,438.4,156.0
Maize,Rajasthan,Zaid,9.67,44.81,581.5,62.3
Wheat,Uttar Pradesh,Kharif,8.57,32.2,418.1,150.8
Chickpea,Uttar Pradesh,Zaid,4.63,10.13,527.1,52.5
Maize,Punjab,Rabi,5.36,20.9,458.2,98.6
Tomato,Madhya Pradesh,Whole Year,25.77,546.14,554.9,148.6
Cotton,Rajasthan,Whole Year,9.95,19.02,846.0,84.7
Maize,Gujarat,Whole Year,40.61,143.44,502.4,122.2
Grapes,Madhya Pradesh,Rabi,30.3,538.09,911.3,133.9
Grapes,Gujarat,Rabi,11.88,295.46,862.6,166.9
Banana,Tamil Nadu,Kharif,32.61,1389.96,1413.1,201.0
Chickpea,Haryana,Rabi,28.45,54.63,716.1,74.9
Chickpea,Punjab,Zaid,41.9,72.55,498.0,37.5
Potato,Uttar Pradesh,Rabi,13.17,240.52,834.4,158.0
Banana,Uttar Pradesh,Whole Year,18.5,620.55,1226.1,192.4
Cotton,Goa,Whole Year,4.87,10.51,713.0,42.1
Cotton,Punjab,Whole Year,46.64,86.8,626.8,125.9
Maize,Karnataka,Whole Year,34.96,123.55,388.7,110.8
Chickpea,Goa,Rabi,10.02,15.98,655.4,20.0
Grapes,Uttar Pradesh,Rabi,37.38,580.75,817.0,181.3
Apple,Rajasthan,Kharif,46.82,518.02,871.0,73.2
Cotton,Punjab,Rabi,5.8,13.96,683.5,98.7
Grapes,Goa,Kharif,44.49,594.65,598.9,146.6
Tomato,Haryana,Zaid,32.01,678.03,627.5,155.4
Apple,Punjab,Kharif,45.49,699.23,939.3,102.1
Grapes,Gujarat,Zaid,18.88,303.89,800.7,136.7
Rice,Goa,Whole Year,32.32,110.16,982.1,114.0
Cotton,Uttar Pradesh,Kharif,34.02,56.21,656.1,97.0
Cotton,Madhya Pradesh,Kharif,14.69,38.3,934.7,106.4
Wheat,Rajasthan,Kharif,7.27,33.42,615.1,133.9
Cotton,Karnataka,Zaid,7.22,13.28,671.1,109.7
Rice,Punjab,Kharif,2.26,7.46,997.4,110.3
Banana,Haryana,Whole Year,31.72,1046.46,1458.3,153.1
Apple,Uttar Pradesh,Rabi,1.1,9.41,1086.7,104.3
Chickpea,Haryana,Whole Year,26.41,43.09,391.9,37.2
Chickpea,Tamil Nadu,Kharif,15.17,31.61,667.1,45.7
Apple,Gujarat,Rabi,8.8,88.73,907.1,124.0
Apple,Tamil Nadu,Whole Year,26.49,280.1,670.6,48.0
Wheat,Gujarat,Rabi,29.44,110.33,468.5,130.8
Banana,Goa,Rabi,6.01,253.0,1076.6,250.3
Tomato,Madhya Pradesh,Zaid,10.18,262.88,740.9,160.0
Wheat,Karnataka,Whole Year,36.63,173.23,464.1,166.6
Potato,Madhya Pradesh,Kharif,30.34,572.97,601.1,159.1
Cotton,Maharashtra,Rabi,23.27,44.27,754.1,72.8
Rice,Madhya Pradesh,Kharif,5.84,17.29,985.7,142.5
Potato,Rajasthan,Rabi,6.22,86.17,200.0,131.9
Banana,Tamil Nadu,Kharif,33.51,1516.15,1179.6,200.9
Tomato,Uttar Pradesh,Kharif,49.39,875.99,829.6,174.4
Chickpea,Tamil Nadu,Rabi,23.88,36.19,377.0,40.9
Potato,Uttar Pradesh,Zaid,7.75,95.87,328.8,130.0
Apple,Maharashtra,Rabi,12.61,145.48,878.6,121.9
Banana,Maharashtra,Zaid,20.91,770.61,1375.1,199.9
Rice,Uttar Pradesh,Rabi,35.4,111.03,873.0,133.5
Banana,Gujarat,Whole Year,47.01,2167.31,1483.9,208.8
Grapes,Karnataka,Kharif,28.52,533.11,672.7,154.6
Chickpea,Karnataka,Zaid,23.84,34.62,200.0,69.9
Banana,Gujarat,Zaid,38.97,1093.84,932.0,208.5
Grapes,Maharashtra,Rabi,27.05,369.38,611.6,122.5
Cotton,Uttar Pradesh,Kharif,16.81,36.35,923.8,82.8
Rice,Gujarat,Zaid,6.46,24.28,797.6,110.4
Maize,Punjab,Kharif,27.65,110.26,536.9,93.2
Potato,Haryana,Kharif,14.09,247.71,521.1,130.8
Banana,Goa,Kharif,36.4,1371.32,1546.7,191.8
Banana,Rajasthan,Kharif,45.27,1290.24,908.7,215.4
Maize,Goa,Rabi,22.61,91.64,556.8,82.8
Grapes,Goa,Rabi,16.55,256.52,701.7,165.9
Wheat,Uttar Pradesh,Rabi,32.55,173.06,667.0,114.2
Rice,Punjab,Zaid,7.58,29.2,1140.9,123.4
Rice,Karnataka,Kharif,46.81,149.45,825.3,138.9
Rice,Rajasthan,Rabi,12.01,40.0,1181.9,129.9
Potato,Uttar Pradesh,Whole Year,21.15,391.17,525.3,99.2
Wheat,Uttar Pradesh,Whole Year,46.24,164.84,323.5,90.4
Chickpea,Haryana,Zaid,26.34,39.67,539.2,47.1
Chickpea,Gujarat,Rabi,10.82,16.72,629.3,41.9
Chickpea,Madhya Pradesh,Rabi,24.54,50.94,289.9,86.9
Maize,Goa,Zaid,25.78,92.61,528.3,100.7
Maize,Madhya Pradesh,Whole Year,29.47,147.87,699.0,123.6
Cotton,Goa,Zaid,36.61,66.86,622.5,125.9
Chickpea,Uttar Pradesh,Kharif,17.73,33.99,315.1,20.0
Chickpea,Punjab,Kharif,16.86,30.4,368.2,64.0
Wheat,Goa,Whole Year,6.0,28.68,786.2,165.1
Apple,Tamil Nadu,Zaid,6.23,76.3,944.6,33.5
Grapes,Rajasthan,Whole Year,40.74,670.66,759.0,145.6
Tomato,Rajasthan,Whole Year,1.25,23.38,617.1,129.1
Maize,Rajasthan,Zaid,31.09,141.95,585.1,136.6
Apple,Rajasthan,Rabi,21.09,273.41,1137.9,107.6
Tomato,Karnataka,Rabi,34.3,952.31,847.0,116.1
Banana,Madhya Pradesh,Rabi,46.21,1355.14,1081.9,217.8
Potato,Karnataka,Kharif,49.94,893.03,900.5,126.2
Banana,Uttar Pradesh,Rabi,28.8,919.42,1176.2,183.4
Maize,Maharashtra,Rabi,4.42,22.46,547.8,149.2
Potato,Goa,Rabi,41.59,971.65,781.1,153.1
Rice,Uttar Pradesh,Kharif,36.84,128.93,952.7,122.1
Apple,Karnataka,Zaid,33.9,469.25,651.5,97.6
Banana,Karnataka,Kharif,19.9,452.53,1025.5,206.1
Banana,Punjab,Zaid,4.64,134.05,1315.6,141.8
Potato,Goa,Whole Year,9.14,151.65,673.2,138.6
Rice,Uttar Pradesh,Zaid,34.71,123.8,1014.3,133.7
Maize,Madhya Pradesh,Zaid,45.69,187.08,577.0,70.7
Cotton,Madhya Pradesh,Whole Year,36.19,109.24,980.8,72.9
Grapes,Uttar Pradesh,Kharif,34.84,631.34,873.9,156.4
Rice,Uttar Pradesh,Whole Year,29.87,134.26,1030.0,106.6
Tomato,Karnataka,Zaid,22.49,374.5,594.1,146.9
Tomato,Karnataka,Rabi,19.2,504.83,599.5,154.6
Banana,Maharashtra,Whole Year,7.71,272.48,1345.8,205.4
Maize,Uttar Pradesh,Kharif,42.12,132.3,503.6,81.5
Wheat,Gujarat,Kharif,5.46,24.71,578.0,138.7
Rice,Haryana,Rabi,27.75,74.95,999.9,82.8
Apple,Karnataka,Zaid,44.7,464.39,971.9,110.0
Banana,Punjab,Rabi,10.3,461.03,1550.8,224.2
Rice,Goa,Zaid,33.29,110.25,952.5,115.9
Potato,Maharashtra,Kharif,8.54,123.38,637.9,131.0
Cotton,Maharashtra,Rabi,28.56,57.72,832.9,42.8
Maize,Tamil Nadu,Whole Year,22.44,90.21,507.6,95.7
Chickpea,Haryana,Rabi,48.76,106.1,429.2,25.2
Potato,Maharashtra,Whole Year,45.44,637.77,394.6,166.3
Banana,Maharashtra,Zaid,42.77,966.21,993.7,203.8
Chickpea,Rajasthan,Whole Year,16.27,32.47,498.1,63.3
Potato,Karnataka,Whole Year,15.53,254.64,590.2,156.6
Chickpea,Punjab,Kharif,11.43,20.97,679.5,62.9
Cotton,Punjab,Whole Year,13.08,22.1,629.7,64.5
Potato,Punjab,Whole Year,16.7,294.53,279.1,155.1
Cotton,Punjab,Zaid,2.87,5.08,530.3,106.1
Banana,Punjab,Zaid,17.47,657.61,1178.5,202.0
Wheat,Uttar Pradesh,Rabi,11.69,46.84,689.7,126.5
Potato,Punjab,Kharif,6.6,120.38,440.5,125.4
Cotton,Maharashtra,Kharif,12.3,30.36,895.1,90.7
Chickpea,Rajasthan,Kharif,49.61,65.69,279.0,20.0
Rice,Uttar Pradesh,Rabi,5.13,19.57,936.9,99.6
Potato,Rajasthan,Rabi,12.2,221.61,556.1,180.0
Potato,Maharashtra,Kharif,44.31,796.94,613.4,132.4
Tomato,Goa,Kharif,32.91,529.27,869.8,180.2
Rice,Haryana,Whole Year,26.57,91.97,1207.6,116.2
Potato,Karnataka,Zaid,1.08,20.79,554.0,178.5
Maize,Rajasthan,Zaid,46.89,197.44,535.1,81.6
Maize,Gujarat,Kharif,12.93,46.76,704.0,132.0
Potato,Gujarat,Zaid,27.72,658.73,788.6,151.1
Maize,Rajasthan,Kharif,1.67,7.26,451.0,102.1
Wheat,Madhya Pradesh,Rabi,45.99,196.99,641.5,123.1
Chickpea,Uttar Pradesh,Whole Year,7.09,14.74,458.7,27.9
Rice,Maharashtra,Rabi,7.59,18.8,844.8,116.3
Grapes,Goa,Rabi,4.93,78.83,588.5,120.7
Chickpea,Madhya Pradesh,Whole Year,9.82,14.38,683.1,22.0
Potato,Punjab,Kharif,12.39,271.06,858.8,208.3
Apple,Karnataka,Whole Year,41.72,429.09,891.7,58.8
Tomato,Haryana,Zaid,47.35,860.2,793.7,128.1
Cotton,Gujarat,Rabi,12.34,23.59,769.4,72.1
Grapes,Madhya Pradesh,Kharif,16.19,278.31,569.6,192.0
Tomato,Punjab,Zaid,24.17,578.23,802.9,163.6
Wheat,Punjab,Rabi,42.53,185.39,540.0,152.0
Wheat,Gujarat,Whole Year,5.97,20.54,479.2,131.5
Potato,Haryana,Zaid,2.26,43.45,636.2,148.5
Potato,Haryana,Rabi,40.74,725.96,565.1,154.5
Rice,Haryana,Whole Year,17.77,59.29,1047.0,106.2
Potato,Maharashtra,Whole Year,26.59,453.55,750.1,154.5
Cotton,Karnataka,Zaid,39.24,115.2,805.0,104.9
Apple,Gujarat,Whole Year,32.5,398.89,1004.3,94.6
Maize,Tamil Nadu,Whole Year,20.36,88.87,621.9,75.3
Potato,Rajasthan,Rabi,49.49,778.39,267.0,139.2
Chickpea,Maharashtra,Rabi,11.12,23.7,469.8,22.7
Rice,Tamil Nadu,Zaid,37.18,133.17,1230.5,139.2
Rice,Gujarat,Whole Year,15.34,45.27,843.3,116.4
Tomato,Karnataka,Whole Year,35.45,857.64,554.0,136.8
Apple,Karnataka,Whole Year,33.16,455.2,1105.5,47.7
Wheat,Maharashtra,Zaid,20.98,61.89,332.8,142.5
Grapes,Punjab,Zaid,35.84,538.24,743.8,126.3
Tomato,Punjab,Kharif,5.32,146.55,922.2,133.9
Potato,Punjab,Kharif,22.2,306.57,616.4,144.3
Tomato,Punjab,Rabi,9.87,229.17,826.6,149.6
Chickpea,Karnataka,Kharif,43.47,70.04,408.9,37.3
Grapes,Maharashtra,Kharif,14.77,157.28,713.5,133.0
Potato,Madhya Pradesh,Rabi,38.46,641.31,652.5,148.1
Maize,Tamil Nadu,Zaid,14.65,54.38,632.4,98.0
Apple,Goa,Rabi,30.85,255.79,919.4,100.1
Tomato,Rajasthan,Rabi,27.91,804.06,706.5,176.3
Cotton,Goa,Zaid,22.4,42.92,669.9,60.2
Banana,Rajasthan,Zaid,42.81,1211.35,907.4,210.3
Tomato,Maharashtra,Whole Year,1.93,50.63,607.8,174.8
Maize,Rajasthan,Whole Year,30.32,130.97,565.1,98.7
Tomato,Goa,Zaid,43.76,1240.19,812.5,200.2
Banana,Punjab,Zaid,17.08,707.24,1061.7,241.9
Banana,Maharashtra,Whole Year,14.44,471.14,1263.7,161.9
Rice,Maharashtra,Rabi,20.43,85.84,1175.8,151.1
Grapes,Haryana,Zaid,12.27,192.73,726.3,147.5
Banana,Haryana,Zaid,13.33,604.81,1416.4,198.5
Apple,Uttar Pradesh,Zaid,9.42,114.84,935.6,96.5
Apple,Tamil Nadu,Zaid,5.08,69.75,849.5,59.7
Maize,Madhya Pradesh,Zaid,32.94,170.66,1017.2,91.3
Wheat,Karnataka,Whole Year,41.48,150.6,584.1,140.0
Maize,Haryana,Rabi,2.59,10.44,916.2,103.4
Tomato,Goa,Zaid,26.51,473.16,543.4,186.5
Potato,Rajasthan,Kharif,25.97,473.86,598.2,197.5
Potato,Uttar Pradesh,Whole Year,31.46,714.86,786.9,184.1
Apple,Uttar Pradesh,Kharif,0.75,9.05,857.0,85.8
Grapes,Tamil Nadu,Kharif,12.82,199.52,573.7,157.4
Maize,Maharashtra,Kharif,14.16,70.44,893.0,116.7
Potato,Madhya Pradesh,Rabi,2.45,34.21,568.0,112.3
Apple,Tamil Nadu,Kharif,42.14,548.76,1038.5,114.2
Grapes,Goa,Zaid,28.36,434.36,660.4,133.3
Rice,Maharashtra,Whole Year,9.77,20.71,817.2,104.0
Apple,Haryana,Whole Year,47.64,651.79,974.5,131.7
Tomato,Rajasthan,Zaid,28.88,474.21,561.7,191.6
Grapes,Tamil Nadu,Rabi,18.53,214.77,694.0,149.6
Chickpea,Gujarat,Whole Year,15.92,25.19,390.0,59.0
Wheat,Gujarat,Kharif,39.52,127.21,200.0,121.7
Grapes,Gujarat,Kharif,13.64,197.67,733.6,122.4
Maize,Haryana,Whole Year,20.91,69.5,317.6,126.0
Maize,Uttar Pradesh,Whole Year,49.73,238.26,653.7,123.9
Chickpea,Tamil Nadu,Whole Year,38.53,60.83,559.7,20.0
Wheat,Punjab,Zaid,11.47,54.23,648.7,111.6
Banana,Madhya Pradesh,Whole Year,34.01,1587.4,1505.8,225.9
Apple,Madhya Pradesh,Kharif,27.4,300.04,921.2,80.1
Rice,Tamil Nadu,Zaid,36.77,144.5,1165.7,170.7
Grapes,Gujarat,Zaid,5.77,88.79,465.2,161.9
Wheat,Madhya Pradesh,Zaid,46.04,183.22,246.7,106.6
Apple,Goa,Whole Year,9.78,121.88,968.6,122.7
Grapes,Karnataka,Whole Year,11.61,128.69,475.8,108.3
Potato,Uttar Pradesh,Kharif,29.07,625.76,761.4,144.2
Rice,Karnataka,Whole Year,16.51,44.98,896.0,78.8
Potato,Uttar Pradesh,Zaid,40.73,631.93,684.9,86.7
Cotton,Tamil Nadu,Whole Year,13.68,32.15,1001.9,87.2
Maize,Goa,Whole Year,23.99,117.18,785.8,99.2
Potato,Punjab,Rabi,19.31,355.92,703.4,157.4
Maize,Madhya Pradesh,Kharif,37.94,141.52,717.0,108.0
Grapes,Punjab,Rabi,7.0,140.15,856.7,125.8
Wheat,Uttar Pradesh,Zaid,12.38,39.97,301.5,169.8
Cotton,Uttar Pradesh,Whole Year,2.65,3.06,820.2,60.2
Cotton,Tamil Nadu,Rabi,16.3,42.36,1011.1,75.3
Cotton,Rajasthan,Whole Year,25.99,59.48,735.0,77.3
Grapes,Uttar Pradesh,Rabi,47.6,705.18,570.0,163.4
Grapes,Goa,Zaid,20.48,269.95,450.3,125.8
Maize,Madhya Pradesh,Kharif,47.47,204.43,510.9,102.6
Rice,Tamil Nadu,Kharif,11.42,37.58,1104.4,132.1
Maize,Maharashtra,Zaid,29.81,102.94,770.1,60.4
Tomato,Goa,Zaid,18.34,345.99,561.4,137.7
Apple,Goa,Zaid,4.57,48.95,824.2,139.4
Chickpea,Madhya Pradesh,Zaid,6.8,8.84,475.9,66.3
Apple,Madhya Pradesh,Zaid,20.7,183.55,1219.3,116.6
Banana,Madhya Pradesh,Kharif,38.25,1069.28,772.7,169.1
Chickpea,Haryana,Whole Year,7.08,16.1,465.8,74.8
Chickpea,Haryana,Kharif,17.11,39.8,705.3,70.8
Banana,Maharashtra,Zaid,18.47,551.1,1210.0,189.9
Grapes,Karnataka,Whole Year,44.22,649.01,659.3,134.2
Apple,Punjab,Rabi,13.77,150.79,850.5,133.6
Chickpea,Maharashtra,Zaid,23.5,32.81,548.3,28.3
Apple,Tamil Nadu,Kharif,7.48,98.16,1099.1,95.0
Potato,Karnataka,Zaid,1.92,29.04,594.6,148.1
Banana,Punjab,Rabi,44.24,1531.52,1170.7,178.6
Potato,Maharashtra,Rabi,28.31,639.26,613.9,173.7
Potato,Maharashtra,Kharif,7.45,174.29,719.3,190.1
Cotton,Tamil Nadu,Zaid,5.9,12.67,627.6,65.2
Rice,Haryana,Kharif,3.96,14.35,956.4,86.5
Chickpea,Haryana,Whole Year,18.64,32.27,411.9,85.3
Wheat,Gujarat,Kharif,30.28,114.06,339.0,138.0
Maize,Goa,Zaid,47.64,202.41,695.8,109.8
Wheat,Tamil Nadu,Zaid,32.53,105.84,391.0,109.1
Wheat,Karnataka,Whole Year,45.78,195.68,551.3,89.5
Banana,Uttar Pradesh,Whole Year,29.21,926.59,1160.6,219.9
Wheat,Rajasthan,Kharif,37.93,166.67,595.8,148.6
Cotton,Gujarat,Kharif,12.3,28.34,796.0,133.6
Maize,Maharashtra,Zaid,17.09,72.42,465.9,100.0
Potato,Tamil Nadu,Rabi,2.76,64.29,676.5,147.4
Cotton,Uttar Pradesh,Rabi,2.46,5.13,449.3,80.2
Chickpea,Punjab,Zaid,33.22,61.89,340.1,54.2
Grapes,Tamil Nadu,Zaid,28.5,406.81,508.0,159.7
Potato,Uttar Pradesh,Zaid,48.3,914.04,491.8,186.9
Chickpea,Tamil Nadu,Rabi,13.34,21.54,227.7,20.0
Maize,Rajasthan,Whole Year,42.69,181.32,495.7,140.7
Chickpea,Uttar Pradesh,Whole Year,9.78,14.81,593.0,40.6
Cotton,Maharashtra,Kharif,29.92,67.51,701.9,100.8
Apple,Tamil Nadu,Zaid,25.14,320.91,862.2,101.7
Maize,Goa,Kharif,48.98,193.94,680.1,111.1
Rice,Punjab,Whole Year,39.35,119.19,1033.3,121.9
Banana,Haryana,Zaid,7.5,243.9,1041.7,191.3
Banana,Haryana,Kharif,44.8,1734.19,1315.6,185.2
Maize,Haryana,Rabi,31.86,140.43,699.7,86.9
Grapes,Rajasthan,Zaid,8.2,97.73,540.8,135.6
Banana,Madhya Pradesh,Rabi,40.33,1485.27,1335.4,221.4
Potato,Haryana,Whole Year,9.93,199.75,200.0,169.2
Potato,Goa,Rabi,5.41,92.56,621.3,146.1
Tomato,Uttar Pradesh,Zaid,48.21,1318.6,590.9,194.9
Wheat,Haryana,Whole Year,23.1,92.26,593.4,139.9
Banana,Haryana,Whole Year,23.11,827.61,1339.6,167.3
Maize,Karnataka,Rabi,14.19,59.38,670.9,144.0
Maize,Goa,Zaid,4.7,22.84,986.8,144.7
Chickpea,Punjab,Rabi,39.6,68.48,571.6,31.2
Banana,Punjab,Kharif,46.0,2017.22,1161.1,215.0
Rice,Madhya Pradesh,Rabi,8.65,27.65,1072.1,102.5
Banana,Madhya Pradesh,Kharif,36.74,1386.52,1138.2,193.0
Tomato,Rajasthan,Rabi,19.81,459.75,833.7,183.0
Banana,Gujarat,Zaid,5.94,246.74,1334.7,203.5
Chickpea,Karnataka,Rabi,44.37,71.41,409.2,20.0
Banana,Rajasthan,Whole Year,1.22,48.6,1190.0,216.7
Wheat,Rajasthan,Zaid,33.9,148.17,539.0,103.0
Rice,Gujarat,Rabi,21.68,92.42,1377.0,83.1
Tomato,Uttar Pradesh,Kharif,37.41,770.71,625.7,160.0
Apple,Uttar Pradesh,Whole Year,3.31,49.62,966.1,102.1
Potato,Maharashtra,Zaid,42.85,622.94,684.4,138.1
Grapes,Karnataka,Zaid,22.62,373.24,706.5,129.7
Tomato,Maharashtra,Kharif,22.34,570.93,683.9,141.2
Potato,Karnataka,Kharif,24.25,319.47,631.3,179.0
Rice,Uttar Pradesh,Rabi,44.29,167.08,997.0,182.8
Chickpea,Tamil Nadu,Kharif,26.34,49.72,506.5,36.9
Potato,Gujarat,Kharif,13.43,231.84,461.1,173.8
Banana,Goa,Zaid,34.11,1296.32,1233.7,250.8
Wheat,Tamil Nadu,Whole Year,34.25,154.87,575.9,106.5
Wheat,Maharashtra,Kharif,27.04,117.5,461.2,151.9
Wheat,Goa,Rabi,16.78,68.07,660.6,171.8
Banana,Karnataka,Rabi,18.82,662.48,1244.5,136.3
Grapes,Maharashtra,Kharif,46.95,637.81,648.7,112.8
Cotton,Karnataka,Kharif,1.12,2.89,718.3,92.6
Apple,Uttar Pradesh,Zaid,17.09,226.71,768.1,103.7
Maize,Maharashtra,Zaid,25.14,120.72,892.7,78.4
Cotton,Karnataka,Zaid,17.88,38.86,776.3,124.7
Grapes,Uttar Pradesh,Zaid,36.2,490.05,637.3,142.1
Grapes,Punjab,Whole Year,5.36,62.74,595.0,126.2
Grapes,Tamil Nadu,Zaid,4.08,60.29,642.2,156.9
Apple,Karnataka,Kharif,4.05,57.47,725.9,72.2
Wheat,Punjab,Kharif,18.95,77.35,591.6,114.3
Tomato,Gujarat,Whole Year,43.9,1008.76,1018.9,90.6
Wheat,Tamil Nadu,Whole Year,43.52,137.16,495.7,110.8
Chickpea,Goa,Zaid,22.55,39.46,313.9,95.7
Rice,Tamil Nadu,Whole Year,10.37,42.57,1012.1,101.8
Rice,Goa,Zaid,3.75,14.81,940.2,164.7
Wheat,Gujarat,Rabi,32.57,172.39,352.8,132.0
Potato,Haryana,Rabi,24.92,589.41,628.4,184.1
Tomato,Uttar Pradesh,Zaid,16.69,408.74,762.3,190.3
Apple,Uttar Pradesh,Rabi,22.96,353.79,758.1,137.8
Tomato,Uttar Pradesh,Zaid,35.96,835.92,978.7,154.4
Wheat,Haryana,Whole Year,1.39,5.2,494.9,138.4
Cotton,Madhya Pradesh,Rabi,6.09,9.4,1006.9,83.2
Cotton,Rajasthan,Kharif,7.82,12.79,691.2,59.0
Apple,Haryana,Rabi,19.84,290.65,1088.7,137.7
Chickpea,Maharashtra,Zaid,49.85,70.89,650.3,34.1
Cotton,Karnataka,Whole Year,4.67,10.65,697.3,143.5
Wheat,Goa,Rabi,48.67,237.33,339.0,119.3
Chickpea,Punjab,Kharif,2.16,3.54,632.3,69.7
Rice,Maharashtra,Kharif,33.57,126.08,1078.2,124.5
Potato,Karnataka,Rabi,47.53,862.92,761.3,121.0
Banana,Rajasthan,Zaid,22.73,763.5,921.7,176.1
Grapes,Karnataka,Rabi,31.17,515.46,497.7,201.3
Cotton,Madhya Pradesh,Kharif,41.48,84.55,609.6,117.8
Banana,Madhya Pradesh,Whole Year,16.16,678.8,1347.7,178.5
Apple,Punjab,Zaid,23.33,253.0,773.7,104.0
Chickpea,Gujarat,Zaid,40.38,66.08,303.4,34.2
Apple,Uttar Pradesh,Rabi,18.17,228.86,973.5,114.4
Potato,Haryana,Zaid,46.22,669.36,587.8,151.4
Apple,Tamil Nadu,Zaid,26.89,251.58,812.5,104.0
Rice,Gujarat,Zaid,38.35,137.61,908.2,129.3
Cotton,Haryana,Rabi,21.83,48.67,657.5,111.2
Grapes,Goa,Kharif,35.68,414.52,879.9,94.7
Cotton,Tamil Nadu,Whole Year,33.74,74.17,1000.8,77.1
Apple,Haryana,Kharif,10.21,131.82,1007.0,70.1
Banana,Goa,Whole Year,2.39,73.57,1121.3,184.2
Maize,Punjab,Whole Year,12.91,47.56,416.1,104.8
Cotton,Madhya Pradesh,Whole Year,12.06,25.51,665.6,134.6
Potato,Uttar Pradesh,Kharif,6.06,125.31,691.8,120.4
Wheat,Haryana,Rabi,6.64,28.63,312.8,159.5
Apple,Gujarat,Zaid,18.85,263.81,976.4,135.8
Cotton,Punjab,Rabi,5.96,15.36,833.0,78.2
Wheat,Goa,Whole Year,37.27,132.95,312.8,138.2
Banana,Haryana,Rabi,33.96,1298.98,1248.7,230.2
Banana,Karnataka,Whole Year,9.85,439.57,1378.3,186.1
Rice,Haryana,Whole Year,2.14,8.05,1216.4,151.6
Grapes,Goa,Whole Year,10.83,158.18,626.5,127.5
Cotton,Gujarat,Rabi,5.68,15.06,974.9,125.8
Chickpea,Goa,Kharif,9.78,15.86,200.0,20.0
Cotton,Uttar Pradesh,Zaid,38.71,113.07,788.1,112.0
Wheat,Goa,Rabi,15.68,49.66,318.7,102.9
Apple,Madhya Pradesh,Kharif,4.09,45.41,978.9,82.4
Apple,Madhya Pradesh,Kharif,6.08,50.98,1033.7,61.3
Banana,Haryana,Whole Year,8.57,271.29,956.6,173.2
Rice,Uttar Pradesh,Rabi,45.55,196.53,1287.5,124.7
Chickpea,Karnataka,Whole Year,40.16,67.84,493.3,86.0
Chickpea,Haryana,Whole Year,18.33,37.57,538.9,53.2
Chickpea,Maharashtra,Zaid,8.85,13.67,523.3,38.2
Potato,Maharashtra,Zaid,27.72,449.7,432.6,123.9
Maize,Uttar Pradesh,Zaid,38.61,171.49,636.3,80.6
Banana,Tamil Nadu,Rabi,48.68,1595.89,1124.4,174.3
Banana,Haryana,Rabi,26.67,1034.22,1125.1,206.2
Chickpea,Rajasthan,Zaid,8.57,16.49,621.0,64.8
Potato,Goa,Rabi,49.47,881.32,497.6,137.2
Grapes,Goa,Whole Year,38.35,511.02,564.6,130.6
Wheat,Karnataka,Rabi,2.39,7.29,529.9,112.9
Wheat,Goa,Kharif,47.72,182.96,601.5,137.6
Tomato,Haryana,Kharif,17.63,334.64,752.6,208.1
Potato,Gujarat,Whole Year,37.91,720.71,609.4,143.0
Potato,Rajasthan,Kharif,46.0,643.72,448.3,143.6
Tomato,Tamil Nadu,Zaid,40.98,696.04,666.3,143.7
Chickpea,Goa,Rabi,14.29,31.9,548.9,31.7
Cotton,Punjab,Rabi,17.49,47.82,995.9,108.9
Banana,Madhya Pradesh,Whole Year,22.51,825.29,1149.3,220.8
Chickpea,Rajasthan,Rabi,40.55,71.48,417.1,39.5
Wheat,Uttar Pradesh,Whole Year,1.42,5.85,563.5,147.8
Chickpea,Gujarat,Whole Year,22.44,45.34,515.0,51.4
Banana,Goa,Zaid,4.41,160.77,1038.4,162.0
Tomato,Gujarat,Whole Year,24.57,507.24,686.4,158.5
Chickpea,Tamil Nadu,Rabi,31.1,47.34,533.7,43.4
Rice,Gujarat,Rabi,43.47,163.06,1036.9,120.6
Tomato,Gujarat,Whole Year,3.98,83.05,827.4,165.6
Potato,Gujarat,Whole Year,37.12,680.45,968.6,126.5
Tomato,Rajasthan,Rabi,27.73,769.12,851.7,155.4
Wheat,Haryana,Zaid,12.2,36.19,350.2,116.4
Tomato,Karnataka,Whole Year,20.9,473.02,594.3,199.8
Potato,Karnataka,Whole Year,15.4,233.45,382.7,125.6
Maize,Gujarat,Kharif,44.89,230.58,596.3,86.6
Potato,Maharashtra,Rabi,4.37,93.35,739.7,160.6
Maize,Gujarat,Whole Year,12.45,52.95,634.0,107.5
Tomato,Haryana,Kharif,46.28,1020.49,664.7,164.2
Cotton,Madhya Pradesh,Whole Year,48.96,97.65,774.3,72.3
Grapes,Madhya Pradesh,Zaid,36.61,378.88,297.3,108.3
Maize,Karnataka,Kharif,23.59,118.16,653.5,155.1
Apple,Gujarat,Rabi,11.41,88.35,748.8,46.9
Potato,Rajasthan,Rabi,3.34,70.21,963.3,144.9
Rice,Rajasthan,Whole Year,39.66,177.41,961.8,162.4
Tomato,Goa,Zaid,40.59,908.87,733.6,211.8
Wheat,Punjab,Whole Year,0.71,2.65,453.6,97.1
Banana,Goa,Rabi,2.16,79.55,1005.8,250.8
Rice,Madhya Pradesh,Zaid,9.34,30.62,936.0,74.6
Grapes,Gujarat,Whole Year,28.76,479.6,738.4,152.8
Apple,Punjab,Zaid,26.85,281.57,906.9,114.5
Maize,Madhya Pradesh,Rabi,36.1,130.79,618.0,63.7
Apple,Punjab,Zaid,6.06,74.8,884.9,131.3
Cotton,Maharashtra,Kharif,32.11,79.73,759.5,99.6
Grapes,Maharashtra,Whole Year,46.51,845.65,978.6,189.5
Rice,Punjab,Rabi,18.48,68.91,1236.8,128.4
Tomato,Goa,Kharif,22.93,472.32,579.7,177.0
Grapes,Madhya Pradesh,Kharif,8.58,129.51,542.3,168.9
Wheat,Tamil Nadu,Zaid,43.08,206.94,800.9,90.6
Cotton,Goa,Whole Year,2.98,7.16,876.1,94.7
Cotton,Maharashtra,Kharif,8.57,21.79,722.2,124.6
Tomato,Madhya Pradesh,Kharif,41.57,703.82,932.3,186.9
Wheat,Karnataka,Whole Year,29.68,112.38,347.1,115.0
Wheat,Punjab,Zaid,11.73,53.24,200.0,79.6
Maize,Gujarat,Rabi,1.75,8.02,718.2,125.4
Potato,Haryana,Kharif,25.59,441.0,749.6,153.7
Grapes,Punjab,Kharif,27.76,359.19,684.1,144.7
Wheat,Rajasthan,Zaid,49.57,237.21,433.1,161.9
Cotton,Maharashtra,Whole Year,28.08,57.03,1045.0,92.9
Apple,Gujarat,Zaid,4.94,54.84,764.1,72.9
Wheat,Karnataka,Zaid,29.68,95.24,739.0,168.5
Cotton,Haryana,Kharif,24.34,52.86,318.1,96.2
Chickpea,Rajasthan,Whole Year,48.14,92.44,444.0,78.0
Grapes,Rajasthan,Kharif,36.22,561.25,532.3,141.8
Cotton,Rajasthan,Kharif,42.02,93.66,939.5,84.2
Maize,Tamil Nadu,Rabi,22.47,57.4,469.6,88.5
Potato,Uttar Pradesh,Kharif,14.83,292.51,531.3,182.8
Wheat,Madhya Pradesh,Rabi,35.14,136.31,415.6,174.6
Banana,Goa,Rabi,6.49,290.26,1204.4,196.7
Banana,Tamil Nadu,Zaid,24.38,1129.38,1293.1,239.1
Apple,Rajasthan,Whole Year,49.47,569.44,944.9,95.5
Tomato,Madhya Pradesh,Kharif,26.67,627.42,930.6,127.7
Wheat,Gujarat,Rabi,32.35,100.28,499.6,130.5
Maize,Madhya Pradesh,Kharif,27.74,103.34,750.4,85.6
Grapes,Tamil Nadu,Rabi,26.3,348.0,634.3,134.6
Maize,Goa,Rabi,8.35,30.06,458.1,85.8
Apple,Maharashtra,Whole Year,33.46,382.83,653.5,115.5
Rice,Madhya Pradesh,Zaid,37.71,156.11,851.6,127.0
Wheat,Gujarat,Whole Year,11.7,44.56,484.8,120.4
Chickpea,Tamil Nadu,Zaid,47.95,72.68,601.3,20.0
Tomato,Karnataka,Whole Year,19.24,522.42,839.6,154.1
Rice,Gujarat,Zaid,4.13,16.38,933.0,93.0
Potato,Punjab,Whole Year,4.72,76.1,700.7,161.6
Grapes,Madhya Pradesh,Whole Year,23.1,292.71,624.8,130.5
Apple,Haryana,Whole Year,46.21,607.96,823.4,58.1
Banana,Gujarat,Rabi,46.97,1794.67,1406.1,201.5
Grapes,Karnataka,Zaid,40.95,645.66,841.6,120.9
Rice,Madhya Pradesh,Kharif,1.32,5.34,839.8,144.0
Apple,Karnataka,Rabi,23.14,262.52,943.5,126.7
Maize,Maharashtra,Rabi,47.83,213.0,791.7,108.8
Chickpea,Rajasthan,Whole Year,13.34,23.49,601.8,65.0
Rice,Uttar Pradesh,Whole Year,37.25,116.17,994.4,91.1
Potato,Madhya Pradesh,Zaid,45.84,943.85,438.8,169.6
Maize,Rajasthan,Whole Year,36.81,166.46,700.0,143.8
Grapes,Uttar Pradesh,Zaid,34.59,454.48,568.6,120.8
Apple,Punjab,Zaid,16.16,168.83,889.2,136.1
Grapes,Haryana,Kharif,5.02,78.78,773.9,146.4
Apple,Maharashtra,Whole Year,7.93,90.5,1016.6,136.7
Potato,Maharashtra,Rabi,28.17,371.49,633.9,136.2
Chickpea,Punjab,Whole Year,31.89,62.87,200.0,58.4
Cotton,Karnataka,Rabi,9.54,20.29,875.7,112.7
Wheat,Madhya Pradesh,Rabi,1.9,6.31,423.0,134.3
Cotton,Rajasthan,Whole Year,42.5,95.46,904.7,81.5
Potato,Tamil Nadu,Whole Year,36.5,792.26,714.9,186.3
Apple,Karnataka,Whole Year,6.75,60.52,857.2,59.8
Cotton,Madhya Pradesh,Rabi,46.92,93.21,696.0,85.4
Banana,Gujarat,Whole Year,32.97,1414.12,1271.3,226.5
Tomato,Uttar Pradesh,Rabi,18.41,432.41,758.7,120.0
Cotton,Rajasthan,Rabi,31.32,65.67,567.8,127.7
Apple,Haryana,Rabi,12.59,136.97,871.2,125.9
Apple,Goa,Zaid,13.39,100.68,757.7,61.3
Chickpea,Uttar Pradesh,Kharif,36.77,56.53,584.4,51.5
Wheat,Tamil Nadu,Zaid,42.31,177.78,626.8,136.4
Rice,Haryana,Rabi,27.38,88.99,1057.9,79.7
Banana,Maharashtra,Whole Year,49.09,1684.85,1118.0,196.1
Maize,Karnataka,Kharif,44.79,216.3,1058.6,122.7
Rice,Karnataka,Zaid,44.33,167.07,1053.7,157.8
Cotton,Tamil Nadu,Kharif,9.9,21.74,616.7,93.7
Wheat,Gujarat,Rabi,49.61,174.24,370.6,80.2
Chickpea,Madhya Pradesh,Zaid,10.34,20.26,664.6,79.8
Wheat,Punjab,Rabi,30.65,104.54,647.7,133.9
Apple,Uttar Pradesh,Whole Year,44.08,506.3,775.8,110.1
Apple,Uttar Pradesh,Rabi,35.5,459.71,965.3,88.5
Banana,Karnataka,Kharif,26.87,1021.34,1252.2,222.3
Wheat,Goa,Kharif,20.76,106.17,271.3,176.4
Rice,Gujarat,Kharif,27.94,94.12,1085.6,112.8
Wheat,Punjab,Zaid,46.06,210.57,572.7,112.4
Potato,Uttar Pradesh,Zaid,24.67,684.26,518.7,161.8
Maize,Gujarat,Whole Year,34.15,150.47,840.0,140.0
Wheat,Madhya Pradesh,Kharif,7.43,33.24,458.0,114.4
Maize,Goa,Rabi,38.95,160.85,539.8,85.2
Apple,Uttar Pradesh,Rabi,2.34,22.96,784.5,108.0
Maize,Maharashtra,Kharif,32.4,120.21,753.6,145.9
Banana,Madhya Pradesh,Zaid,32.38,1166.24,1145.8,167.7
Cotton,Rajasthan,Zaid,41.33,77.94,969.8,104.9
Potato,Uttar Pradesh,Zaid,8.1,185.94,813.9,155.6
Tomato,Tamil Nadu,Kharif,32.7,874.11,1102.2,169.0
Wheat,Madhya Pradesh,Kharif,41.66,156.15,506.7,156.1
Wheat,Haryana,Zaid,4.55,16.97,527.2,108.1
Banana,Punjab,Rabi,18.11,518.28,1046.1,155.8
Cotton,Rajasthan,Rabi,48.01,108.25,797.6,108.2
Apple,Rajasthan,Rabi,27.4,377.96,903.5,75.3
Apple,Haryana,Kharif,8.15,73.57,673.9,103.9
Wheat,Goa,Whole Year,28.9,116.54,466.4,144.7
Grapes,Gujarat,Zaid,5.04,71.59,725.5,124.7
Cotton,Karnataka,Kharif,36.67,87.98,672.3,85.3
Chickpea,Goa,Whole Year,34.64,52.21,541.2,44.5
Potato,Karnataka,Whole Year,24.33,375.58,791.6,193.3
Tomato,Tamil Nadu,Rabi,12.93,222.88,821.6,140.0
Grapes,Madhya Pradesh,Rabi,35.69,527.26,714.0,136.7
Grapes,Haryana,Zaid,1.99,19.68,546.0,153.5
Maize,Rajasthan,Whole Year,33.71,207.94,846.4,134.6
Wheat,Rajasthan,Rabi,44.87,112.73,612.6,74.8
Rice,Goa,Rabi,31.76,107.49,1073.2,163.9
Tomato,Maharashtra,Kharif,42.37,987.29,667.0,179.5
Chickpea,Punjab,Whole Year,8.97,21.97,711.6,55.1
Cotton,Gujarat,Kharif,7.38,17.39,958.7,75.1
Wheat,Rajasthan,Kharif,27.28,136.24,395.6,94.7
Maize,Rajasthan,Rabi,36.79,159.31,850.0,118.9
Cotton,Maharashtra,Rabi,2.01,4.13,804.1,76.5
Maize,Maharashtra,Zaid,37.11,153.75,549.5,72.7
Rice,Gujarat,Zaid,38.53,137.2,1003.9,110.5
Banana,Punjab,Rabi,43.36,1369.48,1372.0,207.8
Potato,Tamil Nadu,Zaid,18.57,404.61,713.3,164.3
Wheat,Karnataka,Kharif,17.63,84.5,538.2,94.7
Maize,Haryana,Kharif,17.34,82.57,772.5,107.5
Chickpea,Uttar Pradesh,Zaid,19.24,38.31,725.1,24.4
Banana,Punjab,Zaid,44.48,1666.39,950.7,213.0
Potato,Maharashtra,Rabi,10.01,189.51,843.6,162.7
Rice,Rajasthan,Zaid,26.12,77.17,897.7,95.3
Tomato,Uttar Pradesh,Rabi,14.44,381.6,943.5,132.0
Banana,Haryana,Rabi,4.3,105.38,1141.1,195.1
Chickpea,Uttar Pradesh,Zaid,5.69,10.38,698.0,67.4
Cotton,Karnataka,Rabi,6.33,17.72,865.1,87.1
Apple,Goa,Rabi,34.82,436.93,929.3,105.0
Chickpea,Punjab,Rabi,35.47,48.12,233.0,20.0
Wheat,Uttar Pradesh,Kharif,33.27,127.23,449.7,155.3
Rice,Karnataka,Rabi,3.82,16.33,979.4,106.3
Wheat,Uttar Pradesh,Rabi,48.49,186.36,382.1,126.2
Apple,Punjab,Zaid,39.13,416.98,824.6,143.9
Potato,Punjab,Rabi,18.71,365.08,619.3,137.5
Apple,Maharashtra,Kharif,32.51,335.78,743.1,125.2
Banana,Maharashtra,Whole Year,39.06,1128.69,1302.7,191.9
Maize,Goa,Zaid,25.56,116.39,611.1,94.8
Tomato,Karnataka,Whole Year,8.44,235.42,885.6,173.2
Rice,Punjab,Rabi,33.49,88.41,821.9,112.4
Banana,Uttar Pradesh,Kharif,5.78,167.85,1131.2,154.0
Banana,Rajasthan,Zaid,24.04,813.3,1202.5,219.7
Apple,Karnataka,Kharif,27.88,368.44,744.2,97.1
Banana,Goa,Whole Year,33.43,1207.7,1029.0,180.4
Grapes,Goa,Kharif,20.4,330.32,391.4,154.4
Rice,Punjab,Rabi,16.03,54.66,943.9,101.5
Chickpea,Tamil Nadu,Whole Year,18.44,34.58,516.8,64.7
Rice,Goa,Kharif,33.89,116.19,1061.8,109.4
Grapes,Karnataka,Rabi,17.99,263.94,738.0,185.1
Potato,Karnataka,Whole Year,13.97,295.03,607.2,138.1
Grapes,Maharashtra,Rabi,40.66,556.68,590.6,175.3
Potato,Haryana,Zaid,11.84,277.9,637.9,123.5
Wheat,Haryana,Whole Year,13.27,44.93,260.9,143.5
Banana,Maharashtra,Whole Year,5.65,172.76,1076.7,184.4
Potato,Tamil Nadu,Zaid,13.64,297.78,702.3,159.2
Cotton,Haryana,Zaid,16.22,27.82,506.9,103.1
Potato,Goa,Whole Year,10.82,219.66,622.1,146.0
Apple,Karnataka,Kharif,16.89,210.82,907.6,101.1
Cotton,Goa,Zaid,29.73,75.87,813.0,83.6
Chickpea,Rajasthan,Whole Year,33.91,60.39,445.5,47.9
Cotton,Uttar Pradesh,Whole Year,39.36,110.95,633.8,122.4
Wheat,Gujarat,Rabi,28.24,115.61,401.9,100.6
Cotton,Haryana,Zaid,6.94,12.59,589.5,115.8
Rice,Uttar Pradesh,Whole Year,38.3,175.1,1351.7,126.9
Tomato,Rajasthan,Zaid,6.34,124.27,387.1,153.8
Grapes,Karnataka,Kharif,38.27,501.36,592.6,149.1
Maize,Madhya Pradesh,Zaid,14.11,73.87,558.7,114.0
Wheat,Karnataka,Whole Year,19.18,85.84,598.7,167.9
Cotton,Maharashtra,Zaid,39.88,106.33,796.9,73.5
Banana,Madhya Pradesh,Zaid,5.14,214.29,1230.6,221.7
Maize,Maharashtra,Zaid,39.48,197.67,759.4,123.6
Rice,Goa,Rabi,8.11,30.9,1128.8,132.9
Apple,Madhya Pradesh,Kharif,31.9,330.14,817.8,93.6
Apple,Karnataka,Zaid,39.91,353.27,763.2,59.9
Chickpea,Tamil Nadu,Zaid,24.9,45.77,684.3,37.3
Cotton,Punjab,Zaid,33.5,93.04,841.0,96.0
Rice,Tamil Nadu,Kharif,43.58,144.18,966.6,105.6
Apple,Haryana,Whole Year,47.7,680.28,1101.6,128.4
Wheat,Tamil Nadu,Kharif,7.55,31.52,526.6,160.8
Cotton,Uttar Pradesh,Rabi,42.48,90.71,873.1,119.5
Tomato,Haryana,Rabi,47.46,1034.5,718.7,184.9
Chickpea,Madhya Pradesh,Zaid,41.69,82.47,436.7,72.3
Chickpea,Goa,Whole Year,34.31,65.19,332.6,66.5
Tomato,Uttar Pradesh,Rabi,18.4,441.98,606.5,193.7
Potato,Uttar Pradesh,Zaid,32.2,670.22,753.2,129.3
Cotton,Haryana,Kharif,29.89,82.04,1131.4,81.1
Chickpea,Haryana,Kharif,38.94,84.97,547.6,67.7
Maize,Uttar Pradesh,Kharif,35.2,150.27,729.2,85.1
Chickpea,Gujarat,Zaid,19.91,42.49,519.7,40.0
Potato,Madhya Pradesh,Kharif,40.52,622.47,591.8,139.5
Wheat,Madhya Pradesh,Whole Year,4.38,16.5,616.8,85.3
Potato,Madhya Pradesh,Whole Year,6.0,100.46,452.0,151.2
Tomato,Uttar Pradesh,Whole Year,47.82,1114.33,750.1,187.4
Banana,Haryana,Rabi,11.96,438.9,1014.5,205.2
Tomato,Maharashtra,Zaid,38.69,627.79,609.1,128.6
Banana,Maharashtra,Zaid,18.13,618.78,1147.1,195.6
Banana,Rajasthan,Rabi,45.14,1777.62,1350.8,177.4
Apple,Goa,Rabi,31.54,334.18,828.2,95.7
Banana,Punjab,Rabi,25.63,697.42,990.0,192.2
Chickpea,Karnataka,Whole Year,47.24,110.69,495.3,71.5
Maize,Goa,Whole Year,20.4,77.76,645.8,102.5
Potato,Tamil Nadu,Kharif,30.4,544.44,501.0,142.0
Apple,Rajasthan,Whole Year,40.94,572.89,823.5,100.7
Rice,Gujarat,Rabi,37.91,163.34,1175.0,167.4
Tomato,Goa,Kharif,46.41,1261.57,1028.5,179.0
Tomato,Maharashtra,Zaid,2.08,49.53,808.8,145.4
Maize,Tamil Nadu,Zaid,26.66,123.44,657.3,85.1
Grapes,Uttar Pradesh,Rabi,42.91,531.69,462.4,94.4
Cotton,Gujarat,Kharif,33.91,69.94,596.4,98.8
Apple,Goa,Whole Year,30.43,438.76,910.3,128.8
Maize,Gujarat,Rabi,30.0,133.72,578.5,95.2
Maize,Rajasthan,Rabi,47.17,167.39,522.2,119.2
Wheat,Gujarat,Kharif,26.74,125.86,361.3,169.1
Cotton,Haryana,Rabi,49.39,110.84,799.5,78.0
Chickpea,Gujarat,Zaid,33.97,54.24,230.6,20.0
Maize,Tamil Nadu,Rabi,16.11,51.95,849.5,91.9
Apple,Karnataka,Zaid,32.92,360.85,693.6,114.1
Banana,Uttar Pradesh,Zaid,31.17,907.12,1485.4,173.4
Rice,Karnataka,Rabi,11.18,45.24,741.0,116.9
Potato,Haryana,Kharif,29.03,651.76,620.5,160.0
Potato,Goa,Whole Year,39.42,735.83,632.9,153.7
Apple,Gujarat,Rabi,15.15,177.05,826.1,114.1
Maize,Uttar Pradesh,Kharif,49.71,216.29,741.6,130.3
Potato,Punjab,Whole Year,3.04,49.15,824.7,115.0
Tomato,Maharashtra,Whole Year,23.28,442.15,776.4,184.7
Potato,Haryana,Rabi,9.0,206.45,638.2,181.3
Banana,Maharashtra,Whole Year,47.8,1268.3,1305.6,195.4
Rice,Goa,Rabi,27.08,81.65,809.1,107.5
Chickpea,Punjab,Rabi,14.09,28.56,359.3,61.8
Maize,Maharashtra,Whole Year,2.33,11.68,832.8,88.6
Rice,Uttar Pradesh,Rabi,32.01,80.25,948.4,145.3
Rice,Rajasthan,Zaid,3.39,10.4,981.2,134.6
Rice,Rajasthan,Whole Year,21.82,66.15,1215.2,106.1
Potato,Karnataka,Kharif,5.18,91.34,632.7,161.7
Grapes,Uttar Pradesh,Zaid,37.84,602.36,894.8,156.1
Cotton,Punjab,Rabi,45.63,115.8,893.3,83.9
Wheat,Madhya Pradesh,Whole Year,16.08,41.63,454.2,126.8
Wheat,Punjab,Whole Year,22.66,91.77,329.1,110.5
Banana,Madhya Pradesh,Zaid,45.66,1556.06,1157.5,193.9
Apple,Haryana,Rabi,5.25,76.92,1133.0,78.2
Apple,Gujarat,Whole Year,15.68,208.35,1002.5,140.5
Wheat,Haryana,Zaid,11.17,41.08,397.9,170.4
Chickpea,Tamil Nadu,Zaid,47.24,74.76,528.4,35.0
Banana,Madhya Pradesh,Whole Year,37.27,1294.37,959.7,196.1
Rice,Madhya Pradesh,Kharif,29.78,110.99,860.2,82.1
Banana,Karnataka,Rabi,29.72,1162.09,1256.1,229.5
Banana,Gujarat,Rabi,46.01,1424.02,1084.1,186.7
Rice,Uttar Pradesh,Kharif,18.42,60.8,1037.9,82.2
Cotton,Tamil Nadu,Rabi,8.52,20.9,1035.3,66.7
Cotton,Maharashtra,Rabi,38.39,85.51,726.9,107.3
Maize,Madhya Pradesh,Whole Year,29.99,161.04,722.9,125.7
Chickpea,Gujarat,Zaid,44.33,84.76,374.3,44.9
Maize,Madhya Pradesh,Zaid,10.03,33.0,838.6,78.4
Apple,Karnataka,Kharif,42.78,551.52,802.8,116.0
Rice,Maharashtra,Zaid,12.06,36.82,1023.0,142.7
Maize,Haryana,Kharif,14.28,38.27,590.7,87.6
Banana,Uttar Pradesh,Whole Year,11.69,364.56,1216.5,228.2
Banana,Gujarat,Rabi,33.35,1259.26,1094.8,236.4
Apple,Rajasthan,Whole Year,17.88,142.32,597.3,79.4
Maize,Rajasthan,Whole Year,10.94,49.16,834.7,98.8
Maize,Punjab,Whole Year,44.47,206.77,398.5,113.5
Chickpea,Madhya Pradesh,Rabi,46.93,99.32,432.1,55.6
Grapes,Haryana,Kharif,41.36,668.36,823.2,171.2
Apple,Maharashtra,Kharif,21.05,199.44,1048.3,74.9
Potato,Tamil Nadu,Kharif,16.59,280.56,604.2,198.7
Wheat,Gujarat,Whole Year,25.81,93.12,308.4,99.2
Tomato,Tamil Nadu,Zaid,46.96,920.01,564.6,159.8
Cotton,Haryana,Zaid,46.97,98.16,888.4,55.8
Banana,Gujarat,Rabi,2.51,77.13,1006.8,190.5
Chickpea,Rajasthan,Zaid,49.73,91.18,497.7,39.6
Chickpea,Uttar Pradesh,Zaid,31.83,42.32,377.3,69.8
Banana,Tamil Nadu,Kharif,9.4,276.83,1059.6,224.8
Cotton,Madhya Pradesh,Zaid,49.14,100.73,845.3,88.9
Potato,Tamil Nadu,Whole Year,10.52,221.15,541.3,136.5
Potato,Punjab,Rabi,27.77,406.17,454.8,149.9
Rice,Haryana,Whole Year,11.03,41.33,1035.7,113.7
Apple,Goa,Zaid,43.35,470.63,773.7,103.1
Chickpea,Haryana,Rabi,16.26,26.79,278.1,68.3
Wheat,Gujarat,Zaid,2.88,11.98,631.3,144.9
Grapes,Karnataka,Zaid,10.57,158.35,451.7,129.7
Banana,Maharashtra,Whole Year,4.25,184.36,1584.8,233.0
Grapes,Tamil Nadu,Zaid,13.75,139.05,512.0,138.7
Wheat,Tamil Nadu,Rabi,26.15,136.52,852.6,134.4
Chickpea,Uttar Pradesh,Zaid,20.85,42.06,486.8,77.9
Tomato,Tamil Nadu,Whole Year,26.0,472.6,864.4,99.4
Grapes,Maharashtra,Kharif,23.64,318.04,601.5,122.5
Potato,Gujarat,Whole Year,46.97,744.92,602.1,132.1
Cotton,Madhya Pradesh,Rabi,14.22,28.34,576.9,92.5
Potato,Madhya Pradesh,Zaid,15.37,259.47,503.8,122.6
Chickpea,Madhya Pradesh,Whole Year,8.76,15.58,326.6,20.0
Tomato,Punjab,Kharif,29.39,769.48,1016.7,124.7
Wheat,Tamil Nadu,Kharif,19.1,74.11,381.9,117.6
Banana,Gujarat,Rabi,16.06,432.04,899.7,163.8
Wheat,Haryana,Whole Year,24.88,90.09,514.2,126.6
Potato,Madhya Pradesh,Whole Year,18.55,275.66,375.7,181.8
Cotton,Goa,Kharif,4.68,8.16,625.8,102.2
Wheat,Rajasthan,Kharif,44.82,168.31,342.0,133.1
Rice,Tamil Nadu,Zaid,45.17,96.58,870.8,102.5
Potato,Karnataka,Kharif,13.99,233.09,412.9,153.5
Apple,Uttar Pradesh,Rabi,14.59,165.04,869.0,87.2
Maize,Madhya Pradesh,Whole Year,23.86,116.57,590.8,114.8
Cotton,Tamil Nadu,Zaid,48.98,110.22,766.0,43.8
Rice,Karnataka,Whole Year,33.65,101.13,853.8,131.9
Tomato,Maharashtra,Zaid,44.27,843.02,839.9,134.8
Rice,Punjab,Whole Year,47.79,230.82,1039.6,126.4
Apple,Gujarat,Rabi,28.01,255.47,778.3,107.8
Maize,Karnataka,Kharif,19.27,52.54,682.1,103.1
Apple,Punjab,Kharif,25.6,275.84,944.6,82.2
Tomato,Gujarat,Rabi,18.11,430.21,516.2,184.2
Potato,Maharashtra,Zaid,25.56,392.8,743.5,172.8
Banana,Tamil Nadu,Whole Year,36.43,987.89,1099.7,207.9
Banana,Goa,Kharif,35.17,1325.49,1064.3,189.7
Maize,Punjab,Rabi,41.13,149.44,527.1,122.8
Cotton,Maharashtra,Kharif,18.18,45.14,789.1,80.5
Tomato,Punjab,Zaid,22.85,501.6,757.7,177.3
Grapes,Haryana,Rabi,2.97,40.21,843.8,95.7
Rice,Maharashtra,Rabi,34.24,166.63,1029.4,158.9
Cotton,Karnataka,Whole Year,18.1,34.79,585.2,105.2
Wheat,Punjab,Rabi,2.57,9.21,368.9,125.8
Potato,Goa,Zaid,27.3,475.42,600.9,115.8
Maize,Tamil Nadu,Zaid,17.64,77.54,991.0,84.9
Rice,Haryana,Zaid,29.49,92.36,755.6,99.6
Chickpea,Madhya Pradesh,Kharif,20.87,37.59,567.5,43.5
Maize,Tamil Nadu,Whole Year,19.82,89.98,950.6,80.2
Banana,Tamil Nadu,Kharif,2.95,110.04,1224.7,193.6
Banana,Karnataka,Kharif,19.77,600.75,1223.7,164.3
Grapes,Madhya Pradesh,Whole Year,12.84,173.61,539.0,152.7
Grapes,Karnataka,Kharif,17.48,168.92,834.6,181.6
Apple,Punjab,Whole Year,16.67,189.69,889.0,128.9
Potato,Tamil Nadu,Rabi,3.69,53.46,457.6,124.8
Chickpea,Rajasthan,Whole Year,18.29,23.92,246.8,21.8
Banana,Uttar Pradesh,Whole Year,37.56,1448.46,1207.5,208.1
Apple,Madhya Pradesh,Whole Year,36.51,443.36,704.0,98.3
Wheat,Karnataka,Rabi,35.14,113.01,597.0,104.9
Cotton,Punjab,Whole Year,16.79,38.8,745.8,72.8
Tomato,Gujarat,Zaid,7.95,226.07,753.0,164.4
Maize,Tamil Nadu,Whole Year,40.77,119.74,544.2,64.1
Cotton,Tamil Nadu,Zaid,21.94,47.41,692.1,45.7
Tomato,Haryana,Zaid,17.6,269.88,700.0,145.2
Grapes,Goa,Rabi,29.07,451.65,580.7,120.1
Rice,Haryana,Zaid,10.33,38.28,931.7,78.1
Wheat,Rajasthan,Whole Year,28.24,121.96,200.0,118.9
Chickpea,Karnataka,Kharif,25.25,37.01,580.4,68.4
Cotton,Goa,Zaid,12.86,27.28,684.0,127.8
Banana,Punjab,Rabi,35.07,1203.43,1342.0,182.4
Cotton,Rajasthan,Rabi,38.35,85.48,811.4,102.0
Potato,Haryana,Whole Year,2.63,38.56,871.8,126.3
Grapes,Gujarat,Zaid,22.46,407.89,706.5,150.3
Chickpea,Tamil Nadu,Zaid,24.45,50.29,429.4,84.7
Cotton,Rajasthan,Whole Year,19.34,39.37,790.2,134.1
Cotton,Rajasthan,Whole Year,22.73,48.9,604.3,80.4
Potato,Goa,Kharif,20.38,295.16,581.8,176.6
Chickpea,Haryana,Whole Year,8.01,10.73,200.0,75.5
Banana,Uttar Pradesh,Rabi,41.5,1547.9,1237.8,195.5
Potato,Tamil Nadu,Zaid,42.05,821.67,864.0,148.3
Banana,Maharashtra,Rabi,30.49,953.25,1318.0,225.9
Maize,Gujarat,Rabi,5.7,24.22,1018.5,105.8
Maize,Punjab,Whole Year,5.55,21.06,725.6,93.1
Rice,Uttar Pradesh,Kharif,26.54,107.14,927.5,100.2
Rice,Haryana,Kharif,5.83,14.42,800.8,116.6
Chickpea,Maharashtra,Kharif,23.39,49.07,416.5,105.2
Rice,Haryana,Whole Year,37.67,157.52,1048.1,100.7
Rice,Goa,Rabi,36.24,98.58,1068.8,103.7
Maize,Rajasthan,Zaid,10.34,45.66,740.3,160.6
Chickpea,Karnataka,Whole Year,34.71,55.82,373.5,42.6
Potato,Haryana,Whole Year,17.58,269.67,585.3,88.8
Rice,Haryana,Rabi,37.7,116.8,921.5,132.2
Cotton,Maharashtra,Kharif,1.87,3.9,558.1,89.8
Apple,Maharashtra,Zaid,37.35,475.12,1068.1,53.5
Banana,Goa,Kharif,7.67,268.47,1299.2,176.8
Maize,Gujarat,Kharif,4.79,18.23,396.6,84.8
Chickpea,Tamil Nadu,Rabi,42.69,77.73,614.2,30.1
Apple,Karnataka,Whole Year,26.76,363.63,1169.7,82.5
Wheat,Uttar Pradesh,Zaid,7.52,17.68,427.0,38.6
Potato,Gujarat,Zaid,37.7,683.08,578.3,130.0
Cotton,Haryana,Zaid,31.57,80.36,961.7,96.5
Grapes,Tamil Nadu,Zaid,11.29,208.45,680.2,154.4
Maize,Tamil Nadu,Rabi,48.73,140.26,656.5,102.1
Tomato,Madhya Pradesh,Kharif,16.75,548.84,738.5,186.4
Wheat,Goa,Rabi,38.33,163.4,513.3,119.9
Banana,Maharashtra,Whole Year,25.94,877.34,1253.8,172.5
Chickpea,Punjab,Whole Year,33.63,54.6,625.9,42.4
Banana,Tamil Nadu,Zaid,2.57,87.55,1418.2,206.9
Cotton,Tamil Nadu,Rabi,35.3,90.23,1151.8,82.6
Grapes,Goa,Kharif,7.86,109.12,770.4,127.3
Potato,Haryana,Rabi,3.27,48.15,805.9,110.9
Banana,Rajasthan,Zaid,8.72,433.56,1126.6,261.3
Banana,Haryana,Rabi,23.69,872.85,1353.8,165.8
Potato,Madhya Pradesh,Whole Year,15.51,282.17,745.2,170.9
Wheat,Tamil Nadu,Zaid,15.44,59.65,492.4,97.3
Cotton,Rajasthan,Whole Year,37.42,85.48,841.6,78.2
Cotton,Haryana,Whole Year,9.8,20.1,859.2,67.2
Apple,Gujarat,Zaid,35.5,376.53,1018.1,82.5
Maize,Rajasthan,Zaid,22.75,113.38,710.8,98.6
Rice,Madhya Pradesh,Rabi,9.85,34.09,1079.2,124.8
Maize,Maharashtra,Whole Year,45.42,197.98,692.7,108.0
Cotton,Goa,Rabi,2.61,5.68,1001.0,82.6
Grapes,Madhya Pradesh,Kharif,15.7,232.89,1061.4,97.3
Apple,Gujarat,Zaid,10.02,152.78,1110.7,132.8
Chickpea,Rajasthan,Zaid,23.13,33.8,493.0,45.0
Chickpea,Karnataka,Rabi,34.17,62.93,322.2,99.8
Chickpea,Punjab,Whole Year,48.74,79.1,433.9,52.5
Rice,Rajasthan,Whole Year,48.71,197.91,1142.5,154.9
Rice,Rajasthan,Kharif,18.16,60.9,1159.6,110.0
Rice,Karnataka,Whole Year,21.43,95.11,1016.7,159.3
Wheat,Karnataka,Zaid,21.72,102.64,510.7,127.2
Banana,Haryana,Rabi,30.4,1395.33,1434.1,254.8
Grapes,Karnataka,Whole Year,28.86,454.93,574.0,154.7
Chickpea,Karnataka,Kharif,36.42,68.0,506.4,27.2
Chickpea,Maharashtra,Whole Year,48.41,87.48,455.8,20.0
Wheat,Haryana,Whole Year,7.22,23.41,553.7,127.9
Maize,Goa,Whole Year,21.41,90.63,855.2,90.6
Tomato,Goa,Kharif,19.39,424.59,668.0,168.5
Grapes,Rajasthan,Zaid,15.77,282.45,776.9,82.4
Maize,Madhya Pradesh,Rabi,5.31,21.65,559.0,83.4
Rice,Uttar Pradesh,Zaid,43.35,134.9,999.7,156.8
Cotton,Gujarat,Whole Year,32.74,60.71,645.5,84.8
Grapes,Gujarat,Rabi,36.69,454.75,510.6,132.4
Chickpea,Uttar Pradesh,Whole Year,35.91,51.7,482.3,51.9
Apple,Haryana,Zaid,35.3,470.47,842.7,109.9
Rice,Madhya Pradesh,Whole Year,20.91,80.99,918.3,139.5
Apple,Punjab,Rabi,24.89,268.19,1098.6,79.1
Tomato,Haryana,Kharif,18.79,354.12,721.9,168.8
Apple,Rajasthan,Zaid,32.64,298.6,807.9,122.5
Banana,Uttar Pradesh,Kharif,28.84,1032.41,1068.7,127.9
Wheat,Haryana,Zaid,5.11,19.91,392.2,161.4
Chickpea,Rajasthan,Kharif,12.52,17.45,250.0,38.4
Maize,Karnataka,Kharif,47.77,223.23,775.6,134.5
Chickpea,Uttar Pradesh,Zaid,40.03,43.16,465.1,20.0
Maize,Punjab,Whole Year,37.52,134.27,738.8,131.1
Rice,Karnataka,Kharif,46.39,175.28,730.6,160.4
Wheat,Madhya Pradesh,Zaid,6.61,25.55,314.0,143.9
Cotton,Uttar Pradesh,Whole Year,47.45,65.76,373.0,49.1
Rice,Haryana,Zaid,25.75,90.87,1096.6,104.6
Rice,Gujarat,Whole Year,26.69,82.15,847.8,122.3
Grapes,Madhya Pradesh,Whole Year,38.28,464.78,466.3,116.8
Potato,Tamil Nadu,Whole Year,2.19,36.64,514.1,151.9
Potato,Haryana,Kharif,36.61,535.21,524.9,167.4
Apple,Punjab,Whole Year,4.98,65.11,939.9,114.1
Chickpea,Uttar Pradesh,Kharif,45.02,85.58,518.5,65.6
Maize,Punjab,Zaid,34.62,141.6,507.3,169.8
Wheat,Gujarat,Whole Year,24.81,115.96,521.4,154.2
Banana,Haryana,Zaid,43.62,1403.2,1406.1,204.2
Chickpea,Tamil Nadu,Rabi,37.31,63.02,625.6,83.6
Maize,Gujarat,Rabi,47.21,186.12,693.5,125.8
Banana,Madhya Pradesh,Kharif,5.13,173.51,1048.4,152.8
Rice,Uttar Pradesh,Kharif,9.95,40.18,968.4,140.3
Maize,Maharashtra,Zaid,49.47,196.51,723.2,133.6
Maize,Karnataka,Whole Year,23.21,111.62,773.0,121.0
Grapes,Maharashtra,Rabi,28.47,386.66,445.7,161.6
Apple,Rajasthan,Rabi,21.76,236.77,1012.0,52.5
Chickpea,Punjab,Zaid,26.82,56.26,228.6,60.8
Potato,Karnataka,Rabi,49.23,879.72,716.2,120.1
Apple,Karnataka,Kharif,47.69,505.17,859.5,95.3
Chickpea,Rajasthan,Kharif,35.05,55.2,451.9,82.4
Grapes,Goa,Whole Year,5.26,88.47,669.3,130.4
Cotton,Uttar Pradesh,Rabi,34.69,72.43,719.3,74.9
Cotton,Madhya Pradesh,Whole Year,14.73,34.28,594.7,111.8
Grapes,Uttar Pradesh,Kharif,5.93,112.29,601.3,128.4
Apple,Gujarat,Kharif,47.42,644.15,1013.2,95.1
Apple,Karnataka,Whole Year,23.42,275.73,623.2,70.5
Banana,Tamil Nadu,Rabi,14.94,535.89,950.4,172.9
Potato,Tamil Nadu,Rabi,11.31,246.41,484.1,124.5
Wheat,Rajasthan,Whole Year,27.61,87.42,311.6,88.5
Maize,Goa,Zaid,6.03,19.6,565.9,104.0
Maize,Punjab,Kharif,47.46,234.21,739.4,147.7
Maize,Haryana,Zaid,6.1,29.36,743.4,106.6
Apple,Karnataka,Zaid,20.78,265.95,939.7,75.1
Potato,Gujarat,Whole Year,40.5,856.82,892.2,188.6
Grapes,Karnataka,Whole Year,28.04,491.97,249.5,168.5
Cotton,Haryana,Whole Year,32.37,72.57,763.8,71.9
Cotton,Karnataka,Rabi,41.07,111.99,829.5,86.2
Grapes,Punjab,Rabi,25.84,466.64,487.0,130.4
Potato,Tamil Nadu,Whole Year,2.53,56.58,888.3,163.2
Apple,Uttar Pradesh,Kharif,38.94,380.95,996.8,66.9
Maize,Tamil Nadu,Rabi,26.04,82.5,688.6,110.2
Potato,Gujarat,Rabi,18.63,366.99,930.8,129.7
Chickpea,Goa,Whole Year,43.94,80.15,721.9,45.6
Rice,Madhya Pradesh,Whole Year,47.74,163.73,1148.6,117.7
Apple,Maharashtra,Zaid,33.31,288.08,561.9,81.3
Rice,Gujarat,Whole Year,25.08,76.21,1023.8,96.3
Rice,Haryana,Kharif,42.8,190.32,841.4,174.0
Chickpea,Rajasthan,Whole Year,24.92,52.0,571.0,55.5
Tomato,Uttar Pradesh,Rabi,35.41,661.51,748.3,104.5
Maize,Gujarat,Whole Year,24.74,126.93,768.9,81.7
Tomato,Gujarat,Rabi,7.23,104.26,669.8,93.2
Chickpea,Goa,Zaid,17.97,29.05,401.2,51.8
Apple,Tamil Nadu,Kharif,2.03,36.72,1145.4,117.2
Rice,Goa,Kharif,17.44,58.9,726.9,101.5
Rice,Haryana,Whole Year,19.08,90.7,1122.1,160.3
Cotton,Goa,Whole Year,45.07,97.04,708.6,84.4
Banana,Haryana,Rabi,24.18,980.62,1299.5,191.7
Chickpea,Madhya Pradesh,Whole Year,14.33,28.69,526.6,76.2
Tomato,Tamil Nadu,Rabi,3.98,86.08,455.6,179.9
Tomato,Goa,Kharif,16.64,365.73,782.0,161.3
Maize,Karnataka,Zaid,13.0,63.62,613.8,120.8
Apple,Tamil Nadu,Whole Year,25.28,280.84,922.6,111.8
Banana,Goa,Zaid,31.59,1035.75,1231.0,220.4
Cotton,Uttar Pradesh,Whole Year,44.34,108.11,894.4,88.6
Grapes,Gujarat,Zaid,10.57,187.48,663.9,152.2
Banana,Uttar Pradesh,Whole Year,42.54,1499.12,1310.6,230.9
Banana,Rajasthan,Whole Year,10.82,460.34,1118.4,173.5
Grapes,Haryana,Whole Year,24.8,406.1,969.0,147.0
Cotton,Punjab,Rabi,15.39,32.84,788.9,83.5
Tomato,Goa,Kharif,22.17,480.38,577.7,140.7
Chickpea,Maharashtra,Zaid,33.34,65.88,816.7,76.4
Apple,Punjab,Whole Year,5.58,74.76,784.3,91.2
Cotton,Haryana,Rabi,45.7,87.07,668.5,110.4
Tomato,Tamil Nadu,Kharif,13.37,346.68,807.5,183.8
Wheat,Goa,Rabi,13.06,38.66,218.3,107.9
Rice,Goa,Whole Year,30.46,113.54,1316.7,137.2
Chickpea,Madhya Pradesh,Zaid,10.49,17.79,574.5,106.9
Tomato,Uttar Pradesh,Rabi,36.03,543.65,879.6,165.4
Maize,Madhya Pradesh,Zaid,19.42,93.37,875.9,126.1
Tomato,Maharashtra,Rabi,27.04,567.83,724.1,158.5
Grapes,Goa,Rabi,31.92,405.92,546.9,110.6
Wheat,Madhya Pradesh,Zaid,35.73,121.51,416.5,132.8
Apple,Uttar Pradesh,Rabi,37.26,435.4,955.6,119.0
Potato,Madhya Pradesh,Zaid,25.61,467.65,532.0,162.7
Potato,Maharashtra,Kharif,47.0,715.51,509.4,174.4
Cotton,Haryana,Whole Year,20.97,41.05,595.5,86.4
Rice,Uttar Pradesh,Kharif,22.95,76.69,630.4,113.0
Rice,Tamil Nadu,Rabi,34.87,131.36,1177.3,115.4
Potato,Madhya Pradesh,Zaid,47.77,920.56,778.5,168.4
Tomato,Goa,Rabi,29.81,731.32,514.0,160.0
Potato,Rajasthan,Whole Year,7.22,137.56,449.1,146.4
Apple,Maharashtra,Whole Year,44.73,541.01,835.6,45.5
Potato,Maharashtra,Whole Year,13.12,208.64,492.3,139.1
Maize,Haryana,Whole Year,29.91,114.74,807.3,59.8
Apple,Maharashtra,Rabi,24.68,289.18,859.7,93.2
Apple,Tamil Nadu,Kharif,6.69,66.31,892.2,116.3
Maize,Maharashtra,Kharif,8.93,40.58,774.8,124.4
Banana,Karnataka,Kharif,5.59,239.06,1204.6,226.9
Banana,Madhya Pradesh,Zaid,22.97,791.41,1287.3,235.2
Grapes,Karnataka,Kharif,29.42,363.85,835.8,136.7
Maize,Rajasthan,Rabi,2.9,10.17,648.6,100.2
Tomato,Tamil Nadu,Kharif,3.78,79.33,806.5,181.8
Maize,Goa,Zaid,34.14,127.55,676.2,125.1
Maize,Rajasthan,Kharif,5.66,26.74,765.4,92.2
Grapes,Punjab,Kharif,18.86,350.05,731.7,127.8
Tomato,Madhya Pradesh,Zaid,7.8,184.92,803.4,128.5
Chickpea,Tamil Nadu,Kharif,41.92,104.18,635.7,47.6
Cotton,Punjab,Zaid,43.16,109.5,765.0,98.6
Chickpea,Rajasthan,Whole Year,46.4,80.75,200.0,71.1
Tomato,Haryana,Whole Year,28.95,617.16,809.5,150.1
Maize,Uttar Pradesh,Zaid,30.7,137.6,570.5,107.9
Maize,Maharashtra,Zaid,21.19,74.32,572.8,151.4
Wheat,Karnataka,Zaid,43.58,204.89,495.7,130.5
Chickpea,Goa,Zaid,44.17,47.2,369.3,20.0
Rice,Karnataka,Zaid,9.65,34.13,1037.6,154.4
Wheat,Rajasthan,Whole Year,27.67,104.1,315.4,96.9
Cotton,Madhya Pradesh,Whole Year,16.1,44.48,815.6,62.3
Grapes,Madhya Pradesh,Whole Year,10.83,161.9,505.8,131.3
Chickpea,Goa,Rabi,1.88,4.16,708.0,20.0
Grapes,Punjab,Zaid,34.76,462.77,515.4,135.9
Maize,Haryana,Kharif,7.18,34.93,757.5,102.6
Apple,Maharashtra,Rabi,44.52,580.36,1051.6,74.1
Banana,Rajasthan,Whole Year,28.05,925.92,1037.0,187.3
Tomato,Haryana,Kharif,2.92,52.97,903.6,133.5
Maize,Uttar Pradesh,Whole Year,29.94,118.16,687.9,123.7
Tomato,Karnataka,Zaid,34.16,649.74,912.0,157.4
Cotton,Punjab,Kharif,23.26,48.09,687.2,79.7
Banana,Maharashtra,Zaid,40.74,1038.01,934.8,182.9
Cotton,Gujarat,Rabi,3.51,8.69,837.0,130.9
Banana,Madhya Pradesh,Rabi,6.39,205.54,1192.3,192.9
Apple,Uttar Pradesh,Kharif,36.54,375.01,915.1,113.2
Maize,Maharashtra,Whole Year,18.28,74.02,331.2,116.3
Tomato,Maharashtra,Zaid,37.77,619.95,735.6,124.8
Apple,Tamil Nadu,Rabi,16.25,244.07,986.7,100.1
Rice,Uttar Pradesh,Whole Year,49.62,171.34,1146.3,81.5
Tomato,Uttar Pradesh,Rabi,12.55,269.53,864.0,148.7
Rice,Maharashtra,Rabi,41.45,130.02,851.2,137.9
Wheat,Madhya Pradesh,Whole Year,25.53,113.23,722.8,153.6
Rice,Gujarat,Rabi,45.71,137.03,970.1,50.3
Maize,Punjab,Rabi,4.84,18.95,750.5,104.2
Banana,Madhya Pradesh,Rabi,40.41,1661.9,1025.0,221.0
Banana,Karnataka,Rabi,25.89,815.05,1063.0,238.8
Cotton,Gujarat,Kharif,21.92,43.08,621.9,100.3
Maize,Madhya Pradesh,Rabi,28.93,168.34,810.6,137.6
Wheat,Haryana,Rabi,46.08,182.26,408.4,134.3
Potato,Goa,Rabi,34.97,618.56,579.5,146.2
Wheat,Rajasthan,Zaid,47.77,144.23,542.3,106.7
Rice,Tamil Nadu,Whole Year,44.21,95.92,982.2,102.1
Apple,Goa,Whole Year,44.47,558.42,592.0,119.2
Grapes,Punjab,Kharif,49.65,741.07,589.3,107.7
Cotton,Tamil Nadu,Rabi,10.54,18.96,817.5,145.0
Banana,Haryana,Whole Year,11.34,415.81,1165.2,223.8
Chickpea,Uttar Pradesh,Rabi,33.86,58.13,200.0,63.9
Banana,Uttar Pradesh,Zaid,41.24,1650.75,1383.3,189.8
Rice,Haryana,Zaid,42.06,153.52,1189.4,79.3
Cotton,Goa,Whole Year,24.87,59.11,808.4,51.3
Banana,Karnataka,Zaid,17.48,473.71,1406.6,169.6
Tomato,Tamil Nadu,Rabi,18.47,456.94,608.6,140.2
Wheat,Rajasthan,Whole Year,15.04,59.55,325.6,117.7
Tomato,Punjab,Zaid,30.29,681.26,850.1,176.5
Apple,Haryana,Rabi,40.08,593.88,802.5,106.4
Wheat,Karnataka,Zaid,3.69,18.08,662.4,158.6
Rice,Gujarat,Kharif,4.47,16.66,813.3,133.0
Wheat,Tamil Nadu,Whole Year,7.15,33.86,689.5,132.9
Maize,Maharashtra,Rabi,45.65,179.93,447.4,123.8
Tomato,Haryana,Rabi,5.86,118.77,787.9,146.1
Cotton,Gujarat,Kharif,40.22,83.36,868.9,83.1
Wheat,Uttar Pradesh,Rabi,18.73,60.89,272.1,133.0
Tomato,Uttar Pradesh,Whole Year,41.64,1066.6,565.5,176.4
Grapes,Gujarat,Zaid,33.51,747.21,609.8,164.4
Tomato,Gujarat,Rabi,39.4,980.7,607.6,191.1
Chickpea,Punjab,Whole Year,1.41,2.05,333.5,51.6
Tomato,Haryana,Zaid,45.16,1001.08,660.3,184.9
Potato,Tamil Nadu,Zaid,26.85,435.6,487.8,127.0
Maize,Uttar Pradesh,Kharif,3.29,12.51,311.7,119.7
Grapes,Gujarat,Zaid,4.08,89.79,860.4,121.3
Potato,Tamil Nadu,Whole Year,26.92,446.78,341.7,141.0
Wheat,Madhya Pradesh,Whole Year,34.55,183.6,795.7,124.9
Grapes,Madhya Pradesh,Rabi,21.03,352.82,562.0,161.6
Wheat,Punjab,Zaid,21.12,66.77,536.2,136.6
Potato,Uttar Pradesh,Whole Year,15.44,289.8,616.2,176.5
Potato,Punjab,Rabi,27.83,491.87,481.0,135.0
Tomato,Haryana,Whole Year,2.8,48.66,868.4,116.3
Banana,Maharashtra,Kharif,29.92,890.41,1473.3,148.5
Banana,Tamil Nadu,Kharif,14.91,674.76,1370.2,181.9
Chickpea,Uttar Pradesh,Whole Year,1.03,1.42,306.6,20.0
Grapes,Goa,Zaid,43.66,627.74,895.9,163.4
Apple,Haryana,Whole Year,36.42,476.07,793.6,135.4
Rice,Gujarat,Kharif,17.29,55.33,981.7,88.2
Tomato,Maharashtra,Whole Year,43.71,817.81,807.7,152.1
Chickpea,Maharashtra,Kharif,35.81,75.86,515.7,27.9
Maize,Punjab,Zaid,29.92,142.65,775.6,109.4
Maize,Uttar Pradesh,Zaid,11.92,44.16,557.0,130.8
Grapes,Goa,Whole Year,47.16,798.24,939.3,122.7
Rice,Punjab,Rabi,11.0,32.4,1054.9,131.6
Potato,Uttar Pradesh,Zaid,11.95,263.94,671.9,198.5
Maize,Gujarat,Rabi,44.1,165.48,816.9,65.9
Cotton,Maharashtra,Zaid,33.72,52.01,656.9,56.9
Cotton,Karnataka,Zaid,17.35,33.62,809.1,58.0
Grapes,Madhya Pradesh,Zaid,30.58,492.09,901.4,148.4
Rice,Gujarat,Zaid,11.12,41.1,963.7,63.9
Tomato,Tamil Nadu,Zaid,42.99,1071.15,979.4,157.9
Banana,Haryana,Kharif,32.98,1105.21,1216.4,154.0
Grapes,Haryana,Zaid,49.73,948.87,922.9,167.0
Tomato,Tamil Nadu,Zaid,21.71,490.62,851.4,171.0
Grapes,Rajasthan,Zaid,14.81,218.47,656.2,103.4
Grapes,Gujarat,Rabi,46.39,800.44,849.0,109.9
Apple,Goa,Rabi,16.24,184.48,1104.9,65.7
Cotton,Karnataka,Zaid,28.68,63.22,961.9,70.5
Chickpea,Karnataka,Kharif,29.46,42.26,322.1,97.5
Maize,Punjab,Rabi,35.74,132.46,818.4,103.0
Tomato,Punjab,Zaid,18.25,290.74,784.3,126.7
Chickpea,Maharashtra,Kharif,36.87,71.29,398.9,57.7
Grapes,Haryana,Whole Year,4.14,59.72,844.7,105.4
Cotton,Punjab,Whole Year,35.48,70.86,944.0,109.1
Potato,Gujarat,Kharif,45.05,628.07,386.2,172.1
Grapes,Karnataka,Kharif,24.88,544.61,816.8,189.1
Potato,Maharashtra,Zaid,14.59,279.72,615.4,140.7
Potato,Gujarat,Zaid,12.13,181.53,488.1,149.7
Potato,Karnataka,Rabi,34.4,494.35,440.0,155.3
Grapes,Rajasthan,Zaid,7.73,134.03,635.7,149.8
Maize,Haryana,Zaid,34.13,145.66,612.8,99.4
Cotton,Madhya Pradesh,Whole Year,41.87,77.1,701.3,69.7
Potato,Punjab,Kharif,45.52,706.99,865.9,144.8
Chickpea,Karnataka,Whole Year,45.41,108.96,560.7,82.4
Grapes,Haryana,Whole Year,2.47,50.39,864.7,218.4
Apple,Uttar Pradesh,Kharif,14.74,165.39,722.1,67.2
Apple,Haryana,Rabi,7.95,59.38,992.3,57.5
Maize,Punjab,Whole Year,32.44,144.71,651.7,138.8
Apple,Gujarat,Zaid,47.91,610.77,615.2,81.3
Rice,Tamil Nadu,Kharif,3.51,14.13,947.3,153.4
Tomato,Goa,Whole Year,9.97,242.87,793.3,150.2
Potato,Karnataka,Rabi,20.3,426.04,801.1,163.9
Maize,Uttar Pradesh,Zaid,37.7,141.77,585.8,110.7
Tomato,Punjab,Kharif,26.65,667.73,524.7,180.3
Banana,Goa,Whole Year,21.16,580.89,1077.2,193.0
Potato,Tamil Nadu,Kharif,19.89,455.21,597.8,166.9
Apple,Goa,Rabi,49.35,531.18,813.3,68.4
Chickpea,Uttar Pradesh,Whole Year,15.95,29.01,450.9,31.2
Tomato,Gujarat,Whole Year,29.91,589.88,975.9,172.1
Chickpea,Madhya Pradesh,Kharif,37.08,70.23,353.0,58.4
Chickpea,Madhya Pradesh,Kharif,45.55,69.04,302.0,60.8
Grapes,Haryana,Zaid,39.06,582.21,653.5,152.8
Rice,Uttar Pradesh,Whole Year,31.97,110.36,1109.8,136.4
Maize,Tamil Nadu,Whole Year,47.41,180.33,510.7,88.7
Rice,Uttar Pradesh,Zaid,6.03,23.55,1014.9,84.4
Banana,Maharashtra,Whole Year,5.5,242.16,1119.6,191.2
Wheat,Goa,Zaid,10.24,43.49,385.3,167.7
Banana,Tamil Nadu,Rabi,17.47,793.51,1230.5,208.2
Rice,Gujarat,Kharif,48.81,191.06,1035.6,122.2
Chickpea,Goa,Whole Year,35.02,74.53,590.5,79.7
Chickpea,Karnataka,Kharif,0.58,1.09,376.8,20.0
Grapes,Karnataka,Whole Year,5.72,114.36,773.9,146.3
Banana,Goa,Rabi,15.49,511.17,1370.7,170.6
Rice,Karnataka,Zaid,23.92,114.19,993.8,143.4
Grapes,Rajasthan,Whole Year,32.98,514.86,553.9,143.3
Chickpea,Maharashtra,Whole Year,43.1,88.02,620.7,58.1
Rice,Goa,Zaid,28.66,110.73,983.3,181.9
Rice,Goa,Zaid,42.1,148.58,1012.9,104.9
Wheat,Haryana,Rabi,40.83,151.16,510.1,137.0
Maize,Uttar Pradesh,Rabi,9.21,42.95,643.7,88.0
Apple,Karnataka,Rabi,23.94,265.19,888.5,133.9
Wheat,Uttar Pradesh,Kharif,24.98,123.9,813.7,128.0
Grapes,Maharashtra,Kharif,49.6,968.69,794.4,153.8
Rice,Haryana,Zaid,37.17,109.99,941.2,91.2
Apple,Tamil Nadu,Kharif,31.81,439.0,924.0,114.7
Potato,Gujarat,Zaid,38.0,701.74,805.8,137.3
Grapes,Rajasthan,Rabi,30.96,583.22,829.3,157.4
Banana,Haryana,Zaid,25.17,1159.44,1322.9,209.0
Grapes,Maharashtra,Kharif,29.93,484.97,540.6,152.8
Grapes,Punjab,Whole Year,13.13,189.43,297.8,139.1
Rice,Madhya Pradesh,Zaid,45.46,150.41,1173.5,122.9
Wheat,Uttar Pradesh,Zaid,1.11,4.39,525.3,92.4
Cotton,Tamil Nadu,Whole Year,38.01,70.68,803.1,92.3
Wheat,Punjab,Whole Year,29.53,134.45,447.7,126.5
Wheat,Haryana,Rabi,4.98,25.2,458.3,139.5
Grapes,Uttar Pradesh,Zaid,30.45,450.66,733.7,133.3
Chickpea,Goa,Rabi,35.06,69.61,463.0,90.8
Chickpea,Maharashtra,Zaid,9.27,19.72,479.5,46.5
Chickpea,Rajasthan,Kharif,8.3,19.4,454.2,71.1
Grapes,Karnataka,Whole Year,24.86,304.6,584.3,161.8
Maize,Uttar Pradesh,Zaid,0.99,4.52,762.0,99.6
Potato,Maharashtra,Kharif,4.44,76.15,435.8,184.0
Banana,Karnataka,Kharif,0.69,19.0,999.2,170.6
Cotton,Goa,Whole Year,30.04,60.2,915.7,99.2
Banana,Rajasthan,Whole Year,22.35,713.14,933.0,179.8
Apple,Haryana,Whole Year,38.81,512.16,1149.5,81.7
Rice,Rajasthan,Zaid,14.43,37.29,903.8,115.7
Wheat,Rajasthan,Rabi,27.98,89.4,406.7,95.8
Apple,Haryana,Kharif,41.51,520.1,956.6,75.0
Apple,Uttar Pradesh,Rabi,36.84,354.58,1190.3,88.5
Potato,Goa,Rabi,9.89,162.1,567.2,151.5
Wheat,Karnataka,Zaid,47.72,177.72,499.0,112.6
Tomato,Goa,Rabi,16.29,243.43,555.2,150.2
Rice,Punjab,Rabi,32.54,106.82,939.7,112.8
Cotton,Uttar Pradesh,Zaid,49.2,101.66,721.6,87.3
Rice,Maharashtra,Whole Year,21.65,68.65,1228.6,98.7
Rice,Punjab,Zaid,25.89,75.91,891.4,110.7
Tomato,Karnataka,Zaid,18.89,385.53,734.7,160.6
Rice,Haryana,Whole Year,31.15,110.51,892.0,112.9
Wheat,Uttar Pradesh,Rabi,9.72,43.64,368.8,181.4
Chickpea,Rajasthan,Whole Year,46.95,96.07,550.3,51.1
Tomato,Rajasthan,Rabi,32.78,680.22,744.0,165.1
Chickpea,Madhya Pradesh,Kharif,16.55,22.78,435.5,30.9
Cotton,Maharashtra,Kharif,25.53,58.13,966.0,75.2
Banana,Rajasthan,Zaid,38.86,1474.57,1420.4,222.3
Rice,Madhya Pradesh,Zaid,19.72,60.39,954.7,125.2
Cotton,Goa,Rabi,24.46,54.98,926.5,66.2
Maize,Maharashtra,Rabi,44.66,192.53,845.8,156.2
Apple,Maharashtra,Zaid,11.85,172.17,854.2,121.0
Chickpea,Haryana,Kharif,46.12,67.15,292.1,37.8
Rice,Madhya Pradesh,Whole Year,46.07,135.3,874.0,101.4
Banana,Gujarat,Zaid,16.36,529.13,1469.4,221.4
Apple,Rajasthan,Zaid,21.7,284.84,828.3,131.6
Maize,Karnataka,Kharif,16.69,44.86,778.6,68.6
Banana,Punjab,Zaid,36.87,1362.5,1238.6,207.8
Maize,Karnataka,Kharif,23.82,104.7,782.4,91.6
Rice,Maharashtra,Kharif,30.68,107.97,1100.8,114.8
Chickpea,Tamil Nadu,Zaid,38.89,73.73,431.1,63.2
Apple,Maharashtra,Zaid,33.34,330.39,840.3,114.4
Rice,Madhya Pradesh,Kharif,23.61,91.91,1178.4,126.9
Rice,Tamil Nadu,Rabi,49.7,195.69,993.7,128.0
Chickpea,Madhya Pradesh,Whole Year,15.98,32.68,381.9,45.4
Chickpea,Rajasthan,Rabi,28.43,60.35,583.4,36.7
Rice,Gujarat,Whole Year,5.24,17.9,812.6,134.2
Rice,Gujarat,Zaid,28.35,98.14,925.6,115.0
Wheat,Karnataka,Zaid,12.76,50.63,431.2,149.2
Banana,Tamil Nadu,Zaid,32.32,1133.25,1374.6,194.0
Potato,Uttar Pradesh,Zaid,6.72,111.5,364.0,119.1
Apple,Karnataka,Rabi,36.31,345.27,1000.3,81.0
Apple,Madhya Pradesh,Rabi,36.68,430.61,700.4,86.5
Wheat,Tamil Nadu,Kharif,28.96,102.49,550.8,146.2
Tomato,Rajasthan,Kharif,22.35,354.11,785.1,141.4
Apple,Gujarat,Zaid,7.29,90.04,1127.5,94.0
Rice,Uttar Pradesh,Whole Year,23.67,66.58,908.9,82.8
Banana,Punjab,Zaid,38.42,1736.83,1449.9,253.5
Maize,Uttar Pradesh,Zaid,22.12,80.53,880.1,101.4
Banana,Gujarat,Zaid,10.49,393.9,1339.2,226.9
Cotton,Rajasthan,Kharif,45.07,83.99,732.9,118.5
Wheat,Punjab,Zaid,14.08,63.94,487.2,154.4
Cotton,Madhya Pradesh,Kharif,31.24,71.27,691.7,135.5
Wheat,Karnataka,Zaid,34.36,137.92,600.3,169.2
Chickpea,Uttar Pradesh,Rabi,47.99,70.63,370.8,26.1
Cotton,Maharashtra,Zaid,49.14,114.29,811.8,95.9
Grapes,Haryana,Whole Year,49.35,478.55,639.4,119.0
Banana,Haryana,Zaid,26.43,782.94,1376.3,203.6
Banana,Tamil Nadu,Zaid,37.33,1459.5,1108.3,212.1
Banana,Madhya Pradesh,Kharif,37.52,1360.39,1260.7,204.0
Chickpea,Rajasthan,Zaid,4.07,7.15,502.1,83.2
Rice,Rajasthan,Whole Year,9.04,32.04,944.7,122.5
Grapes,Haryana,Rabi,34.76,510.16,548.5,129.5
Cotton,Gujarat,Rabi,25.37,55.17,959.6,91.4
Apple,Punjab,Zaid,24.79,190.58,845.4,50.5
Cotton,Tamil Nadu,Zaid,2.18,3.82,548.9,100.4
Wheat,Rajasthan,Kharif,18.32,65.24,731.6,120.9
Apple,Punjab,Whole Year,25.34,379.89,987.0,100.3
Wheat,Karnataka,Whole Year,21.79,106.13,664.1,149.4
Tomato,Tamil Nadu,Zaid,5.57,132.72,804.0,129.8
Chickpea,Uttar Pradesh,Whole Year,13.88,20.13,363.0,26.1
Cotton,Gujarat,Kharif,7.91,17.18,789.6,109.3
Apple,Uttar Pradesh,Zaid,18.65,189.74,889.9,68.0
Banana,Madhya Pradesh,Rabi,42.66,1474.39,1028.6,206.1
Apple,Punjab,Whole Year,30.55,264.94,712.6,89.0
Apple,Maharashtra,Kharif,37.18,423.87,869.0,70.6
Potato,Maharashtra,Whole Year,18.95,311.58,646.1,156.7
Maize,Rajasthan,Kharif,20.0,92.45,633.7,136.5
Chickpea,Uttar Pradesh,Kharif,19.93,35.03,506.3,45.9
Maize,Tamil Nadu,Kharif,23.91,114.62,698.9,119.8
Banana,Goa,Rabi,18.76,481.52,934.5,179.5
Wheat,Punjab,Zaid,44.56,188.98,476.8,156.7
Potato,Maharashtra,Whole Year,14.73,211.29,609.8,123.7
Maize,Karnataka,Zaid,36.9,155.73,639.6,88.1
Chickpea,Karnataka,Whole Year,2.0,2.94,536.9,63.8
Chickpea,Maharashtra,Whole Year,34.93,47.84,420.5,49.8
Potato,Rajasthan,Whole Year,7.38,141.64,562.4,150.4
Tomato,Goa,Rabi,46.21,1136.73,667.6,162.0
Chickpea,Goa,Kharif,5.13,6.21,440.4,20.0
Potato,Haryana,Whole Year,3.04,43.06,678.7,127.2
Apple,Maharashtra,Zaid,6.6,65.9,1257.3,64.4
Grapes,Goa,Rabi,27.83,415.84,624.2,181.3
Maize,Rajasthan,Whole Year,18.46,71.07,900.5,124.2
Chickpea,Gujarat,Zaid,47.88,90.98,577.0,37.2
Banana,Rajasthan,Zaid,17.41,822.27,1277.3,227.5
Chickpea,Punjab,Whole Year,12.69,24.38,483.3,54.5
Banana,Karnataka,Zaid,1.93,72.04,1327.2,196.4
Apple,Tamil Nadu,Zaid,29.6,407.12,1041.7,119.7
Apple,Punjab,Zaid,47.21,508.17,748.5,112.5
Cotton,Rajasthan,Whole Year,9.08,16.28,1013.5,111.1
Potato,Maharashtra,Zaid,6.78,102.61,603.5,135.8
Potato,Tamil Nadu,Zaid,22.06,483.39,671.2,129.4
Tomato,Goa,Kharif,40.75,860.83,724.4,109.2
Rice,Uttar Pradesh,Kharif,8.46,39.01,1047.9,139.5
Maize,Tamil Nadu,Kharif,6.46,26.14,896.8,110.7
Wheat,Punjab,Whole Year,39.78,172.38,318.1,131.4
Wheat,Uttar Pradesh,Kharif,17.05,65.68,553.7,127.0
Wheat,Rajasthan,Whole Year,10.19,36.61,559.6,144.7
Apple,Tamil Nadu,Whole Year,38.46,485.0,895.8,76.6
Chickpea,Madhya Pradesh,Zaid,0.88,1.99,495.4,96.6
Potato,Punjab,Rabi,45.87,908.91,901.9,109.7
Tomato,Haryana,Zaid,8.0,145.04,725.3,158.8
Banana,Goa,Kharif,28.48,893.76,1486.6,179.5
Chickpea,Gujarat,Kharif,5.24,6.96,344.7,24.8
Rice,Maharashtra,Rabi,2.6,8.72,1163.3,120.4
Apple,Uttar Pradesh,Kharif,42.67,479.36,943.8,65.7
Apple,Punjab,Kharif,47.61,566.02,831.8,125.1
Maize,Goa,Rabi,32.88,129.5,713.4,106.3
Apple,Punjab,Kharif,28.39,273.94,622.4,86.1
Potato,Punjab,Whole Year,28.35,512.03,727.5,167.9
Banana,Uttar Pradesh,Zaid,43.14,1303.09,1195.7,232.5
Banana,Karnataka,Zaid,17.75,569.23,1382.7,158.7
Tomato,Karnataka,Zaid,9.3,159.21,411.1,129.6
Potato,Rajasthan,Whole Year,40.84,610.74,495.3,160.1
Rice,Madhya Pradesh,Kharif,29.22,83.82,1186.5,106.3
Potato,Goa,Kharif,6.12,120.8,781.6,134.0
Maize,Tamil Nadu,Rabi,32.51,134.41,602.7,114.5
Potato,Maharashtra,Rabi,44.5,618.79,471.1,136.6
Banana,Goa,Whole Year,34.94,1325.19,1190.9,219.6
Rice,Rajasthan,Whole Year,12.95,44.84,1066.1,123.8
Potato,Karnataka,Kharif,43.23,565.87,477.7,138.0
Apple,Gujarat,Whole Year,6.86,56.55,845.2,71.9
Wheat,Maharashtra,Rabi,17.64,71.36,656.3,95.4
Chickpea,Uttar Pradesh,Rabi,10.74,16.09,790.7,38.7
Grapes,Haryana,Kharif,10.07,175.45,633.3,164.4
Apple,Maharashtra,Whole Year,17.62,197.8,619.2,102.7
Maize,Madhya Pradesh,Rabi,7.77,39.48,371.2,118.4
Grapes,Haryana,Zaid,40.5,529.14,750.8,147.8
Wheat,Uttar Pradesh,Rabi,7.89,35.4,663.4,147.3
Wheat,Punjab,Kharif,13.4,49.69,366.0,129.8
Banana,Rajasthan,Rabi,46.05,1406.51,1285.8,187.2
Chickpea,Maharashtra,Zaid,13.37,22.89,324.2,64.1
Maize,Maharashtra,Kharif,45.59,209.99,594.4,125.4
Grapes,Haryana,Whole Year,13.87,247.51,609.4,153.8
Rice,Maharashtra,Rabi,13.65,63.18,1165.3,121.9
Maize,Rajasthan,Kharif,25.43,98.41,796.7,104.0
Apple,Uttar Pradesh,Zaid,46.95,414.22,870.7,74.2
Maize,Madhya Pradesh,Rabi,16.36,62.03,788.7,86.6
Wheat,Goa,Kharif,24.41,129.54,544.9,147.8
Tomato,Goa,Kharif,5.33,133.28,917.1,173.1
Chickpea,Rajasthan,Zaid,36.09,75.9,624.7,57.8
Potato,Madhya Pradesh,Zaid,49.41,978.83,630.8,155.3
Potato,Karnataka,Whole Year,47.21,975.62,492.9,133.2
Tomato,Madhya Pradesh,Kharif,2.21,46.24,610.7,206.6
Banana,Tamil Nadu,Zaid,16.34,676.37,1280.0,228.6
Maize,Punjab,Zaid,46.0,209.33,663.9,132.4
Chickpea,Punjab,Zaid,47.28,86.91,321.2,56.3
Rice,Punjab,Whole Year,21.85,81.8,949.9,150.9
Banana,Maharashtra,Kharif,32.36,1244.87,1157.3,205.2
Potato,Madhya Pradesh,Whole Year,27.33,550.92,799.9,133.0
Banana,Maharashtra,Zaid,24.01,886.42,1454.7,176.6
Apple,Goa,Kharif,13.41,175.03,1065.7,81.9
Rice,Gujarat,Whole Year,31.45,102.33,921.2,75.7
Rice,Rajasthan,Rabi,34.54,111.16,1012.8,66.0
Grapes,Punjab,Kharif,48.01,687.09,690.6,110.4
Chickpea,Haryana,Whole Year,22.97,45.79,587.9,20.2
Rice,Madhya Pradesh,Kharif,11.8,44.84,970.2,112.8
Maize,Haryana,Whole Year,19.93,81.71,410.4,105.0
Tomato,Karnataka,Zaid,3.78,96.51,691.5,139.7
Rice,Haryana,Rabi,33.47,125.34,1000.3,116.7
Apple,Punjab,Zaid,10.61,124.11,762.1,112.6
Tomato,Punjab,Kharif,33.93,789.32,790.8,160.9
Rice,Rajasthan,Rabi,1.27,5.44,823.6,184.7
Wheat,Goa,Kharif,0.61,2.4,573.9,159.6
Grapes,Goa,Rabi,21.67,286.72,321.2,181.6
Grapes,Gujarat,Zaid,15.32,294.47,594.5,169.3
Apple,Madhya Pradesh,Kharif,12.99,123.86,733.2,62.2
Potato,Uttar Pradesh,Whole Year,26.16,441.33,566.7,160.4
Wheat,Rajasthan,Whole Year,48.95,210.87,727.0,165.5
Cotton,Punjab,Whole Year,32.27,60.59,476.4,47.3
Wheat,Uttar Pradesh,Whole Year,43.79,179.54,509.4,146.4
Wheat,Karnataka,Kharif,41.38,205.41,598.2,109.9
Cotton,Maharashtra,Whole Year,2.57,4.18,788.4,34.6
Banana,Gujarat,Whole Year,7.82,254.95,1030.5,162.7
Wheat,Gujarat,Rabi,47.34,205.88,719.0,140.1
Potato,Haryana,Zaid,16.88,210.66,564.3,106.0
Maize,Rajasthan,Whole Year,31.18,130.28,787.1,79.8
Chickpea,Gujarat,Rabi,36.51,74.39,396.4,64.7
Banana,Rajasthan,Whole Year,23.18,877.3,1367.5,189.7
Cotton,Tamil Nadu,Whole Year,38.42,84.22,831.8,84.8
Banana,Punjab,Kharif,25.53,974.5,1236.8,239.9
Banana,Maharashtra,Zaid,38.06,1508.12,1326.5,194.0
Maize,Maharashtra,Zaid,39.83,133.68,526.7,103.2
Wheat,Goa,Kharif,47.57,192.94,702.3,125.4
Cotton,Goa,Zaid,34.47,84.78,535.9,75.1
Cotton,Uttar Pradesh,Zaid,30.29,80.53,919.4,104.2
Chickpea,Rajasthan,Kharif,22.0,48.27,462.7,45.9
Rice,Maharashtra,Zaid,24.2,98.76,1088.1,124.5
Cotton,Punjab,Zaid,21.18,47.59,780.8,106.1
Tomato,Haryana,Rabi,1.8,49.46,866.4,179.4
Maize,Tamil Nadu,Kharif,45.35,188.09,789.5,123.8
Maize,Rajasthan,Kharif,30.35,117.27,817.1,95.5
Chickpea,Haryana,Rabi,45.8,102.57,656.9,49.5
Maize,Uttar Pradesh,Rabi,21.6,89.19,655.6,117.5
Chickpea,Punjab,Rabi,45.09,77.75,444.5,71.7
Grapes,Karnataka,Zaid,29.83,439.56,677.2,170.4
Tomato,Madhya Pradesh,Rabi,13.39,270.0,895.7,172.0
Chickpea,Gujarat,Rabi,13.38,25.21,413.0,45.0
Grapes,Madhya Pradesh,Zaid,17.65,207.27,567.3,155.8
Potato,Rajasthan,Whole Year,38.46,721.27,432.0,175.8
Banana,Tamil Nadu,Kharif,19.74,862.52,1224.4,196.7
Maize,Goa,Rabi,21.3,109.69,455.0,186.0
Wheat,Punjab,Rabi,22.0,104.1,657.2,126.1
Apple,Punjab,Kharif,38.05,433.67,942.7,135.2
Wheat,Karnataka,Zaid,38.64,157.13,517.7,153.2
Banana,Rajasthan,Whole Year,31.55,1393.57,1351.0,188.1
Banana,Rajasthan,Zaid,26.28,839.16,1293.3,170.1
Banana,Goa,Kharif,39.89,1128.49,1222.2,163.3
Potato,Rajasthan,Kharif,16.76,220.78,482.7,110.6
Rice,Haryana,Rabi,44.29,131.55,801.1,103.8
Chickpea,Maharashtra,Zaid,7.39,14.24,506.3,32.2
Grapes,Karnataka,Zaid,27.77,401.16,614.7,146.5
Grapes,Gujarat,Rabi,18.16,279.8,528.1,119.1
Wheat,Maharashtra,Whole Year,1.03,3.54,487.9,86.0
Wheat,Punjab,Kharif,7.71,29.84,286.2,145.0
Rice,Goa,Kharif,11.11,29.95,714.3,128.6
Rice,Haryana,Zaid,4.22,15.45,1077.1,117.7
Cotton,Punjab,Whole Year,2.74,4.47,638.1,104.0
Banana,Karnataka,Zaid,20.71,593.71,1015.6,202.1
Chickpea,Madhya Pradesh,Rabi,20.97,36.61,478.4,73.3
Maize,Haryana,Zaid,40.47,174.18,793.1,92.5
Banana,Rajasthan,Whole Year,20.11,798.03,907.8,169.6
Chickpea,Rajasthan,Kharif,46.76,100.19,529.2,20.0
Grapes,Gujarat,Rabi,38.51,442.75,559.9,143.7
Apple,Maharashtra,Zaid,0.59,8.23,956.5,64.0
Maize,Haryana,Kharif,45.74,203.6,616.6,100.1
Potato,Gujarat,Kharif,21.13,374.42,641.2,132.9
Tomato,Rajasthan,Zaid,5.15,140.88,747.7,149.8
Apple,Haryana,Zaid,35.48,400.88,1063.9,115.1
Apple,Maharashtra,Whole Year,36.61,377.21,995.9,127.4
Wheat,Goa,Whole Year,46.99,145.11,423.0,143.5
Tomato,Tamil Nadu,Zaid,21.01,486.91,830.9,163.2
Chickpea,Tamil Nadu,Kharif,11.75,28.55,400.4,47.3
Maize,Karnataka,Kharif,38.15,157.41,830.9,80.4
Tomato,Rajasthan,Kharif,36.78,603.69,742.7,138.6
Cotton,Maharashtra,Kharif,4.82,7.8,793.0,75.1
Cotton,Gujarat,Kharif,18.21,30.62,655.4,102.7
Chickpea,Rajasthan,Whole Year,47.79,64.28,776.4,23.0
Rice,Haryana,Kharif,7.26,23.77,887.3,130.9
Grapes,Punjab,Kharif,15.41,220.3,733.2,155.1
Apple,Haryana,Rabi,23.42,293.14,993.3,66.1
Tomato,Madhya Pradesh,Zaid,25.04,517.17,816.3,152.9
Maize,Madhya Pradesh,Rabi,28.14,122.52,700.6,89.3
Cotton,Rajasthan,Rabi,1.08,2.2,876.4,97.7
Potato,Tamil Nadu,Zaid,13.1,246.59,548.6,189.5
Apple,Uttar Pradesh,Whole Year,16.95,204.44,870.9,67.0
Wheat,Punjab,Whole Year,31.4,149.03,734.3,149.1
Banana,Karnataka,Zaid,17.5,547.86,1133.1,206.9
Apple,Punjab,Whole Year,25.39,283.31,1042.7,124.3
Tomato,Rajasthan,Whole Year,2.89,57.12,847.6,178.1
Banana,Haryana,Whole Year,20.21,435.29,1042.6,213.5
Tomato,Madhya Pradesh,Rabi,2.27,49.26,788.7,156.0
Grapes,Rajasthan,Whole Year,14.67,260.21,706.8,211.7
Apple,Tamil Nadu,Kharif,10.82,148.14,833.8,110.7
Maize,Karnataka,Rabi,37.27,146.92,747.3,119.0
Grapes,Uttar Pradesh,Kharif,12.75,180.09,574.8,100.9
Potato,Haryana,Rabi,19.51,335.76,643.8,138.9
Wheat,Haryana,Zaid,22.0,88.58,353.5,140.8
Rice,Maharashtra,Rabi,8.72,26.67,769.3,104.0
Banana,Maharashtra,Whole Year,19.75,711.34,981.2,238.4
Chickpea,Karnataka,Whole Year,49.29,94.88,795.0,69.9
Potato,Karnataka,Zaid,9.45,184.89,425.0,134.2
Chickpea,Haryana,Rabi,5.54,6.61,394.4,28.3
Maize,Maharashtra,Kharif,18.08,92.88,873.7,132.1
Rice,Tamil Nadu,Rabi,2.48,6.04,1091.1,79.9
Apple,Rajasthan,Kharif,17.75,225.52,930.8,101.5
Rice,Madhya Pradesh,Zaid,40.56,103.93,998.8,133.4
Cotton,Karnataka,Zaid,37.78,74.45,814.6,103.4
Grapes,Goa,Kharif,26.99,475.94,881.0,100.8
Maize,Uttar Pradesh,Zaid,28.14,74.13,598.6,127.6
Banana,Haryana,Rabi,34.85,1217.92,1255.0,219.1
Banana,Madhya Pradesh,Rabi,39.33,1542.8,1327.2,228.1
Cotton,Tamil Nadu,Whole Year,34.33,83.54,807.6,90.9
Cotton,Rajasthan,Kharif,45.18,83.32,863.9,68.6
Rice,Rajasthan,Whole Year,0.81,2.8,1079.8,153.4
Grapes,Punjab,Rabi,31.06,554.97,521.9,142.0
Rice,Uttar Pradesh,Rabi,26.48,124.75,1104.4,160.6
Rice,Rajasthan,Whole Year,8.62,36.98,1114.5,123.8
Grapes,Madhya Pradesh,Rabi,14.89,255.3,660.7,139.9
Maize,Rajasthan,Whole Year,20.33,57.24,586.7,126.2
Apple,Uttar Pradesh,Zaid,25.34,227.51,585.5,95.6
Grapes,Madhya Pradesh,Zaid,15.58,246.24,564.7,118.1
Cotton,Uttar Pradesh,Whole Year,43.43,111.75,876.3,115.9
Grapes,Maharashtra,Kharif,26.96,372.85,275.5,156.4
Apple,Rajasthan,Whole Year,21.53,159.96,976.4,55.1
Grapes,Punjab,Rabi,20.52,261.01,732.2,135.5
Tomato,Haryana,Whole Year,17.71,439.46,826.0,184.0
Grapes,Goa,Kharif,40.71,636.06,596.1,157.5
Chickpea,Madhya Pradesh,Whole Year,24.52,39.69,448.1,50.3
Tomato,Goa,Rabi,20.7,393.4,699.5,128.9
Maize,Tamil Nadu,Rabi,37.67,130.64,827.8,91.6
Grapes,Uttar Pradesh,Whole Year,16.13,285.57,825.0,135.7
Banana,Karnataka,Rabi,48.58,1958.51,1111.4,230.4
Rice,Punjab,Whole Year,43.45,137.95,958.6,93.4
Chickpea,Rajasthan,Kharif,48.98,77.66,395.7,35.6
Maize,Gujarat,Zaid,32.67,132.0,828.5,85.4
Potato,Punjab,Whole Year,42.5,784.58,624.6,155.0
Apple,Goa,Rabi,17.92,258.83,854.2,102.3
Wheat,Tamil Nadu,Rabi,32.15,124.97,502.8,149.0
Maize,Karnataka,Kharif,24.31,126.38,762.6,107.0
Wheat,Gujarat,Whole Year,44.54,201.34,599.0,95.7
Banana,Tamil Nadu,Zaid,5.91,156.74,1172.8,162.8
Banana,Maharashtra,Zaid,30.32,1046.28,1146.2,210.8
Banana,Goa,Whole Year,43.0,1574.46,1308.0,189.7
Wheat,Karnataka,Whole Year,22.04,97.39,524.1,135.8
Potato,Haryana,Kharif,7.89,124.74,855.1,143.5
Banana,Gujarat,Whole Year,22.91,417.34,928.7,156.9
Wheat,Karnataka,Kharif,37.82,187.52,582.7,146.8
Rice,Maharashtra,Whole Year,37.05,128.28,1111.8,93.6
Cotton,Haryana,Kharif,9.97,20.25,893.8,94.2
Cotton,Madhya Pradesh,Kharif,15.64,38.18,999.8,154.7
Maize,Maharashtra,Whole Year,22.09,89.88,686.8,82.7
Maize,Gujarat,Zaid,40.82,178.89,524.7,136.6
Cotton,Tamil Nadu,Whole Year,4.9,9.99,865.5,51.8
Maize,Goa,Kharif,32.66,169.11,468.1,158.4
Apple,Uttar Pradesh,Zaid,48.75,353.05,700.9,57.4
Rice,Madhya Pradesh,Rabi,42.92,113.79,823.9,126.3
Maize,Madhya Pradesh,Rabi,15.49,67.43,767.8,115.1
Potato,Gujarat,Zaid,48.88,964.27,874.3,145.9
Grapes,Tamil Nadu,Whole Year,1.55,20.51,671.4,160.1
Banana,Uttar Pradesh,Kharif,8.05,277.31,1101.6,213.7
Grapes,Goa,Kharif,45.4,467.45,358.8,147.6
Apple,Rajasthan,Kharif,9.62,106.56,800.4,122.7
Apple,Rajasthan,Kharif,14.08,178.03,842.1,104.2
Tomato,Tamil Nadu,Zaid,41.18,816.33,779.8,158.7
Apple,Rajasthan,Whole Year,0.75,8.77,1065.8,104.8
Tomato,Madhya Pradesh,Rabi,39.86,1011.67,742.3,182.9
Maize,Karnataka,Kharif,34.2,151.88,695.0,113.2
Cotton,Haryana,Kharif,12.04,30.28,835.4,120.3
Rice,Gujarat,Zaid,32.27,129.7,1235.6,110.8
Potato,Punjab,Kharif,31.23,643.63,581.6,151.9
Chickpea,Maharashtra,Whole Year,7.16,11.67,200.0,34.8
Chickpea,Madhya Pradesh,Zaid,39.95,80.19,688.7,79.8
Cotton,Gujarat,Kharif,38.82,84.2,877.9,91.1
Cotton,Punjab,Rabi,26.61,68.71,787.2,102.9
Chickpea,Uttar Pradesh,Rabi,32.09,60.18,571.5,68.1
Rice,Maharashtra,Zaid,18.45,74.59,1072.6,168.1
Wheat,Goa,Whole Year,19.98,77.9,485.4,111.0
Chickpea,Tamil Nadu,Kharif,40.37,67.04,406.2,30.3
Tomato,Tamil Nadu,Whole Year,44.88,891.77,485.6,161.4
Grapes,Goa,Whole Year,14.47,246.47,646.9,130.6
Wheat,Tamil Nadu,Whole Year,47.9,181.63,601.8,181.3
Maize,Uttar Pradesh,Zaid,43.51,197.75,789.4,101.4
Chickpea,Goa,Whole Year,49.62,88.47,435.4,74.7
Apple,Tamil Nadu,Zaid,15.31,172.28,908.8,143.8
Potato,Madhya Pradesh,Zaid,12.32,106.94,375.6,186.9
Maize,Tamil Nadu,Kharif,38.73,185.68,836.6,129.2
Cotton,Haryana,Rabi,33.51,65.64,791.2,57.4
Potato,Maharashtra,Zaid,48.91,774.51,811.8,136.6
Tomato,Goa,Zaid,25.42,630.12,929.1,167.9
Rice,Maharashtra,Rabi,48.65,196.12,1084.6,151.0
Rice,Gujarat,Kharif,18.68,64.61,1092.0,129.2
Maize,Maharashtra,Zaid,6.23,30.15,843.1,77.5
Banana,Maharashtra,Whole Year,36.74,969.89,1117.7,206.3
Maize,Goa,Zaid,14.6,44.16,497.7,112.1
Wheat,Gujarat,Kharif,17.09,69.48,385.4,129.5
Banana,Punjab,Kharif,40.82,1012.9,1109.0,196.0
Wheat,Karnataka,Kharif,32.35,95.35,377.6,108.7
Banana,Tamil Nadu,Rabi,42.06,1335.8,1027.9,191.8
Chickpea,Gujarat,Whole Year,16.74,31.3,326.1,56.0
Grapes,Gujarat,Kharif,49.8,646.14,483.2,106.0
Potato,Gujarat,Whole Year,40.44,957.42,730.1,167.2
Rice,Tamil Nadu,Rabi,38.95,111.86,980.9,110.6
Wheat,Karnataka,Kharif,34.27,113.96,534.3,98.7
Potato,Punjab,Rabi,3.34,64.25,380.6,180.8
Grapes,Tamil Nadu,Whole Year,16.5,245.95,526.9,114.9
Wheat,Maharashtra,Zaid,45.76,150.3,422.6,113.1
Potato,Tamil Nadu,Rabi,34.9,671.64,507.4,194.6
Tomato,Madhya Pradesh,Rabi,3.43,68.5,783.2,155.0
Cotton,Maharashtra,Kharif,7.38,14.26,859.1,85.0
Wheat,Punjab,Rabi,27.69,132.77,677.8,157.2
Rice,Gujarat,Zaid,37.07,120.98,551.4,121.7
Cotton,Madhya Pradesh,Whole Year,10.6,15.97,763.1,80.2
Apple,Tamil Nadu,Kharif,22.58,264.77,682.7,112.3
Tomato,Haryana,Rabi,5.4,143.33,679.6,182.6
Tomato,Maharashtra,Whole Year,41.5,724.84,840.1,141.3
Grapes,Maharashtra,Kharif,34.82,606.53,781.4,165.8
Banana,Rajasthan,Kharif,31.15,936.21,989.7,190.2
Banana,Haryana,Rabi,6.08,176.3,1219.5,227.8
Banana,Madhya Pradesh,Rabi,18.18,683.0,1388.0,171.9
Maize,Punjab,Zaid,27.52,88.42,435.1,79.1
Banana,Goa,Zaid,22.01,976.9,1176.6,153.7
Tomato,Punjab,Kharif,42.86,1045.34,722.1,120.1
Potato,Karnataka,Kharif,25.03,454.49,577.7,168.7
Tomato,Goa,Zaid,16.7,355.16,709.9,131.1
Rice,Punjab,Whole Year,11.89,41.57,907.0,147.6
Cotton,Uttar Pradesh,Kharif,16.91,40.19,833.8,66.3
Potato,Goa,Rabi,22.05,397.21,424.5,165.7
Banana,Gujarat,Kharif,22.46,776.28,1351.7,183.1
Banana,Rajasthan,Rabi,44.55,1532.54,1167.0,162.0
Potato,Goa,Kharif,7.42,120.39,523.2,156.1
Wheat,Rajasthan,Zaid,31.26,100.59,440.8,105.3
Banana,Karnataka,Zaid,41.63,1495.49,1064.8,224.3
Banana,Goa,Zaid,37.74,1596.67,1341.9,201.4
Cotton,Karnataka,Rabi,27.12,53.3,852.9,107.4
Rice,Gujarat,Kharif,31.64,113.1,873.1,93.3
Grapes,Punjab,Zaid,10.8,193.28,780.3,141.8
Chickpea,Madhya Pradesh,Rabi,10.23,17.74,454.8,31.9
Rice,Goa,Zaid,6.76,26.91,919.8,111.8
Potato,Tamil Nadu,Kharif,40.67,646.25,602.0,151.3
Potato,Maharashtra,Kharif,8.01,152.37,449.2,166.9
Banana,Goa,Rabi,13.86,510.95,1138.1,212.1
Apple,Goa,Zaid,13.87,168.0,894.1,104.6
Grapes,Karnataka,Zaid,40.42,617.14,669.5,141.5
Rice,Punjab,Zaid,37.64,128.8,977.2,92.4
Wheat,Uttar Pradesh,Zaid,3.14,14.33,643.1,132.4
Cotton,Madhya Pradesh,Rabi,45.41,90.13,775.0,68.2
Chickpea,Uttar Pradesh,Kharif,46.32,91.0,449.6,49.9
Cotton,Karnataka,Kharif,0.77,1.86,984.6,94.4
Cotton,Punjab,Kharif,36.32,82.14,729.9,69.2
Tomato,Goa,Whole Year,30.23,572.11,548.1,119.6
Banana,Punjab,Kharif,25.06,941.89,1396.1,223.8
Grapes,Goa,Kharif,16.24,201.34,660.8,166.5
Chickpea,Rajasthan,Zaid,47.46,94.78,357.2,49.8
Tomato,Uttar Pradesh,Whole Year,27.35,431.02,558.3,159.4
Wheat,Maharashtra,Kharif,38.85,129.18,200.0,129.5
Potato,Tamil Nadu,Rabi,27.46,550.19,441.4,155.8
Apple,Gujarat,Rabi,49.92,580.56,747.5,129.8
Chickpea,Madhya Pradesh,Zaid,46.94,71.02,449.8,74.9
Chickpea,Madhya Pradesh,Zaid,34.44,69.47,322.1,46.4
Wheat,Gujarat,Whole Year,27.36,113.53,452.9,145.1
Maize,Tamil Nadu,Whole Year,23.34,111.13,586.9,77.3
Chickpea,Goa,Zaid,21.04,40.87,589.5,51.3
Maize,Punjab,Zaid,14.43,57.43,400.2,142.9
Chickpea,Karnataka,Whole Year,11.74,27.98,593.4,91.1
Grapes,Tamil Nadu,Rabi,16.46,202.79,569.4,139.8
Grapes,Gujarat,Whole Year,40.74,646.86,771.1,112.6
Potato,Maharashtra,Whole Year,11.57,216.76,676.2,148.3
Tomato,Gujarat,Zaid,7.59,155.49,892.9,184.1
Tomato,Goa,Whole Year,47.81,1008.13,499.7,166.8
Potato,Punjab,Whole Year,44.76,732.04,402.9,165.1
Wheat,Haryana,Zaid,28.11,108.97,535.1,130.2
Rice,Gujarat,Kharif,22.7,54.91,991.9,90.7
Maize,Karnataka,Rabi,42.98,171.2,633.8,104.2
Potato,Haryana,Kharif,45.14,689.98,373.8,136.0
Rice,Karnataka,Kharif,28.84,148.31,1189.2,143.3
Potato,Uttar Pradesh,Rabi,18.87,329.3,420.5,192.3
Cotton,Tamil Nadu,Kharif,32.12,71.04,787.2,89.4
Maize,Tamil Nadu,Zaid,30.85,124.99,537.7,170.2
Apple,Punjab,Kharif,1.59,21.25,807.6,141.1
Grapes,Maharashtra,Zaid,31.92,527.86,723.0,165.9
Apple,Madhya Pradesh,Kharif,42.54,475.94,766.0,123.5
Potato,Haryana,Zaid,17.0,350.73,289.6,163.4
Chickpea,Maharashtra,Whole Year,15.77,22.07,473.0,57.6
Wheat,Haryana,Whole Year,37.59,156.19,440.2,97.8
Grapes,Punjab,Whole Year,23.35,307.41,768.3,88.1
Grapes,Gujarat,Rabi,30.9,482.32,688.0,134.4
Rice,Rajasthan,Rabi,12.74,28.74,1093.7,102.2
Apple,Uttar Pradesh,Kharif,42.34,473.83,923.1,88.7
Banana,Karnataka,Rabi,7.85,207.56,1313.7,154.3
Grapes,Maharashtra,Zaid,26.66,402.49,673.0,138.3
Maize,Maharashtra,Zaid,23.87,112.3,692.0,139.2
Maize,Goa,Kharif,5.29,27.41,791.9,108.6
Wheat,Karnataka,Zaid,26.15,131.83,617.3,133.4
Grapes,Rajasthan,Kharif,47.75,863.74,592.2,173.9
Rice,Haryana,Whole Year,30.44,122.31,1167.6,126.2
Apple,Madhya Pradesh,Rabi,23.09,296.92,965.1,106.9
Apple,Uttar Pradesh,Zaid,9.77,113.71,876.2,107.4
Apple,Karnataka,Rabi,36.2,444.69,971.6,144.1
Rice,Haryana,Zaid,25.1,81.11,1158.4,113.1
Tomato,Gujarat,Rabi,32.54,431.72,538.7,122.9
Rice,Haryana,Kharif,33.74,128.68,822.9,87.5
Apple,Tamil Nadu,Zaid,15.66,143.71,845.5,98.8
Potato,Maharashtra,Zaid,3.71,57.38,339.4,146.4
Maize,Goa,Zaid,12.69,58.71,799.6,161.6
Potato,Rajasthan,Whole Year,25.54,409.81,521.8,167.5
Wheat,Uttar Pradesh,Whole Year,41.35,162.21,328.7,172.6
Banana,Rajasthan,Kharif,23.91,896.16,1059.6,207.7
Rice,Goa,Kharif,42.05,162.24,1099.6,112.3
Chickpea,Karnataka,Whole Year,9.13,15.86,706.6,43.9
Cotton,Madhya Pradesh,Kharif,36.59,111.56,976.2,123.7
Wheat,Haryana,Kharif,40.33,207.27,381.7,134.4
Grapes,Rajasthan,Zaid,25.69,353.8,528.0,131.6
Chickpea,Karnataka,Whole Year,30.66,48.78,528.9,25.5
Maize,Goa,Kharif,39.74,187.39,845.2,102.8
Rice,Haryana,Rabi,25.85,91.41,1025.6,120.4
Rice,Punjab,Rabi,46.5,171.2,999.6,109.2
Chickpea,Uttar Pradesh,Rabi,41.23,65.83,513.0,46.8
Grapes,Uttar Pradesh,Whole Year,40.36,515.8,539.9,124.9
Maize,Tamil Nadu,Whole Year,49.16,193.16,808.9,142.2
Potato,Maharashtra,Zaid,19.02,308.76,541.4,160.9
Wheat,Rajasthan,Whole Year,31.34,95.9,645.8,92.9
Potato,Haryana,Kharif,14.89,287.1,458.1,148.7
Cotton,Tamil Nadu,Whole Year,0.87,1.84,779.8,81.6
Potato,Tamil Nadu,Rabi,0.7,12.72,602.0,157.6
Maize,Goa,Zaid,6.94,21.43,463.8,97.0
Potato,Uttar Pradesh,Whole Year,44.03,731.22,554.1,168.0
Chickpea,Haryana,Zaid,32.27,44.12,200.0,20.0
Wheat,Haryana,Whole Year,49.37,213.16,416.4,152.2
Cotton,Uttar Pradesh,Rabi,14.26,29.67,895.8,74.9
Maize,Punjab,Whole Year,24.92,125.74,659.7,79.2
Banana,Goa,Zaid,38.09,1454.12,1273.0,244.7
Grapes,Goa,Rabi,4.03,61.87,697.5,147.6
Cotton,Uttar Pradesh,Whole Year,34.5,74.68,831.2,101.0
Banana,Haryana,Zaid,48.62,1768.79,1131.0,170.1
Tomato,Madhya Pradesh,Rabi,1.83,39.03,795.0,159.2
Potato,Haryana,Rabi,19.62,276.49,564.2,123.5
Cotton,Tamil Nadu,Zaid,37.84,77.99,980.8,62.8
Wheat,Karnataka,Rabi,44.52,206.23,742.7,111.5
Cotton,Uttar Pradesh,Whole Year,37.42,79.46,864.1,80.7
Maize,Haryana,Whole Year,28.23,111.23,771.2,92.7
Tomato,Punjab,Zaid,21.47,560.4,903.2,161.9
Tomato,Gujarat,Kharif,35.69,647.85,822.9,146.2
Cotton,Punjab,Zaid,18.55,44.33,822.3,101.3
Banana,Haryana,Zaid,21.78,719.45,1512.6,192.6
Wheat,Tamil Nadu,Whole Year,34.31,147.92,345.2,154.3
Cotton,Haryana,Whole Year,44.32,93.31,808.2,104.4
Tomato,Punjab,Zaid,28.94,819.74,790.1,163.5
Tomato,Tamil Nadu,Rabi,30.43,652.11,666.6,138.2
Potato,Haryana,Whole Year,49.77,1024.19,585.0,143.6
Potato,Madhya Pradesh,Zaid,33.21,341.17,510.3,79.5
Rice,Karnataka,Rabi,26.72,106.44,1360.7,90.1
Wheat,Uttar Pradesh,Zaid,33.09,153.24,487.9,153.8
Cotton,Madhya Pradesh,Kharif,24.82,45.61,955.7,45.8
Potato,Tamil Nadu,Rabi,44.34,832.92,675.8,136.7
Rice,Punjab,Kharif,37.97,127.29,795.5,122.1
Banana,Haryana,Whole Year,41.63,1779.45,1120.1,224.0
Maize,Gujarat,Kharif,38.19,190.39,701.0,88.2
Wheat,Rajasthan,Zaid,2.07,10.84,658.1,113.0
Cotton,Punjab,Whole Year,40.06,76.58,720.9,94.3
Tomato,Madhya Pradesh,Zaid,43.91,1294.51,941.5,192.6
Tomato,Uttar Pradesh,Rabi,12.12,276.71,905.7,159.2
Wheat,Tamil Nadu,Rabi,48.4,242.28,668.6,107.9
Rice,Punjab,Whole Year,42.59,135.38,844.1,94.5
Tomato,Punjab,Rabi,29.06,659.03,579.9,183.9
Grapes,Gujarat,Whole Year,29.42,389.34,755.1,125.2
Chickpea,Maharashtra,Kharif,39.31,63.04,426.3,69.3
Chickpea,Uttar Pradesh,Rabi,13.66,20.76,200.0,51.6
Wheat,Maharashtra,Kharif,9.75,21.5,234.2,138.4
Rice,Gujarat,Zaid,22.04,71.83,1199.1,61.5
Cotton,Gujarat,Whole Year,3.69,7.75,941.8,76.7
Banana,Punjab,Rabi,7.16,236.55,1203.9,206.7
Banana,Gujarat,Rabi,12.49,446.71,1316.0,207.4
Apple,Karnataka,Rabi,31.5,233.19,848.6,88.5
Cotton,Gujarat,Rabi,4.51,10.46,618.6,97.1
Tomato,Punjab,Zaid,37.26,905.95,765.8,157.7
Cotton,Maharashtra,Whole Year,10.2,22.67,855.4,66.8
Grapes,Uttar Pradesh,Rabi,13.56,211.2,510.8,135.4
Rice,Haryana,Rabi,20.46,63.0,1017.0,137.6
Potato,Rajasthan,Zaid,35.78,691.81,591.0,136.8
Rice,Maharashtra,Whole Year,41.01,119.85,915.4,80.4
Chickpea,Madhya Pradesh,Zaid,49.48,80.57,254.8,47.9
Maize,Rajasthan,Kharif,21.06,81.38,544.4,102.2
Banana,Haryana,Zaid,36.45,1100.32,1274.3,186.5
Rice,Madhya Pradesh,Kharif,16.48,50.65,878.7,122.2
Chickpea,Goa,Whole Year,20.23,35.06,485.2,57.4
Rice,Maharashtra,Whole Year,1.51,5.98,782.0,113.3
Cotton,Madhya Pradesh,Zaid,7.43,13.48,897.7,107.2
Cotton,Maharashtra,Whole Year,11.26,16.49,749.8,75.1
Banana,Haryana,Whole Year,41.22,2047.36,1418.1,222.2
Potato,Karnataka,Rabi,16.38,339.51,617.6,123.9
Tomato,Rajasthan,Whole Year,30.16,452.52,665.0,153.7
Tomato,Tamil Nadu,Whole Year,29.32,610.42,747.1,188.3
Maize,Goa,Rabi,26.43,116.15,723.0,117.1
Grapes,Haryana,Kharif,22.76,355.8,893.4,134.6
Banana,Maharashtra,Rabi,31.57,1280.7,1284.6,240.5
Maize,Maharashtra,Zaid,9.45,41.88,846.1,107.2
Rice,Madhya Pradesh,Kharif,42.32,144.17,855.2,96.7
Chickpea,Gujarat,Zaid,5.45,10.89,440.7,27.3
Potato,Goa,Kharif,6.13,131.77,491.7,157.6
Tomato,Rajasthan,Whole Year,30.33,489.15,902.7,173.7
Chickpea,Karnataka,Kharif,18.14,42.76,576.3,58.3
Apple,Uttar Pradesh,Zaid,43.41,639.55,1080.9,63.4
Chickpea,Karnataka,Whole Year,45.46,86.26,521.8,20.0
Rice,Haryana,Kharif,46.1,171.31,926.5,111.8
Rice,Uttar Pradesh,Rabi,5.2,19.68,967.4,104.6
Wheat,Punjab,Zaid,37.21,168.49,580.7,173.9
Chickpea,Rajasthan,Whole Year,28.29,55.77,298.4,37.1
Chickpea,Tamil Nadu,Kharif,20.49,36.69,622.6,46.2
Grapes,Uttar Pradesh,Zaid,21.96,321.18,713.1,123.8
Grapes,Maharashtra,Zaid,1.58,21.98,922.6,109.9
Wheat,Rajasthan,Rabi,41.23,147.66,626.3,153.2
Rice,Maharashtra,Zaid,34.75,98.08,954.8,94.9
Chickpea,Rajasthan,Whole Year,40.33,87.9,420.0,93.2
Wheat,Maharashtra,Rabi,35.23,147.05,539.6,142.8
Rice,Haryana,Whole Year,48.39,217.4,876.2,150.9
Banana,Karnataka,Whole Year,21.41,569.5,1317.2,167.8
Rice,Punjab,Whole Year,24.18,77.47,1014.0,112.1
Rice,Madhya Pradesh,Rabi,37.19,101.59,792.0,115.5
Apple,Haryana,Whole Year,27.86,308.5,904.5,112.5
Rice,Rajasthan,Zaid,34.12,114.29,817.0,153.1
Chickpea,Madhya Pradesh,Zaid,22.37,40.66,542.3,37.4
Chickpea,Haryana,Kharif,31.02,58.59,200.0,47.3
Potato,Goa,Rabi,34.08,541.12,617.3,144.6
Potato,Rajasthan,Kharif,3.48,47.37,824.9,127.4
Grapes,Rajasthan,Zaid,4.44,73.92,872.1,113.6
Maize,Rajasthan,Whole Year,44.48,206.79,887.0,101.9
Tomato,Karnataka,Kharif,29.2,701.2,783.8,165.8
Cotton,Karnataka,Whole Year,41.69,100.41,1129.4,102.6
Chickpea,Goa,Zaid,44.03,73.58,264.5,45.9
Cotton,Gujarat,Whole Year,46.4,107.79,947.7,136.6
Banana,Tamil Nadu,Kharif,13.2,368.62,1005.5,200.8
Wheat,Karnataka,Kharif,47.81,158.43,425.8,133.7
Wheat,Madhya Pradesh,Rabi,23.22,72.96,487.7,142.2
Maize,Gujarat,Whole Year,8.62,22.89,614.5,58.1
Potato,Rajasthan,Whole Year,49.05,832.34,769.3,103.3
Chickpea,Karnataka,Kharif,16.22,23.58,421.7,43.4
Wheat,Haryana,Rabi,2.38,8.58,480.4,140.3
Cotton,Punjab,Whole Year,14.21,26.68,615.9,74.8
Rice,Uttar Pradesh,Zaid,48.7,166.5,935.2,114.0
Cotton,Karnataka,Whole Year,30.37,76.69,834.6,88.0
Chickpea,Gujarat,Kharif,38.72,65.89,593.2,64.8
Banana,Haryana,Kharif,32.79,1267.83,1298.0,187.3
Potato,Gujarat,Kharif,5.44,83.43,691.7,133.0
Wheat,Uttar Pradesh,Whole Year,35.73,116.5,496.1,142.0
Rice,Punjab,Kharif,12.62,48.89,1327.3,109.1
Maize,Goa,Rabi,40.14,196.01,483.4,167.5
Wheat,Punjab,Zaid,9.0,34.84,500.0,66.6
Rice,Haryana,Zaid,14.15,57.53,880.1,140.9
Chickpea,Maharashtra,Kharif,2.18,3.54,425.4,36.7
Banana,Maharashtra,Zaid,22.03,787.28,1435.5,171.6
Cotton,Uttar Pradesh,Kharif,22.39,47.1,956.7,117.2
Chickpea,Punjab,Kharif,26.18,43.7,525.5,80.4
Tomato,Karnataka,Rabi,46.27,1239.19,596.6,171.2
Cotton,Haryana,Rabi,14.98,40.44,789.3,110.3
Wheat,Madhya Pradesh,Zaid,42.14,143.18,387.6,90.5
Chickpea,Gujarat,Kharif,34.73,50.48,289.4,105.9
Tomato,Haryana,Whole Year,41.9,810.67,885.9,123.9
Potato,Rajasthan,Kharif,4.25,76.7,714.4,146.0
Grapes,Tamil Nadu,Zaid,15.29,222.4,730.3,145.1
Rice,Punjab,Rabi,37.58,148.99,1036.3,115.8
Rice,Maharashtra,Rabi,22.52,73.02,546.9,100.2
Maize,Haryana,Zaid,10.32,47.49,730.0,133.2
Tomato,Karnataka,Zaid,41.53,1025.38,825.0,145.9
Chickpea,Gujarat,Rabi,49.75,78.84,823.7,51.4
Tomato,Uttar Pradesh,Whole Year,23.38,559.27,573.8,164.1
Potato,Punjab,Kharif,23.75,327.46,399.9,110.5
Grapes,Rajasthan,Rabi,34.05,458.96,560.7,146.6
Chickpea,Punjab,Whole Year,20.23,43.81,413.7,45.5
Wheat,Karnataka,Kharif,13.5,72.04,451.3,147.1
Apple,Karnataka,Zaid,15.44,188.89,754.7,112.3
Rice,Uttar Pradesh,Rabi,5.98,17.54,896.9,133.4
Grapes,Rajasthan,Kharif,3.28,59.54,596.0,142.2
Chickpea,Madhya Pradesh,Zaid,3.3,6.37,353.9,68.5
Rice,Gujarat,Rabi,30.09,89.23,790.9,151.7
Grapes,Punjab,Zaid,15.35,228.68,655.3,139.7
Cotton,Uttar Pradesh,Whole Year,28.47,64.35,751.1,82.2
Potato,Karnataka,Whole Year,18.96,478.04,527.9,178.3
Potato,Madhya Pradesh,Whole Year,23.31,524.98,799.4,199.0
Potato,Haryana,Zaid,3.89,67.39,556.5,200.2
Apple,Maharashtra,Kharif,44.19,502.15,749.6,86.9
Maize,Haryana,Zaid,46.35,198.98,730.1,117.5
Banana,Tamil Nadu,Zaid,17.18,708.17,1460.4,203.3
Cotton,Rajasthan,Rabi,11.58,20.7,828.6,113.1
Rice,Uttar Pradesh,Kharif,24.61,79.53,1312.4,74.7
Potato,Gujarat,Whole Year,25.91,495.67,636.8,134.6
Chickpea,Tamil Nadu,Rabi,7.83,18.87,716.2,66.9
Chickpea,Goa,Whole Year,27.04,46.01,595.3,29.7
Wheat,Tamil Nadu,Rabi,30.78,84.95,335.9,126.6
Cotton,Rajasthan,Kharif,23.35,56.23,656.6,89.2
Banana,Haryana,Zaid,38.37,1618.28,1246.3,193.0
Potato,Gujarat,Whole Year,6.63,109.83,491.3,112.9
Maize,Haryana,Kharif,18.89,94.83,865.5,117.8
Grapes,Gujarat,Whole Year,39.9,639.26,695.5,142.4
Banana,Uttar Pradesh,Kharif,38.78,1298.69,1176.5,163.3
Potato,Madhya Pradesh,Zaid,47.22,672.38,461.3,161.5
Chickpea,Karnataka,Kharif,30.61,52.55,745.1,44.1
Potato,Maharashtra,Rabi,21.33,436.44,837.7,179.3
Maize,Haryana,Zaid,9.22,39.43,776.9,93.0
Chickpea,Punjab,Rabi,28.48,51.03,351.2,28.5
Rice,Madhya Pradesh,Kharif,19.24,68.8,951.6,143.3
Apple,Haryana,Rabi,41.93,493.46,874.1,116.7
Wheat,Goa,Whole Year,34.52,183.34,384.1,111.1
Chickpea,Punjab,Whole Year,48.64,114.19,654.8,45.1
Banana,Tamil Nadu,Whole Year,12.57,449.96,1255.3,195.4
Banana,Rajasthan,Zaid,26.74,801.96,967.2,159.7
Maize,Goa,Whole Year,21.88,94.51,983.7,99.4
Tomato,Goa,Whole Year,26.29,788.32,678.5,208.8
Tomato,Rajasthan,Whole Year,34.05,729.61,834.5,172.7
Cotton,Karnataka,Rabi,19.74,47.04,1053.9,104.4
Tomato,Haryana,Whole Year,4.42,118.14,713.0,151.5
Maize,Madhya Pradesh,Rabi,9.66,46.86,917.2,131.4
Wheat,Gujarat,Rabi,36.75,173.7,563.6,131.0
Grapes,Haryana,Whole Year,14.71,243.61,855.3,133.8
Tomato,Maharashtra,Rabi,36.28,581.46,882.5,99.8
Cotton,Punjab,Rabi,42.81,106.71,935.2,111.5
Wheat,Karnataka,Kharif,18.39,73.73,664.8,143.6
Maize,Karnataka,Whole Year,7.34,41.8,874.5,129.8
Tomato,Tamil Nadu,Whole Year,49.78,896.9,811.3,132.4
Rice,Goa,Zaid,33.5,114.62,1053.9,94.9
Apple,Maharashtra,Zaid,44.25,542.43,848.1,128.6
Banana,Tamil Nadu,Zaid,43.59,1317.17,1070.7,205.3
Tomato,Tamil Nadu,Rabi,18.61,494.78,667.7,187.9
Apple,Karnataka,Whole Year,9.53,118.97,667.9,115.2
Apple,Gujarat,Rabi,26.1,320.7,963.4,113.1
Maize,Tamil Nadu,Rabi,12.63,52.96,901.9,86.5
Rice,Punjab,Kharif,46.42,140.53,1068.6,97.9
Wheat,Gujarat,Kharif,36.31,121.41,443.7,106.3
Banana,Maharashtra,Kharif,24.33,829.09,1321.0,177.2
Tomato,Gujarat,Kharif,5.21,87.68,621.8,191.3
Potato,Punjab,Zaid,46.02,969.65,878.4,153.7
Banana,Uttar Pradesh,Rabi,48.44,2053.25,1249.8,280.4
